Cycle day,Start (elapsed),Series,Title,Video URL,Duration seconds,Source playlist URL,Publisher
"1","0:00:00","Surabhi","Surabhi — Surabhi | सुरभि  : Ep - 01","https://www.youtube.com/watch?v=-ujnfN5_A7U","1471","https://www.youtube.com/playlist?list=PLUiMfS6qzIMzE8lgWFaQ3qvVFCCONXALQ","Doordarshan National"
"1","0:24:31","Vikram Aur Betaal","Vikram Aur Betaal — रामानंद सागर कृत विक्रम और बेताल भाग 1 - राजा विक्रमादित्य चला बेताल को साधु के पास लाने","https://www.youtube.com/watch?v=EKFdSCCJhL0","1383","https://www.youtube.com/playlist?list=PL-eaGjSO6F70C3-LkA3kEqAIHkdDLhI6Q","Tilak Kathayein"
"1","0:47:34","Shri Krishna","Shri Krishna — Sri Krishna EP 1 - कलयुग का राजा परिक्षित के राज्य में आगमन | HQ WIDE SCREEN | English Subtitles","https://www.youtube.com/watch?v=oOgw-okvBMA","2712","https://www.youtube.com/playlist?list=PLFPJRCFRDARR9IkjkVi6O9ue5DjKiKtkI","Tilak"
"1","1:32:46","Malgudi Days","Malgudi Days — Malgudi Days | episode 1 | मालगुडी डेज - Swami And Friends |","https://www.youtube.com/watch?v=WJSa_3F5oE8","1268","","Music & Video Company"
"1","1:53:54","Dekh Bhai Dekh","Dekh Bhai Dekh — Dekh Bhai Dekh (Episode 01)","https://www.youtube.com/watch?v=GqzHHyg-OAo","1691","","Midnight Sparrow"
"1","2:22:05","Flop Show","Flop Show — Jaspal Bhatti's Flop Show | Government Employees |  Ep #01","https://www.youtube.com/watch?v=GCJNdeoRd1w","1410","https://www.youtube.com/playlist?list=PLUiMfS6qzIMyisp9Ks0FxE9Ba4EpLQm0Z","Doordarshan National"
"1","2:45:35","Wagle Ki Duniya","Wagle Ki Duniya — Wagle Ki Duniya - Episode 01 - House Cleaning | DD EXCLUSIVE","https://www.youtube.com/watch?v=Sn-epjpzqt8","1441","https://www.youtube.com/playlist?list=PL5TZ-0sMyEgVQcbG4E10bBeGcQEQ3WR-S","90's Ki Yaadein"
"1","3:09:36","Byomkesh Bakshi","Byomkesh Bakshi — Byomkesh Bakshi: Ep#1- Satyanveshi","https://www.youtube.com/watch?v=dpdo8t2F8cQ","2513","https://www.youtube.com/playlist?list=PLUiMfS6qzIMxiHu2N2Px1ISp5vxCm3PMo","Doordarshan National"
"1","3:51:29","Fauji","Fauji — Fauji Episode 1 | Shah Rukh Khan's Television Debut (1989) | SRK's First-Ever TV Serial Appearance","https://www.youtube.com/watch?v=eg2DWR-D5d0","1424","https://www.youtube.com/playlist?list=PLYqSow41YJ2I","Goldmines Bollywood"
"1","4:15:13","Circus","Circus — Shahrukh Khan starrer Circus -  Ep #01","https://www.youtube.com/watch?v=canKfivbMcg","1493","https://www.youtube.com/playlist?list=PLUiMfS6qzIMzAqteEcp055VDYpgZDbeyT","Doordarshan National"
"1","4:40:06","Bharat Ek Khoj","Bharat Ek Khoj — Bharat Ek Khoj | Episode-1 | Bharat Mata Ki Jai","https://www.youtube.com/watch?v=ymoKnBGSFGM","2196","https://www.youtube.com/playlist?list=PLqtVCj5iilH4w0Y8KBB4fqBu25T0sGhXG","Prasar Bharati Archives"
"1","5:16:42","Chanakya","Chanakya — चाणक्य Official | Episode 1 | Directed & Acted by Dr. Chandraprakash Dwivedi","https://www.youtube.com/watch?v=qW4LZh2O4r8","2594","https://www.youtube.com/playlist?list=PLY-qGtGftCjm1_tDxT2TsDAXXC2p-iutt","Chanakya_theofficial"
"1","5:59:56","Hum Log","Hum Log — Hum Log | Episode 1 | India's First Hindi TV Serial | Ashok Kumar, Seema Bhargava, Vinod & Jayshri","https://www.youtube.com/watch?v=Sxn-lSJiW7o","1366","https://www.youtube.com/playlist?list=PLaNSOkABhCUE","Goldmines Movies"
"1","6:22:42","Nukkad","Nukkad — Nukkad   Episode # 1   Happy Diwali   Comedy Week Exclusive","https://www.youtube.com/watch?v=4mNKjsFOSAI","1399","https://www.youtube.com/playlist?list=PLDXzvDkBVqqSGYLZPlZQfl_Vn-JmuiTDN","movie clips"
"1","6:46:01","Udaan","Udaan — Udaan DD national Serial Episode 2 उड़ान दूरदर्शन सीरियल","https://www.youtube.com/watch?v=rUiV-PDBHCc","1719","https://www.youtube.com/playlist?list=PLFSBneXK-Uv8l6Fs99d5HyhaMlW8q8tWk","Doordarshan Serial"
"1","7:14:40","Alif Laila","Alif Laila — सुल्तान ए हिन्द रोज नै शादी करके अपनी पत्नी का क़तल करा देता था #अलिफ़ लैला Episode-1 #Alif Laila","https://www.youtube.com/watch?v=P__V4ICQoow","1305","https://www.youtube.com/playlist?list=PLqmdsOwstpJfOtjWGMFTGMruqQV7C5XoL","Sagar Pictures"
"1","7:36:25","Chandrakanta","Chandrakanta — CHANDRAKANTA EPISODE 1 HD 1080P LONE WARRIOR","https://www.youtube.com/watch?v=Prm9-Tclkh0","1414","https://www.youtube.com/playlist?list=PLKfQh0u-9j2YaM54LNfASdQYllxsoU05a","lone warrior"
"1","7:59:59","Om Namah Shivay","Om Namah Shivay — Om Namah Shivay TV Serial | Episode 24 | आखिर भगवान शिव को कैलाश क्यों त्यागना पड़ा","https://www.youtube.com/watch?v=tHPiSAygBfY","1343","https://www.youtube.com/playlist?list=PL5A5QJkW7MkuEgaSMSlkmc51V_jBHv6fO","Saregama Bhakti"
"1","8:22:22","Swabhimaan","Swabhimaan — Swabhimaan | Episode 01 | Ashutosh Rana, Manoj Bajpayee | Classic Indian TV Serials","https://www.youtube.com/watch?v=uvCsm9IRVT8","14433","https://www.youtube.com/playlist?list=PLZeNWB9l7494","Classic Indian TV Serials"
"1","12:22:55","Junoon","Junoon — राजा ने बचाई चांदनी, महल में आई मुसीबत | Junoon Ep 01 | | Neena Gupta | Archana Puran Singh","https://www.youtube.com/watch?v=fvgIOCdf9YU","922","https://www.youtube.com/playlist?list=PLrkDcuaB2OX_ZuAo48tg5pEa2BjdoM8Y2","Cinevista Entertainment"
"1","12:38:17","The Great Maratha","The Great Maratha — The Great Maratha | Full Episode 01 | Prince Singh,  Arun Mathur | Dangal TV Gathaa","https://www.youtube.com/watch?v=ufvW82mfrAw","2952","https://www.youtube.com/playlist?list=PLL8R100698nc9lYCs25j4FrcGDyqdtq_B","Dangal TV Replay"
"1","13:27:29","The Sword of Tipu Sultan","The Sword of Tipu Sultan — Tipu Sultan | Full Episode 01 | Sanjay Khan, Dipika Chikhlia, Swapnil Joshi | Dangal TV Gathaa","https://www.youtube.com/watch?v=sUhlaX4xGd0","2508","https://www.youtube.com/playlist?list=PLL8R100698ndzARBsLB6Z8jYs_52cDJJ7","Dangal TV Replay"
"1","14:09:17","Tehkikaat","Tehkikaat — Tehkikaat तहकीकात | Jealousi Turns Blood - Crime Serial | Ranjeet, Saurabh Shukla, Vijay A. | EP 01","https://www.youtube.com/watch?v=-KL1lrJ4SZk","1443","https://www.youtube.com/playlist?list=PLImQCagB5etA0FMEJ7yrWIUBCzxgOBikn","Raj Rishi Serials"
"1","14:33:20","Vintage ads","Vintage ads — 1995: Safari Suitcase TV Ad","https://www.youtube.com/watch?v=Rr_EBO1SlqY","21","https://www.youtube.com/playlist?list=PLycor1XF7S9HVMnWxndl27HgZJM5S8wRT","Guruprasad Gp"
"1","14:33:41","Alice in Wonderland","Alice in Wonderland — Original Hindi opening theme (90-second interlude; not a full episode)","https://www.youtube.com/watch?v=r7Xqy2J6B90","90","","Ashish Godse"
"1","14:35:11","Potli Baba Ki","Potli Baba Ki — Hindi title song (interlude; not a full episode)","https://www.youtube.com/watch?v=ZjS77v9pQQE","132","","दूरदर्शन : Doordarshan Memories"
"1","14:37:23","Vintage ads","Vintage ads — Rajdoot","https://www.youtube.com/watch?v=nRCGsIOLMzE","60","https://www.youtube.com/playlist?list=PLycor1XF7S9HVMnWxndl27HgZJM5S8wRT","Guruprasad Gp"
"1","14:38:23","Shri Krishna","Shri Krishna — Sri Krishna EP 2 - श्री कृष्ण कथा का आरम्भ | कंस का अत्याचार | HQ WIDE SCREEN | English Subtitles","https://www.youtube.com/watch?v=PspXPHXMA6I","2717","https://www.youtube.com/playlist?list=PLFPJRCFRDARR9IkjkVi6O9ue5DjKiKtkI","Tilak"
"1","15:23:40","Shri Krishna","Shri Krishna — Sri Krishna EP 3 - कंस राजा उग्र्सैन को मारने की साज़िश करता है | HQ WIDE SCREEN | English Subtitles","https://www.youtube.com/watch?v=ufCDB2RSBsM","2671","https://www.youtube.com/playlist?list=PLFPJRCFRDARR9IkjkVi6O9ue5DjKiKtkI","Tilak"
"1","16:08:11","Chandrakanta","Chandrakanta — Chandrakanta HD 1994 Episode 2 LONE WARRIOR","https://www.youtube.com/watch?v=NLZhgt8k62g","1217","https://www.youtube.com/playlist?list=PLKfQh0u-9j2YaM54LNfASdQYllxsoU05a","lone warrior"
"1","16:28:28","Vintage ads","Vintage ads — 1996: Pepsi ""Nothing official about it"" campaign","https://www.youtube.com/watch?v=riwOAtmMhZY","188","https://www.youtube.com/playlist?list=PLycor1XF7S9HVMnWxndl27HgZJM5S8wRT","Guruprasad Gp"
"1","16:31:36","Alif Laila","Alif Laila — आदम जात और जिन्न का सामना हुआ तो क्या हुआ !! अलिफ़ लैला की कहानी Episode-2 #Alif Laila","https://www.youtube.com/watch?v=w4R6G7xtx10","1317","https://www.youtube.com/playlist?list=PLqmdsOwstpJfOtjWGMFTGMruqQV7C5XoL","Sagar Pictures"
"1","16:53:33","Shri Krishna","Shri Krishna — Sri Krishna EP 4 - कंस मगध राज्य पर क़ब्ज़ा कर लेता है | HQ WIDE SCREEN | English Subtitles","https://www.youtube.com/watch?v=VgyAmU8gjqU","2719","https://www.youtube.com/playlist?list=PLFPJRCFRDARR9IkjkVi6O9ue5DjKiKtkI","Tilak"
"1","17:38:52","Bharat Ek Khoj","Bharat Ek Khoj — Bharat Ek Khoj | Episode-2 | The Beginnings","https://www.youtube.com/watch?v=b2niOcGHzDg","2638","https://www.youtube.com/playlist?list=PLqtVCj5iilH4w0Y8KBB4fqBu25T0sGhXG","Prasar Bharati Archives"
"1","18:22:50","Swabhimaan","Swabhimaan — Swabhimaan | Episode 02 | Ashutosh Rana, Manoj Bajpayee | Classic Indian TV Serials","https://www.youtube.com/watch?v=QncoUJ33AtM","1398","https://www.youtube.com/playlist?list=PLZeNWB9l7494","Classic Indian TV Serials"
"1","18:46:08","Swabhimaan","Swabhimaan — Swabhimaan | Episode 03 | Ashutosh Rana, Manoj Bajpayee | Classic Indian TV Serials","https://www.youtube.com/watch?v=rdaM5BhDVg4","1440","https://www.youtube.com/playlist?list=PLZeNWB9l7494","Classic Indian TV Serials"
"1","19:10:08","Surabhi","Surabhi — Surabhi | सुरभि  : Ep - 02","https://www.youtube.com/watch?v=vi_tS_PO2VA","1466","https://www.youtube.com/playlist?list=PLUiMfS6qzIMzE8lgWFaQ3qvVFCCONXALQ","Doordarshan National"
"1","19:34:34","Chandrakanta","Chandrakanta — Chandrakanta 1994 Episode 3","https://www.youtube.com/watch?v=b_ou4m9fFL4","1217","https://www.youtube.com/playlist?list=PLKfQh0u-9j2YaM54LNfASdQYllxsoU05a","lone warrior"
"1","19:54:51","Hum Log","Hum Log — Hum Log | Episode 2 | India's First Hindi TV Serial | Ashok Kumar, Seema Bhargava, Vinod & Jayshri","https://www.youtube.com/watch?v=YeaHHQ_vRSU","1351","https://www.youtube.com/playlist?list=PLaNSOkABhCUE","Goldmines Movies"
"1","20:17:22","Shri Krishna","Shri Krishna — Sri Krishna EP 5 - देवकी के दूसरे पुत्र का जनम | HQ WIDE SCREEN | English Subtitles","https://www.youtube.com/watch?v=UXa03zHvkqQ","2709","https://www.youtube.com/playlist?list=PLFPJRCFRDARR9IkjkVi6O9ue5DjKiKtkI","Tilak"
"1","21:02:31","Swabhimaan","Swabhimaan — Swabhimaan | Episode 04 | Ashutosh Rana, Manoj Bajpayee | Classic Indian TV Serials","https://www.youtube.com/watch?v=pQ30evzxcFk","1405","https://www.youtube.com/playlist?list=PLZeNWB9l7494","Classic Indian TV Serials"
"1","21:25:56","Chanakya","Chanakya — चाणक्य Official | Episode 2 | Directed & Acted by Dr. Chandraprakash Dwivedi #chanakya #chanakyaniti","https://www.youtube.com/watch?v=-QFDB4xnp8Y","2538","https://www.youtube.com/playlist?list=PLY-qGtGftCjm1_tDxT2TsDAXXC2p-iutt","Chanakya_theofficial"
"1","22:08:14","The Sword of Tipu Sultan","The Sword of Tipu Sultan — Tipu Sultan | Full Episode 02 | Sanjay Khan, Dipika Chikhlia, Swapnil Joshi | Dangal TV Gathaa","https://www.youtube.com/watch?v=ruYMJferMSk","2263","https://www.youtube.com/playlist?list=PLL8R100698ndzARBsLB6Z8jYs_52cDJJ7","Dangal TV Replay"
"1","22:45:57","Swabhimaan","Swabhimaan — Swabhimaan | Episode 05 | Ashutosh Rana, Manoj Bajpayee | Classic Indian TV Serials","https://www.youtube.com/watch?v=wC0JXuTjP20","1385","https://www.youtube.com/playlist?list=PLZeNWB9l7494","Classic Indian TV Serials"
"1","23:09:02","Swabhimaan","Swabhimaan — Swabhimaan | Episode 06 | Ashutosh Rana, Manoj Bajpayee | Classic Indian TV Serials","https://www.youtube.com/watch?v=hxMocLmBECM","1405","https://www.youtube.com/playlist?list=PLZeNWB9l7494","Classic Indian TV Serials"
"1","23:32:27","Shri Krishna","Shri Krishna — Sri Krishna EP 6 - शेष नाग का देवकी के गर्भ में समाना | HQ WIDE SCREEN | English Subtitles","https://www.youtube.com/watch?v=VNUx0CHyiYA","2687","https://www.youtube.com/playlist?list=PLFPJRCFRDARR9IkjkVi6O9ue5DjKiKtkI","Tilak"
"2","24:17:14","Dekh Bhai Dekh","Dekh Bhai Dekh — Dekh Bhai Dekh episode 2 part 2","https://www.youtube.com/watch?v=fcdlqr-cXLo","466","https://www.youtube.com/playlist?list=UUYdB1nhxEAtjp-TLnv5utzg","LBEstudio"
"2","24:25:00","Dekh Bhai Dekh","Dekh Bhai Dekh — Dekh Bhai Dekh episode 2 part 3","https://www.youtube.com/watch?v=JG0MzL9S7to","439","https://www.youtube.com/playlist?list=UUYdB1nhxEAtjp-TLnv5utzg","LBEstudio"
"2","24:32:19","Tehkikaat","Tehkikaat — Tehkikaat तहकीकात | Jealousi Turns Blood - Crime Serial | Ranjeet, Saurabh Shukla,  Vijay A. | EP 02","https://www.youtube.com/watch?v=H9nHEDghbaw","1395","https://www.youtube.com/playlist?list=PLImQCagB5etA0FMEJ7yrWIUBCzxgOBikn","Raj Rishi Serials"
"2","24:55:34","Swabhimaan","Swabhimaan — Swabhimaan | Episode 07 | Ashutosh Rana, Manoj Bajpayee | Classic Indian TV Serials","https://www.youtube.com/watch?v=RSxw7Ub0APo","1399","https://www.youtube.com/playlist?list=PLZeNWB9l7494","Classic Indian TV Serials"
"2","25:18:53","Alif Laila","Alif Laila — जब सौदागर जिन्न से जान बचाकर घर लौटा तो क्या हुआ Episode-3 | #Alif Laila Purani Kahaniya","https://www.youtube.com/watch?v=TBtbTZU0ieg","1323","https://www.youtube.com/playlist?list=PLqmdsOwstpJfOtjWGMFTGMruqQV7C5XoL","Sagar Pictures"
"2","25:40:56","Swabhimaan","Swabhimaan — Swabhimaan | Episode 08 | Ashutosh Rana, Manoj Bajpayee | Classic Indian TV Serials","https://www.youtube.com/watch?v=6DF-pRu-duc","1405","https://www.youtube.com/playlist?list=PLZeNWB9l7494","Classic Indian TV Serials"
"2","26:04:21","Chandrakanta","Chandrakanta — Chandrakanta 1994 Episode 4","https://www.youtube.com/watch?v=J1l2kS68lsY","1217","https://www.youtube.com/playlist?list=PLKfQh0u-9j2YaM54LNfASdQYllxsoU05a","lone warrior"
"2","26:24:38","Swabhimaan","Swabhimaan — Swabhimaan | Episode 09 | Ashutosh Rana, Manoj Bajpayee | Classic Indian TV Serials","https://www.youtube.com/watch?v=2chq3qA4PxM","1413","https://www.youtube.com/playlist?list=PLZeNWB9l7494","Classic Indian TV Serials"
"2","26:48:11","Shri Krishna","Shri Krishna — Sri Krishna EP 7 -  रोहिनी का गर्भवती होना  | HQ WIDE SCREEN | English Subtitles","https://www.youtube.com/watch?v=HopI3jMNUKE","2670","https://www.youtube.com/playlist?list=PLFPJRCFRDARR9IkjkVi6O9ue5DjKiKtkI","Tilak"
"2","27:32:41","The Great Maratha","The Great Maratha — The Great Maratha | Full Episode 02 | Prince Singh,  Arun Mathur | Dangal TV Gathaa","https://www.youtube.com/watch?v=NXZokATsEeI","2871","https://www.youtube.com/playlist?list=PLL8R100698nc9lYCs25j4FrcGDyqdtq_B","Dangal TV Replay"
"2","28:20:32","Swabhimaan","Swabhimaan — Swabhimaan | Episode 10 | Ashutosh Rana, Manoj Bajpayee | Classic Indian TV Serials","https://www.youtube.com/watch?v=P9SN7RmoQCc","1431","https://www.youtube.com/playlist?list=PLZeNWB9l7494","Classic Indian TV Serials"
"2","28:44:23","Swabhimaan","Swabhimaan — Swabhimaan | Episode 11 | Ashutosh Rana, Manoj Bajpayee | Classic Indian TV Serials","https://www.youtube.com/watch?v=Pz0SxWNDOi8","1365","https://www.youtube.com/playlist?list=PLZeNWB9l7494","Classic Indian TV Serials"
"2","29:07:08","Bharat Ek Khoj","Bharat Ek Khoj — Bharat Ek Khoj | Episode-3 | The Vedic People and The Rigveda","https://www.youtube.com/watch?v=0rcLs9ITo0c","3132","https://www.youtube.com/playlist?list=PLqtVCj5iilH4w0Y8KBB4fqBu25T0sGhXG","Prasar Bharati Archives"
"2","29:59:20","Swabhimaan","Swabhimaan — Swabhimaan | Episode 12 | Ashutosh Rana, Manoj Bajpayee | Classic Indian TV Serials","https://www.youtube.com/watch?v=ywdsOmT0TAo","1327","https://www.youtube.com/playlist?list=PLZeNWB9l7494","Classic Indian TV Serials"
"2","30:21:27","Vintage ads","Vintage ads — 1985: India Maggi - Fast to cook Good to eat","https://www.youtube.com/watch?v=d6iwnkG46IY","34","https://www.youtube.com/playlist?list=PLycor1XF7S9HVMnWxndl27HgZJM5S8wRT","Guruprasad Gp"
"2","30:22:01","Shri Krishna","Shri Krishna — Sri Krishna EP 8 - श्री हरी का देवकी के गर्भ में स्थापित होना | HQ WIDE SCREEN | English Subtitles","https://www.youtube.com/watch?v=NP-7WpdyNs4","2695","https://www.youtube.com/playlist?list=PLFPJRCFRDARR9IkjkVi6O9ue5DjKiKtkI","Tilak"
"2","31:06:56","Byomkesh Bakshi","Byomkesh Bakshi — Byomkesh Bakshi: Ep#2 - Rastey Ka Kanta","https://www.youtube.com/watch?v=rCgJiDnT2Ws","2427","https://www.youtube.com/playlist?list=PLUiMfS6qzIMxiHu2N2Px1ISp5vxCm3PMo","Doordarshan National"
"2","31:47:23","Swabhimaan","Swabhimaan — Swabhimaan | Episode 13 | Ashutosh Rana, Manoj Bajpayee | Classic Indian TV Serials","https://www.youtube.com/watch?v=5t9RgiXj-B8","1406","https://www.youtube.com/playlist?list=PLZeNWB9l7494","Classic Indian TV Serials"
"2","32:10:49","Swabhimaan","Swabhimaan — Swabhimaan | Episode 14 | Ashutosh Rana, Manoj Bajpayee | Classic Indian TV Serials","https://www.youtube.com/watch?v=o2MxZ9A3a1Y","1384","https://www.youtube.com/playlist?list=PLZeNWB9l7494","Classic Indian TV Serials"
"2","32:33:53","Chandrakanta","Chandrakanta — Chandrakanta 1994 Episode 5","https://www.youtube.com/watch?v=FZgwfRrvCXE","1218","https://www.youtube.com/playlist?list=PLKfQh0u-9j2YaM54LNfASdQYllxsoU05a","lone warrior"
"2","32:54:11","Surabhi","Surabhi — Surabhi | सुरभि  : Ep - 03","https://www.youtube.com/watch?v=HTIgdw5VuoA","1422","https://www.youtube.com/playlist?list=PLUiMfS6qzIMzE8lgWFaQ3qvVFCCONXALQ","Doordarshan National"
"2","33:17:53","Alif Laila","Alif Laila — 40 दिन बाद तेरी मौत पक्की,क्या सौदागर बचा पायेगा अपनी जान | Alif Laila Episode 4 |अलिफ़ लैला की कहानी","https://www.youtube.com/watch?v=YD_X_Dk57fg","1352","https://www.youtube.com/playlist?list=PLqmdsOwstpJfOtjWGMFTGMruqQV7C5XoL","Sagar Pictures"
"2","33:40:25","Hum Log","Hum Log — Hum Log | Episode 3 | India's First Hindi TV Serial | Ashok Kumar, Seema Bhargava, Vinod & Jayshri","https://www.youtube.com/watch?v=tFvfLxcG6F0","1361","https://www.youtube.com/playlist?list=PLaNSOkABhCUE","Goldmines Movies"
"2","34:03:06","Swabhimaan","Swabhimaan — Swabhimaan | Episode 15 | Ashutosh Rana, Manoj Bajpayee | Classic Indian TV Serials","https://www.youtube.com/watch?v=p6MXSZcCEvE","1426","https://www.youtube.com/playlist?list=PLZeNWB9l7494","Classic Indian TV Serials"
"2","34:26:52","Vintage ads","Vintage ads — 1985: Maggi India ad - Mummy I am Hungry","https://www.youtube.com/watch?v=1Jdj5hcvGYE","33","https://www.youtube.com/playlist?list=PLycor1XF7S9HVMnWxndl27HgZJM5S8wRT","Guruprasad Gp"
"2","34:27:25","Dekh Bhai Dekh","Dekh Bhai Dekh — Dekh Bhai Dekh episode 3 part 1","https://www.youtube.com/watch?v=TJsMluMdxFg","453","https://www.youtube.com/playlist?list=UUYdB1nhxEAtjp-TLnv5utzg","LBEstudio"
"2","34:34:58","Dekh Bhai Dekh","Dekh Bhai Dekh — Dekh Bhai Dekh episode 3 part 2","https://www.youtube.com/watch?v=VWNTw_3nbAo","453","https://www.youtube.com/playlist?list=UUYdB1nhxEAtjp-TLnv5utzg","LBEstudio"
"2","34:42:31","Dekh Bhai Dekh","Dekh Bhai Dekh — Dekh Bhai Dekh episode 3 part 3","https://www.youtube.com/watch?v=_vtFMjWlUGU","453","https://www.youtube.com/playlist?list=UUYdB1nhxEAtjp-TLnv5utzg","LBEstudio"
"2","34:50:04","Shri Krishna","Shri Krishna — Sri Krishna EP 9 - बलराम जनम | श्री कृष्ण जनम | HQ WIDE SCREEN | English Subtitles","https://www.youtube.com/watch?v=egwTXeD9OBQ","2750","https://www.youtube.com/playlist?list=PLFPJRCFRDARR9IkjkVi6O9ue5DjKiKtkI","Tilak"
"2","35:35:54","The Sword of Tipu Sultan","The Sword of Tipu Sultan — Tipu Sultan | Full Episode 03 | Sanjay Khan, Dipika Chikhlia, Swapnil Joshi | Dangal TV Gathaa","https://www.youtube.com/watch?v=ow7axlAEH-k","2386","https://www.youtube.com/playlist?list=PLL8R100698ndzARBsLB6Z8jYs_52cDJJ7","Dangal TV Replay"
"2","36:15:40","Swabhimaan","Swabhimaan — Swabhimaan | Episode 16 | Ashutosh Rana, Manoj Bajpayee | Classic Indian TV Serials","https://www.youtube.com/watch?v=8AwvtFeUMXM","1310","https://www.youtube.com/playlist?list=PLZeNWB9l7494","Classic Indian TV Serials"
"2","36:37:30","Junoon","Junoon — Junoon Full Episode 17 Live","https://www.youtube.com/watch?v=MMRAnv_nYiI","1500","https://www.youtube.com/playlist?list=PLrkDcuaB2OX_ZuAo48tg5pEa2BjdoM8Y2","Cinevista Entertainment"
"2","37:02:30","Chanakya","Chanakya — चाणक्य Official | Episode 3 | Directed & Acted by Dr. Chandraprakash Dwivedi #chanakya #chanakyaniti","https://www.youtube.com/watch?v=invcVNqmJNA","2436","https://www.youtube.com/playlist?list=PLY-qGtGftCjm1_tDxT2TsDAXXC2p-iutt","Chanakya_theofficial"
"2","37:43:06","Swabhimaan","Swabhimaan — Swabhimaan | Episode 17 | Ashutosh Rana, Manoj Bajpayee | Classic Indian TV Serials","https://www.youtube.com/watch?v=qWNPLWqQyGU","1217","https://www.youtube.com/playlist?list=PLZeNWB9l7494","Classic Indian TV Serials"
"2","38:03:23","Vikram Aur Betaal","Vikram Aur Betaal — रामानंद सागर कृत विक्रम और बेताल भाग 2 - किसका बलिदान बड़ा राजा का या सेवक का","https://www.youtube.com/watch?v=GXE4LKsP320","1364","https://www.youtube.com/playlist?list=PL-eaGjSO6F70C3-LkA3kEqAIHkdDLhI6Q","Tilak Kathayein"
"2","38:26:07","Vintage ads","Vintage ads — 1985: Maggi India  - Cricket","https://www.youtube.com/watch?v=rmcJ5nq3XJ4","36","https://www.youtube.com/playlist?list=PLycor1XF7S9HVMnWxndl27HgZJM5S8wRT","Guruprasad Gp"
"2","38:26:43","Swabhimaan","Swabhimaan — Swabhimaan | Episode 18 | Ashutosh Rana, Manoj Bajpayee | Classic Indian TV Serials","https://www.youtube.com/watch?v=T1jI0FAQpq8","1287","https://www.youtube.com/playlist?list=PLZeNWB9l7494","Classic Indian TV Serials"
"2","38:48:10","Shri Krishna","Shri Krishna — Sri Krishna EP 10 - श्री कृष्ण जनम पर नंदराय के घर उत्सव | HQ WIDE SCREEN | English Subtitles","https://www.youtube.com/watch?v=YggEifmXccA","2701","https://www.youtube.com/playlist?list=PLFPJRCFRDARR9IkjkVi6O9ue5DjKiKtkI","Tilak"
"2","39:33:11","Swabhimaan","Swabhimaan — Swabhimaan | Episode 19 | Ashutosh Rana, Manoj Bajpayee | Classic Indian TV Serials","https://www.youtube.com/watch?v=WN3Xs1oDXg8","1324","https://www.youtube.com/playlist?list=PLZeNWB9l7494","Classic Indian TV Serials"
"2","39:55:15","Chandrakanta","Chandrakanta — Chandrakanta 1994 Episode 6","https://www.youtube.com/watch?v=PRiFdpXvgZo","1190","https://www.youtube.com/playlist?list=PLKfQh0u-9j2YaM54LNfASdQYllxsoU05a","lone warrior"
"2","40:15:05","Swabhimaan","Swabhimaan — Swabhimaan | Episode 20 | Ashutosh Rana, Manoj Bajpayee | Classic Indian TV Serials","https://www.youtube.com/watch?v=5T7dmfcuSfQ","1372","https://www.youtube.com/playlist?list=PLZeNWB9l7494","Classic Indian TV Serials"
"2","40:37:57","Vintage ads","Vintage ads — 1980: Appela softdrink ad","https://www.youtube.com/watch?v=3aMPDimjO-Y","34","https://www.youtube.com/playlist?list=PLycor1XF7S9HVMnWxndl27HgZJM5S8wRT","Guruprasad Gp"
"2","40:38:31","Swabhimaan","Swabhimaan — Swabhimaan | Episode 21 | Ashutosh Rana, Manoj Bajpayee | Classic Indian TV Serials","https://www.youtube.com/watch?v=d26EadGL9rM","1312","https://www.youtube.com/playlist?list=PLZeNWB9l7494","Classic Indian TV Serials"
"2","41:00:23","Shri Krishna","Shri Krishna — Sri Krishna EP 11 - देवकी वासुदेव की रिहाई | HQ WIDE SCREEN | English Subtitles","https://www.youtube.com/watch?v=j8CGaxEXH1o","2696","https://www.youtube.com/playlist?list=PLFPJRCFRDARR9IkjkVi6O9ue5DjKiKtkI","Tilak"
"2","41:45:19","Swabhimaan","Swabhimaan — Swabhimaan | Episode 22 | Ashutosh Rana, Manoj Bajpayee | Classic Indian TV Serials","https://www.youtube.com/watch?v=VI-sw1aYRe0","1236","https://www.youtube.com/playlist?list=PLZeNWB9l7494","Classic Indian TV Serials"
"2","42:05:55","Tehkikaat","Tehkikaat — Tehkikaat तहकीकात | Jealousi Turns Blood - Crime Serial | Ranjeet, Saurabh Shukla, Vijay A. | EP 03","https://www.youtube.com/watch?v=68Geb0W9Ak0","1439","https://www.youtube.com/playlist?list=PLImQCagB5etA0FMEJ7yrWIUBCzxgOBikn","Raj Rishi Serials"
"2","42:29:54","Nukkad","Nukkad — Nukkad   Episode # 2   Love Story   Nukkad Ki Love Story","https://www.youtube.com/watch?v=r9vDud7T-cA","1381","https://www.youtube.com/playlist?list=PLDXzvDkBVqqSGYLZPlZQfl_Vn-JmuiTDN","movie clips"
"2","42:52:55","Swabhimaan","Swabhimaan — Swabhimaan | Episode 23 | Ashutosh Rana, Manoj Bajpayee | Classic Indian TV Serials","https://www.youtube.com/watch?v=vGurqK5fEaE","1237","https://www.youtube.com/playlist?list=PLZeNWB9l7494","Classic Indian TV Serials"
"2","43:13:32","Alif Laila","Alif Laila — जिन्न का बुलावा और सौदागर का बड़ा राज | Alif Laila Episode 5 | अलिफ़ लैला की कहानी","https://www.youtube.com/watch?v=dPDiEepESUo","1391","https://www.youtube.com/playlist?list=PLqmdsOwstpJfOtjWGMFTGMruqQV7C5XoL","Sagar Pictures"
"2","43:36:43","Vintage ads","Vintage ads — 1981: Appela softdrink ad","https://www.youtube.com/watch?v=yj_SeOtZPjk","36","https://www.youtube.com/playlist?list=PLycor1XF7S9HVMnWxndl27HgZJM5S8wRT","Guruprasad Gp"
"2","43:37:19","Swabhimaan","Swabhimaan — Swabhimaan | Episode 24 | Ashutosh Rana, Manoj Bajpayee | Classic Indian TV Serials","https://www.youtube.com/watch?v=ukrmzj6SBDo","1371","https://www.youtube.com/playlist?list=PLZeNWB9l7494","Classic Indian TV Serials"
"2","44:00:10","Swabhimaan","Swabhimaan — Swabhimaan | Episode 25 | Ashutosh Rana, Manoj Bajpayee | Classic Indian TV Serials","https://www.youtube.com/watch?v=W1RT_p7EopU","1141","https://www.youtube.com/playlist?list=PLZeNWB9l7494","Classic Indian TV Serials"
"2","44:19:11","Shri Krishna","Shri Krishna — Sri Krishna EP 12 - श्री कृष्ण द्वारा पुतना वध | HQ WIDE SCREEN | English Subtitles","https://www.youtube.com/watch?v=4D40gVVkiis","2710","https://www.youtube.com/playlist?list=PLFPJRCFRDARR9IkjkVi6O9ue5DjKiKtkI","Tilak"
"2","45:04:21","Chandrakanta","Chandrakanta — Chandrakanta 1994 Episode 7","https://www.youtube.com/watch?v=pqzpiTBIhYI","1288","https://www.youtube.com/playlist?list=PLKfQh0u-9j2YaM54LNfASdQYllxsoU05a","lone warrior"
"2","45:25:49","Bharat Ek Khoj","Bharat Ek Khoj — Bharat Ek Khoj | Episode-4 | Caste Formation","https://www.youtube.com/watch?v=jqmahaSuVd0","2762","https://www.youtube.com/playlist?list=PLqtVCj5iilH4w0Y8KBB4fqBu25T0sGhXG","Prasar Bharati Archives"
"2","46:11:51","Swabhimaan","Swabhimaan — Swabhimaan | Episode 26 | Ashutosh Rana, Manoj Bajpayee | Classic Indian TV Serials","https://www.youtube.com/watch?v=W3kVB5ei04U","1277","https://www.youtube.com/playlist?list=PLZeNWB9l7494","Classic Indian TV Serials"
"2","46:33:08","Surabhi","Surabhi — Surabhi | सुरभि  : Ep - 04","https://www.youtube.com/watch?v=SfajoLrIYVY","1467","https://www.youtube.com/playlist?list=PLUiMfS6qzIMzE8lgWFaQ3qvVFCCONXALQ","Doordarshan National"
"2","46:57:35","Vintage ads","Vintage ads — 1983: Campa Cola young Salman Khan ad","https://www.youtube.com/watch?v=M78wqG7tyCQ","64","https://www.youtube.com/playlist?list=PLycor1XF7S9HVMnWxndl27HgZJM5S8wRT","Guruprasad Gp"
"2","46:58:39","Swabhimaan","Swabhimaan — Swabhimaan | Episode 27 | Ashutosh Rana, Manoj Bajpayee | Classic Indian TV Serials","https://www.youtube.com/watch?v=R491rmm6wQg","1281","https://www.youtube.com/playlist?list=PLZeNWB9l7494","Classic Indian TV Serials"
"2","47:20:00","Hum Log","Hum Log — Hum Log | Episode 4 | India's First Hindi TV Serial | Ashok Kumar, Seema Bhargava, Vinod & Jayshri","https://www.youtube.com/watch?v=9XtBfv3y2fw","1263","https://www.youtube.com/playlist?list=PLaNSOkABhCUE","Goldmines Movies"
"2","47:41:03","Udaan","Udaan — Udaan DD national Serial Episode 3 doordarshan old tv serial","https://www.youtube.com/watch?v=RK-1xna6Tx8","1719","https://www.youtube.com/playlist?list=PLFSBneXK-Uv8l6Fs99d5HyhaMlW8q8tWk","Doordarshan Serial"
"3","48:09:42","Swabhimaan","Swabhimaan — Swabhimaan | Episode 28 | Ashutosh Rana, Manoj Bajpayee | Classic Indian TV Serials","https://www.youtube.com/watch?v=cUOKjcKl_08","1197","https://www.youtube.com/playlist?list=PLZeNWB9l7494","Classic Indian TV Serials"
"3","48:29:39","Circus","Circus — Shahrukh Khan starrer Circus - Ep#02","https://www.youtube.com/watch?v=uJEscG8IvNQ","1430","https://www.youtube.com/playlist?list=PLUiMfS6qzIMzAqteEcp055VDYpgZDbeyT","Doordarshan National"
"3","48:53:29","The Great Maratha","The Great Maratha — The Great Maratha | Full Episode 03 | Irrfan Khan, Pankaj Dheer | Dangal TV Gathaa","https://www.youtube.com/watch?v=uiI3QE0xtpI","2979","https://www.youtube.com/playlist?list=PLL8R100698nc9lYCs25j4FrcGDyqdtq_B","Dangal TV Replay"
"3","49:43:08","Dekh Bhai Dekh","Dekh Bhai Dekh — Dekh Bhai Dekh episode 4 part 1","https://www.youtube.com/watch?v=DjLJtLCjpF4","461","https://www.youtube.com/playlist?list=UUYdB1nhxEAtjp-TLnv5utzg","LBEstudio"
"3","49:50:49","Dekh Bhai Dekh","Dekh Bhai Dekh — Dekh Bhai Dekh episode 4 part 2","https://www.youtube.com/watch?v=UGZZnre1liw","456","https://www.youtube.com/playlist?list=UUYdB1nhxEAtjp-TLnv5utzg","LBEstudio"
"3","49:58:25","Dekh Bhai Dekh","Dekh Bhai Dekh — Dekh Bhai Dekh episode 4 part 3","https://www.youtube.com/watch?v=ao6jUwH_swc","458","https://www.youtube.com/playlist?list=UUYdB1nhxEAtjp-TLnv5utzg","LBEstudio"
"3","50:06:03","Shri Krishna","Shri Krishna — Sri Krishna EP 13 - श्री कृष्ण ने किया श्रीधर को अपंग | HQ WIDE SCREEN | English Subtitles","https://www.youtube.com/watch?v=l69jeCUhX5w","2720","https://www.youtube.com/playlist?list=PLFPJRCFRDARR9IkjkVi6O9ue5DjKiKtkI","Tilak"
"3","50:51:23","Om Namah Shivay","Om Namah Shivay — Om Namah Shivay TV Serial | Episode 25 | देखिए शिव पार्वती पर क्रोधित क्यों हुए","https://www.youtube.com/watch?v=gbvvSAcUdok","1325","https://www.youtube.com/playlist?list=PL5A5QJkW7MkuEgaSMSlkmc51V_jBHv6fO","Saregama Bhakti"
"3","51:13:28","Swabhimaan","Swabhimaan — Swabhimaan | Episode 29 | Ashutosh Rana, Manoj Bajpayee | Classic Indian TV Serials","https://www.youtube.com/watch?v=jX0YDDwPLyc","1163","https://www.youtube.com/playlist?list=PLZeNWB9l7494","Classic Indian TV Serials"
"3","51:32:51","The Sword of Tipu Sultan","The Sword of Tipu Sultan — Tipu Sultan | Full Episode 04 | Sanjay Khan, Dipika Chikhlia, Swapnil Joshi | Dangal TV Gathaa","https://www.youtube.com/watch?v=J8twlJ2LLKQ","2349","https://www.youtube.com/playlist?list=PLL8R100698ndzARBsLB6Z8jYs_52cDJJ7","Dangal TV Replay"
"3","52:12:00","Swabhimaan","Swabhimaan — Swabhimaan | Episode 30 | Ashutosh Rana, Manoj Bajpayee | Classic Indian TV Serials","https://www.youtube.com/watch?v=FP4RFhMw38o","1201","https://www.youtube.com/playlist?list=PLZeNWB9l7494","Classic Indian TV Serials"
"3","52:32:01","Chanakya","Chanakya — चाणक्य Official | Episode 4 | Directed & Acted by Dr. Chandraprakash Dwivedi #chanakya #chanakyaniti","https://www.youtube.com/watch?v=_-4SSGEtH08","2482","https://www.youtube.com/playlist?list=PLY-qGtGftCjm1_tDxT2TsDAXXC2p-iutt","Chanakya_theofficial"
"3","53:13:23","Swabhimaan","Swabhimaan — Swabhimaan | Episode 31 | Ashutosh Rana, Manoj Bajpayee | Classic Indian TV Serials","https://www.youtube.com/watch?v=HlEU1C4_2jc","1317","https://www.youtube.com/playlist?list=PLZeNWB9l7494","Classic Indian TV Serials"
"3","53:35:20","Chandrakanta","Chandrakanta — Chandrakanta 1994 Episode 8","https://www.youtube.com/watch?v=RWpQUwWLR-w","1288","https://www.youtube.com/playlist?list=PLKfQh0u-9j2YaM54LNfASdQYllxsoU05a","lone warrior"
"3","53:56:48","Swabhimaan","Swabhimaan — Swabhimaan | Episode 32 | Ashutosh Rana, Manoj Bajpayee | Classic Indian TV Serials","https://www.youtube.com/watch?v=YFHbzbxBE7s","1219","https://www.youtube.com/playlist?list=PLZeNWB9l7494","Classic Indian TV Serials"
"3","54:17:07","Shri Krishna","Shri Krishna — Sri Krishna EP 14 - उत्करच का वध | बलराम का नामकरण | HQ WIDE SCREEN | English Subtitles","https://www.youtube.com/watch?v=eU55yO3RRj0","2730","https://www.youtube.com/playlist?list=PLFPJRCFRDARR9IkjkVi6O9ue5DjKiKtkI","Tilak"
"3","55:02:37","Vintage ads","Vintage ads — 1983: Britannia Good Day biscuit","https://www.youtube.com/watch?v=2gsSy155V-Q","26","https://www.youtube.com/playlist?list=PLycor1XF7S9HVMnWxndl27HgZJM5S8wRT","Guruprasad Gp"
"3","55:03:03","Alif Laila","Alif Laila — अलिफ़ लैला 15 (Alif Laila 15) - Alif Laila Episode 15 - Sagar Picture - 1080p","https://www.youtube.com/watch?v=v6xGKfXbd_g","1338","https://www.youtube.com/playlist?list=PLqmdsOwstpJfOtjWGMFTGMruqQV7C5XoL","Sagar Pictures"
"3","55:25:21","Swabhimaan","Swabhimaan — Swabhimaan | Episode 33 | Ashutosh Rana, Manoj Bajpayee | Classic Indian TV Serials","https://www.youtube.com/watch?v=RL6vogK-ajE","1217","https://www.youtube.com/playlist?list=PLZeNWB9l7494","Classic Indian TV Serials"
"3","55:45:38","Swabhimaan","Swabhimaan — Swabhimaan | Episode 34 | Ashutosh Rana, Manoj Bajpayee | Classic Indian TV Serials","https://www.youtube.com/watch?v=x2eWPzIOA_Y","1399","https://www.youtube.com/playlist?list=PLZeNWB9l7494","Classic Indian TV Serials"
"3","56:08:57","Vintage ads","Vintage ads — 1983: Bombay Dyeing","https://www.youtube.com/watch?v=88aQ9wm57qE","102","https://www.youtube.com/playlist?list=PLycor1XF7S9HVMnWxndl27HgZJM5S8wRT","Guruprasad Gp"
"3","56:10:39","Byomkesh Bakshi","Byomkesh Bakshi — Byomkesh Bakshi: Ep#3 - Seemant Heera","https://www.youtube.com/watch?v=Igj63T-rJpc","2471","https://www.youtube.com/playlist?list=PLUiMfS6qzIMxiHu2N2Px1ISp5vxCm3PMo","Doordarshan National"
"3","56:51:50","Swabhimaan","Swabhimaan — Swabhimaan | Episode 35 | Ashutosh Rana, Manoj Bajpayee | Classic Indian TV Serials","https://www.youtube.com/watch?v=F3p78YJ0f6M","1267","https://www.youtube.com/playlist?list=PLZeNWB9l7494","Classic Indian TV Serials"
"3","57:12:57","Shri Krishna","Shri Krishna — Sri Krishna EP 15 - श्री कृष्ण नामकरण | HQ WIDE SCREEN | English Subtitles","https://www.youtube.com/watch?v=y2fT3VkmlLo","2788","https://www.youtube.com/playlist?list=PLFPJRCFRDARR9IkjkVi6O9ue5DjKiKtkI","Tilak"
"3","57:59:25","Swabhimaan","Swabhimaan — Swabhimaan | Episode 36 | Ashutosh Rana, Manoj Bajpayee | Classic Indian TV Serials","https://www.youtube.com/watch?v=CKG5Qc6NY8A","1261","https://www.youtube.com/playlist?list=PLZeNWB9l7494","Classic Indian TV Serials"
"3","58:20:26","Swabhimaan","Swabhimaan — Swabhimaan | Episode 37 | Ashutosh Rana, Manoj Bajpayee | Classic Indian TV Serials","https://www.youtube.com/watch?v=ZQMK3Jz379A","1287","https://www.youtube.com/playlist?list=PLZeNWB9l7494","Classic Indian TV Serials"
"3","58:41:53","Swabhimaan","Swabhimaan — Swabhimaan | Episode 38 | Ashutosh Rana, Manoj Bajpayee | Classic Indian TV Serials","https://www.youtube.com/watch?v=gIAI1mYNTaI","1225","https://www.youtube.com/playlist?list=PLZeNWB9l7494","Classic Indian TV Serials"
"3","59:02:18","Chandrakanta","Chandrakanta — Chandrakanta 1994 Episode 9","https://www.youtube.com/watch?v=bxVSNIu6hDA","1288","https://www.youtube.com/playlist?list=PLKfQh0u-9j2YaM54LNfASdQYllxsoU05a","lone warrior"
"3","59:23:46","Shri Krishna","Shri Krishna — Sri Krishna EP 16 - वासुदेव को कंस फिर से कारागार में डाला | HQ WIDE SCREEN | English Subtitles","https://www.youtube.com/watch?v=f9Ab8MxVECQ","2700","https://www.youtube.com/playlist?list=PLFPJRCFRDARR9IkjkVi6O9ue5DjKiKtkI","Tilak"
"3","60:08:46","Bharat Ek Khoj","Bharat Ek Khoj — Bharat Ek Khoj | Episode-5 | Mahabharata, Part I","https://www.youtube.com/watch?v=no2DZGuMwJA","2921","https://www.youtube.com/playlist?list=PLqtVCj5iilH4w0Y8KBB4fqBu25T0sGhXG","Prasar Bharati Archives"
"3","60:57:27","Swabhimaan","Swabhimaan — Swabhimaan | Episode 41 | Ashutosh Rana, Manoj Bajpayee | Classic Indian TV Serials","https://www.youtube.com/watch?v=m_jfX8bF_HE","1211","https://www.youtube.com/playlist?list=PLZeNWB9l7494","Classic Indian TV Serials"
"3","61:17:38","Surabhi","Surabhi — Surabhi | सुरभि  : Ep - 05","https://www.youtube.com/watch?v=6d1FHkGVFBk","1452","https://www.youtube.com/playlist?list=PLUiMfS6qzIMzE8lgWFaQ3qvVFCCONXALQ","Doordarshan National"
"3","61:41:50","Tehkikaat","Tehkikaat — Tehkikaat तहकीकात | Jealousi Turns Blood - Crime Serial | Ranjeet, Saurabh Shukla, Vijay A. | EP 04","https://www.youtube.com/watch?v=2AtW6XGGrcw","1430","https://www.youtube.com/playlist?list=PLImQCagB5etA0FMEJ7yrWIUBCzxgOBikn","Raj Rishi Serials"
"3","62:05:40","Hum Log","Hum Log — Hum Log | Episode 5 | India's First Hindi TV Serial | Ashok Kumar, Seema Bhargava, Vinod & Jayshri","https://www.youtube.com/watch?v=BUl5YLZvZUs","1369","https://www.youtube.com/playlist?list=PLaNSOkABhCUE","Goldmines Movies"
"3","62:28:29","Swabhimaan","Swabhimaan — Swabhimaan | Episode 42 | Ashutosh Rana, Manoj Bajpayee | Classic Indian TV Serials","https://www.youtube.com/watch?v=g1lZCkKQg2w","1276","https://www.youtube.com/playlist?list=PLZeNWB9l7494","Classic Indian TV Serials"
"3","62:49:45","Swabhimaan","Swabhimaan — Swabhimaan | Episode 43 | Ashutosh Rana, Manoj Bajpayee | Classic Indian TV Serials","https://www.youtube.com/watch?v=4BptK3wYZQc","1282","https://www.youtube.com/playlist?list=PLZeNWB9l7494","Classic Indian TV Serials"
"3","63:11:07","Alif Laila","Alif Laila — Alif Laila Episode 16 (अलिफ़ लैला Episode 16) - 1080p - #AlifLaila","https://www.youtube.com/watch?v=6jjghpB6w50","1351","https://www.youtube.com/playlist?list=PLqmdsOwstpJfOtjWGMFTGMruqQV7C5XoL","Sagar Pictures"
"3","63:33:38","Swabhimaan","Swabhimaan — Swabhimaan | Episode 44 | Ashutosh Rana, Manoj Bajpayee | Classic Indian TV Serials","https://www.youtube.com/watch?v=AHPrcynqHQA","1248","https://www.youtube.com/playlist?list=PLZeNWB9l7494","Classic Indian TV Serials"
"3","63:54:26","Shri Krishna","Shri Krishna — Sri Krishna EP 17 - तृणावर्त दैत्य का वध | HQ WIDE SCREEN | English Subtitles","https://www.youtube.com/watch?v=rW0jrrYsAig","2326","https://www.youtube.com/playlist?list=PLFPJRCFRDARR9IkjkVi6O9ue5DjKiKtkI","Tilak"
"3","64:33:12","Dekh Bhai Dekh","Dekh Bhai Dekh — Dekh Bhai Dekh episode 5 part 1","https://www.youtube.com/watch?v=sCj1yLVmkpw","431","https://www.youtube.com/playlist?list=UUYdB1nhxEAtjp-TLnv5utzg","LBEstudio"
"3","64:40:23","Dekh Bhai Dekh","Dekh Bhai Dekh — Dekh Bhai Dekh episode 5 part 2","https://www.youtube.com/watch?v=6KaXmfrYjfo","431","https://www.youtube.com/playlist?list=UUYdB1nhxEAtjp-TLnv5utzg","LBEstudio"
"3","64:47:34","Dekh Bhai Dekh","Dekh Bhai Dekh — Dekh Bhai Dekh episode 5 part 3","https://www.youtube.com/watch?v=MOZpQtcraN0","431","https://www.youtube.com/playlist?list=UUYdB1nhxEAtjp-TLnv5utzg","LBEstudio"
"3","64:54:45","The Sword of Tipu Sultan","The Sword of Tipu Sultan — Tipu Sultan | Full Episode 05 | Sanjay Khan, Dipika Chikhlia, Swapnil Joshi | Dangal TV Gathaa","https://www.youtube.com/watch?v=mppZyII1zR8","2442","https://www.youtube.com/playlist?list=PLL8R100698ndzARBsLB6Z8jYs_52cDJJ7","Dangal TV Replay"
"3","65:35:27","Swabhimaan","Swabhimaan — Swabhimaan | Episode 46 | Ashutosh Rana, Manoj Bajpayee | Classic Indian TV Serials","https://www.youtube.com/watch?v=NYA2bYo7lR4","1285","https://www.youtube.com/playlist?list=PLZeNWB9l7494","Classic Indian TV Serials"
"3","65:56:52","Vintage ads","Vintage ads — 1981: Britannia Marie","https://www.youtube.com/watch?v=IpUznwhXUjk","45","https://www.youtube.com/playlist?list=PLycor1XF7S9HVMnWxndl27HgZJM5S8wRT","Guruprasad Gp"
"3","65:57:37","Chanakya","Chanakya — चाणक्य Official | Episode 5 | Directed & Acted by Dr. Chandraprakash Dwivedi","https://www.youtube.com/watch?v=vnswwBMTokk","2508","https://www.youtube.com/playlist?list=PLY-qGtGftCjm1_tDxT2TsDAXXC2p-iutt","Chanakya_theofficial"
"3","66:39:25","Swabhimaan","Swabhimaan — Swabhimaan | Episode 48 | Ashutosh Rana, Manoj Bajpayee | Classic Indian TV Serials","https://www.youtube.com/watch?v=VhMj8DI1DVk","1372","https://www.youtube.com/playlist?list=PLZeNWB9l7494","Classic Indian TV Serials"
"3","67:02:17","Chandrakanta","Chandrakanta — Chandrakanta 1994 Episode 10","https://www.youtube.com/watch?v=Pbf9q5ECzDc","1288","https://www.youtube.com/playlist?list=PLKfQh0u-9j2YaM54LNfASdQYllxsoU05a","lone warrior"
"3","67:23:45","Shri Krishna","Shri Krishna — Sri Krishna EP 18 - भगवान शिव और श्री कृष्ण मिलाप | HQ WIDE SCREEN | English Subtitles","https://www.youtube.com/watch?v=sD8R87-Rjto","2714","https://www.youtube.com/playlist?list=PLFPJRCFRDARR9IkjkVi6O9ue5DjKiKtkI","Tilak"
"3","68:08:59","Swabhimaan","Swabhimaan — Swabhimaan | Episode 50 | Ashutosh Rana, Manoj Bajpayee | Classic Indian TV Serials","https://www.youtube.com/watch?v=KFnEBJuAeac","1229","https://www.youtube.com/playlist?list=PLZeNWB9l7494","Classic Indian TV Serials"
"3","68:29:28","Vikram Aur Betaal","Vikram Aur Betaal — रामानंद सागर कृत विक्रम और बेताल भाग 3 - राजा यशोधन और सेनापती को हुआ सेठ की लड़की से प्रेम","https://www.youtube.com/watch?v=iTEpoVocyYY","1403","https://www.youtube.com/playlist?list=PL-eaGjSO6F70C3-LkA3kEqAIHkdDLhI6Q","Tilak Kathayein"
"3","68:52:51","Swabhimaan","Swabhimaan — Swabhimaan | Episode 51 | Ashutosh Rana, Manoj Bajpayee | Classic Indian TV Serials","https://www.youtube.com/watch?v=ttgSLZgHBSk","1250","https://www.youtube.com/playlist?list=PLZeNWB9l7494","Classic Indian TV Serials"
"3","69:13:41","Swabhimaan","Swabhimaan — Swabhimaan | Episode 52 | Ashutosh Rana, Manoj Bajpayee | Classic Indian TV Serials","https://www.youtube.com/watch?v=dS_OkVXFJKg","1309","https://www.youtube.com/playlist?list=PLZeNWB9l7494","Classic Indian TV Serials"
"3","69:35:30","Vintage ads","Vintage ads — 1983: Strepsils icy","https://www.youtube.com/watch?v=YlJYnuAziqs","22","https://www.youtube.com/playlist?list=PLycor1XF7S9HVMnWxndl27HgZJM5S8wRT","Guruprasad Gp"
"3","69:35:52","Fauji","Fauji — Fauji Episode 2 | Shah Rukh Khan's Television Debut (1989) | SRK's First-Ever TV Serial Appearance","https://www.youtube.com/watch?v=xhYeC0g041c","1414","https://www.youtube.com/playlist?list=PLYqSow41YJ2I","Goldmines Bollywood"
"3","69:59:26","Swabhimaan","Swabhimaan — Swabhimaan | Episode 53 | Ashutosh Rana, Manoj Bajpayee | Classic Indian TV Serials","https://www.youtube.com/watch?v=lf1u-Jm2aYw","1358","https://www.youtube.com/playlist?list=PLZeNWB9l7494","Classic Indian TV Serials"
"3","70:22:04","Shri Krishna","Shri Krishna — Sri Krishna EP 19 -मैया यशोदा को श्री कृष्ण ने देखाया विराट रूप | HQ WIDE SCREEN | English Subtitles","https://www.youtube.com/watch?v=C5sVE-GQmas","2697","https://www.youtube.com/playlist?list=PLFPJRCFRDARR9IkjkVi6O9ue5DjKiKtkI","Tilak"
"3","71:07:01","The Great Maratha","The Great Maratha — The Great Maratha | Full Episode 04 | Irrfan Khan, Pankaj Dheer | Dangal TV Gathaa","https://www.youtube.com/watch?v=mVmqQL3qloo","2153","https://www.youtube.com/playlist?list=PLL8R100698nc9lYCs25j4FrcGDyqdtq_B","Dangal TV Replay"
"3","71:42:54","Vintage ads","Vintage ads — 1986: Parle Fudgy","https://www.youtube.com/watch?v=PIoJYXEaFTE","22","https://www.youtube.com/playlist?list=PLycor1XF7S9HVMnWxndl27HgZJM5S8wRT","Guruprasad Gp"
"3","71:43:16","Swabhimaan","Swabhimaan — Swabhimaan | Episode 54| Ashutosh Rana, Manoj Bajpayee | Classic Indian TV Serial","https://www.youtube.com/watch?v=4ABa0QFFbKY","1348","https://www.youtube.com/playlist?list=PLZeNWB9l7494","Classic Indian TV Serials"
"4","72:05:44","Alif Laila","Alif Laila — अलिफ़ लैला - मारी गयी है उसकी मती, जिसने न जानी समय की गति Episode 17 | Alif Laila","https://www.youtube.com/watch?v=ZroAOlQ5Pmk","1378","https://www.youtube.com/playlist?list=PLqmdsOwstpJfOtjWGMFTGMruqQV7C5XoL","Sagar Pictures"
"4","72:28:42","Swabhimaan","Swabhimaan — Swabhimaan | Episode 55 | Ashutosh Rana, Manoj Bajpayee | Classic Indian TV Serials","https://www.youtube.com/watch?v=70YvVeB8csY","1273","https://www.youtube.com/playlist?list=PLZeNWB9l7494","Classic Indian TV Serials"
"4","72:49:55","Vintage ads","Vintage ads — 1986: Polar table fans","https://www.youtube.com/watch?v=qHHV7O8-_bI","17","https://www.youtube.com/playlist?list=PLycor1XF7S9HVMnWxndl27HgZJM5S8wRT","Guruprasad Gp"
"4","72:50:12","Chandrakanta","Chandrakanta — Chandrakanta 1994 Episode 11","https://www.youtube.com/watch?v=I5Bs4FI6NS4","1265","https://www.youtube.com/playlist?list=PLKfQh0u-9j2YaM54LNfASdQYllxsoU05a","lone warrior"
"4","73:11:17","Swabhimaan","Swabhimaan — Swabhimaan | Episode 56 | Ashutosh Rana, Manoj Bajpayee | Classic Indian TV Serials","https://www.youtube.com/watch?v=mSEy6h6cPyU","1317","https://www.youtube.com/playlist?list=PLZeNWB9l7494","Classic Indian TV Serials"
"4","73:33:14","Shri Krishna","Shri Krishna — Sri Krishna EP 20 - कान्हा का माखन की चोरी | HQ WIDE SCREEN | English Subtitles","https://www.youtube.com/watch?v=Z0vc-ILTPb4","2706","https://www.youtube.com/playlist?list=PLFPJRCFRDARR9IkjkVi6O9ue5DjKiKtkI","Tilak"
"4","74:18:20","Surabhi","Surabhi — Surabhi | सुरभि  : Ep - 06","https://www.youtube.com/watch?v=FWdfKMQFOZs","1436","https://www.youtube.com/playlist?list=PLUiMfS6qzIMzE8lgWFaQ3qvVFCCONXALQ","Doordarshan National"
"4","74:42:16","Wagle Ki Duniya","Wagle Ki Duniya — Wagle Ki Duniya - Episode 2 - Maid | DD EXCLUSIVE","https://www.youtube.com/watch?v=8pBW_wCW86U","1339","https://www.youtube.com/playlist?list=PL5TZ-0sMyEgVQcbG4E10bBeGcQEQ3WR-S","90's Ki Yaadein"
"4","75:04:35","Swabhimaan","Swabhimaan — Swabhimaan | Episode 57| Ashutosh Rana, Manoj Bajpayee | Classic Indian TV Serial","https://www.youtube.com/watch?v=bzxLX1sUc_Q","1329","https://www.youtube.com/playlist?list=PLZeNWB9l7494","Classic Indian TV Serials"
"4","75:26:44","Vintage ads","Vintage ads — 1987: Parrys Lacto King","https://www.youtube.com/watch?v=jV-bmjWMDyY","33","https://www.youtube.com/playlist?list=PLycor1XF7S9HVMnWxndl27HgZJM5S8wRT","Guruprasad Gp"
"4","75:27:17","Bharat Ek Khoj","Bharat Ek Khoj — Bharat Ek Khoj | Episode-6 | Mahabharata, Part II","https://www.youtube.com/watch?v=wea3ah8i7vQ","2606","https://www.youtube.com/playlist?list=PLqtVCj5iilH4w0Y8KBB4fqBu25T0sGhXG","Prasar Bharati Archives"
"4","76:10:43","Hum Log","Hum Log — Hum Log | Episode 6 | India's First Hindi TV Serial | Ashok Kumar, Seema Bhargava, Vinod & Jayshri","https://www.youtube.com/watch?v=LNoaJrcbr8s","1333","https://www.youtube.com/playlist?list=PLaNSOkABhCUE","Goldmines Movies"
"4","76:32:56","Swabhimaan","Swabhimaan — Swabhimaan | Episode 58| Ashutosh Rana, Manoj Bajpayee | Classic Indian TV Serial","https://www.youtube.com/watch?v=45iEeCOYYi0","1289","https://www.youtube.com/playlist?list=PLZeNWB9l7494","Classic Indian TV Serials"
"4","76:54:25","Swabhimaan","Swabhimaan — Swabhimaan | Episode 59| Ashutosh Rana, Manoj Bajpayee | Classic Indian TV Serial","https://www.youtube.com/watch?v=x6Aq3DA04TU","1349","https://www.youtube.com/playlist?list=PLZeNWB9l7494","Classic Indian TV Serials"
"4","77:16:54","Shri Krishna","Shri Krishna — Sri Krishna EP 21 - कान्हा को मटकियाँ तोड़ने की सज़ा | HQ WIDE SCREEN | English Subtitles","https://www.youtube.com/watch?v=2ePyEuKN3Y0","2723","https://www.youtube.com/playlist?list=PLFPJRCFRDARR9IkjkVi6O9ue5DjKiKtkI","Tilak"
"4","78:02:17","Vintage ads","Vintage ads — 1989: Hot Shot - Just aim and shoot","https://www.youtube.com/watch?v=cGo87tOd_jw","91","https://www.youtube.com/playlist?list=PLycor1XF7S9HVMnWxndl27HgZJM5S8wRT","Guruprasad Gp"
"4","78:03:48","Dekh Bhai Dekh","Dekh Bhai Dekh — Dekh Bhai Dekh episode 6 part 1","https://www.youtube.com/watch?v=G8o5dP4u3PA","406","https://www.youtube.com/playlist?list=UUYdB1nhxEAtjp-TLnv5utzg","LBEstudio"
"4","78:10:34","Dekh Bhai Dekh","Dekh Bhai Dekh — Dekh Bhai Dekh episode 6 part 2","https://www.youtube.com/watch?v=Gf4l6ot6Wi0","406","https://www.youtube.com/playlist?list=UUYdB1nhxEAtjp-TLnv5utzg","LBEstudio"
"4","78:17:20","Dekh Bhai Dekh","Dekh Bhai Dekh — Dekh Bhai Dekh episode 6 part 3","https://www.youtube.com/watch?v=uwsuBgtoajU","529","https://www.youtube.com/playlist?list=UUYdB1nhxEAtjp-TLnv5utzg","LBEstudio"
"4","78:26:09","Swabhimaan","Swabhimaan — Swabhimaan | Episode 60| Ashutosh Rana, Manoj Bajpayee | Classic Indian TV Serial","https://www.youtube.com/watch?v=yP0-EuaPF6U","1366","https://www.youtube.com/playlist?list=PLZeNWB9l7494","Classic Indian TV Serials"
"4","78:48:55","Tehkikaat","Tehkikaat — Tehkikaat तहकीकात | Jealousi Turns Blood - Crime Serial | Ranjeet, Saurabh Shukla, Vijay A. | EP 05","https://www.youtube.com/watch?v=9I8t-J9riuQ","1377","https://www.youtube.com/playlist?list=PLImQCagB5etA0FMEJ7yrWIUBCzxgOBikn","Raj Rishi Serials"
"4","79:11:52","The Sword of Tipu Sultan","The Sword of Tipu Sultan — Tipu Sultan | Full Episode 06 | Sanjay Khan, Dipika Chikhlia, Swapnil Joshi | Dangal TV Gathaa","https://www.youtube.com/watch?v=g0NzXpPzfcM","2511","https://www.youtube.com/playlist?list=PLL8R100698ndzARBsLB6Z8jYs_52cDJJ7","Dangal TV Replay"
"4","79:53:43","Swabhimaan","Swabhimaan — Swabhimaan | Episode 62| Ashutosh Rana, Manoj Bajpayee | Classic Indian TV Serial","https://www.youtube.com/watch?v=xC_I5DEW2eA","1291","https://www.youtube.com/playlist?list=PLZeNWB9l7494","Classic Indian TV Serials"
"4","80:15:14","Nukkad","Nukkad — Nukkad   Episode # 3   Politician Arrives at Nukkad   Best Old TV Serial","https://www.youtube.com/watch?v=I-GG8jmAA3w","1386","https://www.youtube.com/playlist?list=PLDXzvDkBVqqSGYLZPlZQfl_Vn-JmuiTDN","movie clips"
"4","80:38:20","Chandrakanta","Chandrakanta — Chandrakanta 1994 Episode 12","https://www.youtube.com/watch?v=Y8dvny7cQvw","1137","https://www.youtube.com/playlist?list=PLKfQh0u-9j2YaM54LNfASdQYllxsoU05a","lone warrior"
"4","80:57:17","Chanakya","Chanakya — चाणक्य Official | Full Episode 6 | Directed & Acted by Dr. Chandraprakash Dwivedi","https://www.youtube.com/watch?v=m5Er1dLMi9U","2536","https://www.youtube.com/playlist?list=PLY-qGtGftCjm1_tDxT2TsDAXXC2p-iutt","Chanakya_theofficial"
"4","81:39:33","Byomkesh Bakshi","Byomkesh Bakshi — Byomkesh Bakshi: Ep#4- Makdi ka Ras","https://www.youtube.com/watch?v=NSFFFTmZsy8","2291","https://www.youtube.com/playlist?list=PLUiMfS6qzIMxiHu2N2Px1ISp5vxCm3PMo","Doordarshan National"
"4","82:17:44","Swabhimaan","Swabhimaan — Swabhimaan | Episode 63| Ashutosh Rana, Manoj Bajpayee | Classic Indian TV Serial","https://www.youtube.com/watch?v=ZcIa5S0Y6tk","1335","https://www.youtube.com/playlist?list=PLZeNWB9l7494","Classic Indian TV Serials"
"4","82:39:59","Shri Krishna","Shri Krishna — Sri Krishna EP 22 - गोपियों के वस्त्र हरण | HQ WIDE SCREEN | English Subtitles","https://www.youtube.com/watch?v=NU4vU4cfcjY","2722","https://www.youtube.com/playlist?list=PLFPJRCFRDARR9IkjkVi6O9ue5DjKiKtkI","Tilak"
"4","83:25:21","Swabhimaan","Swabhimaan — Swabhimaan | Episode 64| Ashutosh Rana, Manoj Bajpayee | Classic Indian TV Serial","https://www.youtube.com/watch?v=DeQ9M6i1szU","1307","https://www.youtube.com/playlist?list=PLZeNWB9l7494","Classic Indian TV Serials"
"4","83:47:08","Alif Laila","Alif Laila — अगर तू मुझपे रहम करता तो में तुझे बक्स देता Episode 18 | Alif Laila Ki Kahani अलिफ़ लैला","https://www.youtube.com/watch?v=ZcEpxo7jkX0","1365","https://www.youtube.com/playlist?list=PLqmdsOwstpJfOtjWGMFTGMruqQV7C5XoL","Sagar Pictures"
"4","84:09:53","Swabhimaan","Swabhimaan — Swabhimaan | Episode 65| Ashutosh Rana, Manoj Bajpayee | Classic Indian TV Serial","https://www.youtube.com/watch?v=oHGchXxEa-k","1251","https://www.youtube.com/playlist?list=PLZeNWB9l7494","Classic Indian TV Serials"
"4","84:30:44","Junoon","Junoon — Junoon Maha Episode 18 | Aditya Dhanraj v/s Sumer Rajvansh","https://www.youtube.com/watch?v=tGe_i6KQ46k","1539","https://www.youtube.com/playlist?list=PLrkDcuaB2OX_ZuAo48tg5pEa2BjdoM8Y2","Cinevista Entertainment"
"4","84:56:23","Flop Show","Flop Show — Jaspal Bhatti's Flop Show |  Fake Medical Bills | Ep 2","https://www.youtube.com/watch?v=houu5Zh50yA","1571","https://www.youtube.com/playlist?list=PLUiMfS6qzIMyisp9Ks0FxE9Ba4EpLQm0Z","Doordarshan National"
"4","85:22:34","Swabhimaan","Swabhimaan — Swabhimaan | Episode 66| Ashutosh Rana, Manoj Bajpayee | Classic Indian TV Serial","https://www.youtube.com/watch?v=qT-erE4cLvY","1252","https://www.youtube.com/playlist?list=PLZeNWB9l7494","Classic Indian TV Serials"
"4","85:43:26","Shri Krishna","Shri Krishna — Sri Krishna EP 23 - श्री कृष्ण ने किया बकासुर और अकासुर का वध | HQ WIDE SCREEN | English Subtitles","https://www.youtube.com/watch?v=DU83wp5XS-0","2694","https://www.youtube.com/playlist?list=PLFPJRCFRDARR9IkjkVi6O9ue5DjKiKtkI","Tilak"
"4","86:28:20","Swabhimaan","Swabhimaan — Swabhimaan | Episode 67| Ashutosh Rana, Manoj Bajpayee | Classic Indian TV Serial","https://www.youtube.com/watch?v=wZdNRoXsm-A","1224","https://www.youtube.com/playlist?list=PLZeNWB9l7494","Classic Indian TV Serials"
"4","86:48:44","Swabhimaan","Swabhimaan — Swabhimaan | Episode 68| Ashutosh Rana, Manoj Bajpayee | Classic Indian TV Serial","https://www.youtube.com/watch?v=GotjjY_yvag","1249","https://www.youtube.com/playlist?list=PLZeNWB9l7494","Classic Indian TV Serials"
"4","87:09:33","Chandrakanta","Chandrakanta — Chandrakanta 1994 Episode 13","https://www.youtube.com/watch?v=4wsE2KUnxqc","1137","https://www.youtube.com/playlist?list=PLKfQh0u-9j2YaM54LNfASdQYllxsoU05a","lone warrior"
"4","87:28:30","Vintage ads","Vintage ads — 1991: Margo soap","https://www.youtube.com/watch?v=F9QQVSKDdX0","42","https://www.youtube.com/playlist?list=PLycor1XF7S9HVMnWxndl27HgZJM5S8wRT","Guruprasad Gp"
"4","87:29:12","The Great Maratha","The Great Maratha — The Great Maratha | Full Episode 05 | Irrfan Khan, Pankaj Dheer | Dangal TV Gathaa","https://www.youtube.com/watch?v=O-kY41mYWAM","2291","https://www.youtube.com/playlist?list=PLL8R100698nc9lYCs25j4FrcGDyqdtq_B","Dangal TV Replay"
"4","88:07:23","Swabhimaan","Swabhimaan — Swabhimaan | Episode 70| Ashutosh Rana, Manoj Bajpayee | Classic Indian TV Serial","https://www.youtube.com/watch?v=vL5KzlQ5e38","1239","https://www.youtube.com/playlist?list=PLZeNWB9l7494","Classic Indian TV Serials"
"4","88:28:02","Surabhi","Surabhi — Surabhi | सुरभि  : Ep - 07","https://www.youtube.com/watch?v=CG-tNMBr28Q","1477","https://www.youtube.com/playlist?list=PLUiMfS6qzIMzE8lgWFaQ3qvVFCCONXALQ","Doordarshan National"
"4","88:52:39","Swabhimaan","Swabhimaan — Swabhimaan | Episode 71| Ashutosh Rana, Manoj Bajpayee | Classic Indian TV Serial","https://www.youtube.com/watch?v=5T9UPGKbRyU","1207","https://www.youtube.com/playlist?list=PLZeNWB9l7494","Classic Indian TV Serials"
"4","89:12:46","Bharat Ek Khoj","Bharat Ek Khoj — Bharat Ek Khoj | Episode-7 | Ramayana, Part-I","https://www.youtube.com/watch?v=0Vrr5fsm6Dk","2889","https://www.youtube.com/playlist?list=PLqtVCj5iilH4w0Y8KBB4fqBu25T0sGhXG","Prasar Bharati Archives"
"4","90:00:55","Shri Krishna","Shri Krishna — Sri Krishna EP 24 - कलिया नाग से श्री कृष्ण का युध | HQ WIDE SCREEN | English Subtitles","https://www.youtube.com/watch?v=0MEbwku6eeQ","2695","https://www.youtube.com/playlist?list=PLFPJRCFRDARR9IkjkVi6O9ue5DjKiKtkI","Tilak"
"4","90:45:50","Hum Log","Hum Log — Hum Log | Episode 7 | India's First Hindi TV Serial | Ashok Kumar, Seema Bhargava, Vinod & Jayshri","https://www.youtube.com/watch?v=xEGj4pBX0W0","1381","https://www.youtube.com/playlist?list=PLaNSOkABhCUE","Goldmines Movies"
"4","91:08:51","Swabhimaan","Swabhimaan — Swabhimaan | Episode 72| Ashutosh Rana, Manoj Bajpayee | Classic Indian TV Serial","https://www.youtube.com/watch?v=tb2WtAqG7xo","1190","https://www.youtube.com/playlist?list=PLZeNWB9l7494","Classic Indian TV Serials"
"4","91:28:41","Circus","Circus — Shahrukh Khan starrer Circus - Ep #03","https://www.youtube.com/watch?v=1t7M5x8PHZ4","1472","https://www.youtube.com/playlist?list=PLUiMfS6qzIMzAqteEcp055VDYpgZDbeyT","Doordarshan National"
"4","91:53:13","Swabhimaan","Swabhimaan — Swabhimaan | Episode 74| Ashutosh Rana, Manoj Bajpayee | Classic Indian TV Serial","https://www.youtube.com/watch?v=7RBneUnh9vc","1273","https://www.youtube.com/playlist?list=PLZeNWB9l7494","Classic Indian TV Serials"
"4","92:14:26","Udaan","Udaan — Udaan DD national TV serial Episode 4 doordarshan old TV serial classic","https://www.youtube.com/watch?v=h_Weoql5678","1719","https://www.youtube.com/playlist?list=PLFSBneXK-Uv8l6Fs99d5HyhaMlW8q8tWk","Doordarshan Serial"
"4","92:43:05","Vintage ads","Vintage ads — 1986: Eggs are fun (India)","https://www.youtube.com/watch?v=3BDuSU3yho8","21","https://www.youtube.com/playlist?list=PLycor1XF7S9HVMnWxndl27HgZJM5S8wRT","Guruprasad Gp"
"4","92:43:26","Swabhimaan","Swabhimaan — Swabhimaan | Episode 75| Ashutosh Rana, Manoj Bajpayee | Classic Indian TV Serial","https://www.youtube.com/watch?v=oBRFwpGcxS4","1283","https://www.youtube.com/playlist?list=PLZeNWB9l7494","Classic Indian TV Serials"
"4","93:04:49","Alif Laila","Alif Laila — जब जिन्न ने लुटाये लाखो सोने के सिक्के !! Alif Laila Episode 19 !! अलिफ़ लैला !! Sagar Pictures","https://www.youtube.com/watch?v=-ySOwHyqKPs","1335","https://www.youtube.com/playlist?list=PLqmdsOwstpJfOtjWGMFTGMruqQV7C5XoL","Sagar Pictures"
"4","93:27:04","Shri Krishna","Shri Krishna — Sri Krishna EP 25 - गोवर्धन पूजन का प्रारम्भ | HQ WIDE SCREEN | English Subtitles","https://www.youtube.com/watch?v=_qNMQ63Zvec","2705","https://www.youtube.com/playlist?list=PLFPJRCFRDARR9IkjkVi6O9ue5DjKiKtkI","Tilak"
"4","94:12:09","Chandrakanta","Chandrakanta — Chandrakanta 1994 Episode 14","https://www.youtube.com/watch?v=HWj_AIP0MCA","1137","https://www.youtube.com/playlist?list=PLKfQh0u-9j2YaM54LNfASdQYllxsoU05a","lone warrior"
"4","94:31:06","Om Namah Shivay","Om Namah Shivay — Om Namah Shivay TV Serial | Episode 31 |देवी पार्वती के तप से भयभीत होकर तारकासुर ने छोड़ा स्वर्गलोक","https://www.youtube.com/watch?v=qjXPWlVT-kU","1295","https://www.youtube.com/playlist?list=PL5A5QJkW7MkuEgaSMSlkmc51V_jBHv6fO","Saregama Bhakti"
"4","94:52:41","Vintage ads","Vintage ads — 1986: Eggs are good (India)","https://www.youtube.com/watch?v=DCrdcJjkvt0","32","https://www.youtube.com/playlist?list=PLycor1XF7S9HVMnWxndl27HgZJM5S8wRT","Guruprasad Gp"
"4","94:53:13","Swabhimaan","Swabhimaan — Swabhimaan | Episode 77| Ashutosh Rana, Manoj Bajpayee | Classic Indian TV Serial","https://www.youtube.com/watch?v=7eF2MOODfuY","1227","https://www.youtube.com/playlist?list=PLZeNWB9l7494","Classic Indian TV Serials"
"4","95:13:40","Dekh Bhai Dekh","Dekh Bhai Dekh — Dekh Bhai Dekh episode 7 part 1","https://www.youtube.com/watch?v=axu95wre0n4","466","https://www.youtube.com/playlist?list=UUYdB1nhxEAtjp-TLnv5utzg","LBEstudio"
"4","95:21:26","Dekh Bhai Dekh","Dekh Bhai Dekh — Dekh Bhai Dekh episode 7 part 2","https://www.youtube.com/watch?v=BD3dnH0f5Fg","466","https://www.youtube.com/playlist?list=UUYdB1nhxEAtjp-TLnv5utzg","LBEstudio"
"4","95:29:12","Dekh Bhai Dekh","Dekh Bhai Dekh — Dekh Bhai Dekh episode 7 part 3","https://www.youtube.com/watch?v=TKpvRSpMYJM","458","https://www.youtube.com/playlist?list=UUYdB1nhxEAtjp-TLnv5utzg","LBEstudio"
"4","95:36:50","Swabhimaan","Swabhimaan — Swabhimaan | Episode 78| Ashutosh Rana, Manoj Bajpayee | Classic Indian TV Serial","https://www.youtube.com/watch?v=fSWfyoC6vW8","1211","https://www.youtube.com/playlist?list=PLZeNWB9l7494","Classic Indian TV Serials"
"4","95:57:01","Swabhimaan","Swabhimaan — Swabhimaan | Episode 79| Ashutosh Rana, Manoj Bajpayee | Classic Indian TV Serial","https://www.youtube.com/watch?v=5VP7M1zN7Qc","1242","https://www.youtube.com/playlist?list=PLZeNWB9l7494","Classic Indian TV Serials"
"5","96:17:43","The Sword of Tipu Sultan","The Sword of Tipu Sultan — Tipu Sultan | Full Episode 07 | Sanjay Khan, Dipika Chikhlia, Swapnil Joshi | Dangal TV Gathaa","https://www.youtube.com/watch?v=d5Qgiz8K1As","2328","https://www.youtube.com/playlist?list=PLL8R100698ndzARBsLB6Z8jYs_52cDJJ7","Dangal TV Replay"
"5","96:56:31","Chanakya","Chanakya — चाणक्य Official | Episode 7 | Directed & Acted by Dr. Chandraprakash Dwivedi #chanakya #chanakyaniti","https://www.youtube.com/watch?v=OsdW37oJkRU","2824","https://www.youtube.com/playlist?list=PLY-qGtGftCjm1_tDxT2TsDAXXC2p-iutt","Chanakya_theofficial"
"5","97:43:35","Vintage ads","Vintage ads — 1989: Horlicks biscuits","https://www.youtube.com/watch?v=HRqA-C8dDGA","30","https://www.youtube.com/playlist?list=PLycor1XF7S9HVMnWxndl27HgZJM5S8wRT","Guruprasad Gp"
"5","97:44:05","Swabhimaan","Swabhimaan — Swabhimaan | Episode 80| Ashutosh Rana, Manoj Bajpayee | Classic Indian TV Serial","https://www.youtube.com/watch?v=m2EQMTPOX5o","1277","https://www.youtube.com/playlist?list=PLZeNWB9l7494","Classic Indian TV Serials"
"5","98:05:22","Shri Krishna","Shri Krishna — Sri Krishna EP 26 - श्री कृष्ण ने उठाया गोवर्धन पर्वत | HQ WIDE SCREEN | English Subtitles","https://www.youtube.com/watch?v=easCqVrQTjQ","2730","https://www.youtube.com/playlist?list=PLFPJRCFRDARR9IkjkVi6O9ue5DjKiKtkI","Tilak"
"5","98:50:52","Tehkikaat","Tehkikaat — Tehkikaat तहकीकात | Jealousi Turns Blood - Crime Serial | Ranjeet, Saurabh Shukla, Vijay A. | EP 06","https://www.youtube.com/watch?v=3BsiuSaYTbg","1406","https://www.youtube.com/playlist?list=PLImQCagB5etA0FMEJ7yrWIUBCzxgOBikn","Raj Rishi Serials"
"5","99:14:18","Swabhimaan","Swabhimaan — Swabhimaan | Episode 81| Ashutosh Rana, Manoj Bajpayee | Classic Indian TV Serial","https://www.youtube.com/watch?v=IJTLReYR5rA","1203","https://www.youtube.com/playlist?list=PLZeNWB9l7494","Classic Indian TV Serials"
"5","99:34:21","Swabhimaan","Swabhimaan — Swabhimaan | Episode 82| Ashutosh Rana, Manoj Bajpayee","https://www.youtube.com/watch?v=Hhob3pMs4HE","1335","https://www.youtube.com/playlist?list=PLZeNWB9l7494","Classic Indian TV Serials"
"5","99:56:36","Vintage ads","Vintage ads — 1991: Top Ramen noodles","https://www.youtube.com/watch?v=TMIGlXRE2ug","32","https://www.youtube.com/playlist?list=PLycor1XF7S9HVMnWxndl27HgZJM5S8wRT","Guruprasad Gp"
"5","99:57:08","Chandrakanta","Chandrakanta — Chandrakanta 1994 Episode 15","https://www.youtube.com/watch?v=J1RAcP5cXXg","1137","https://www.youtube.com/playlist?list=PLKfQh0u-9j2YaM54LNfASdQYllxsoU05a","lone warrior"
"5","100:16:05","Vikram Aur Betaal","Vikram Aur Betaal — रामानंद सागर कृत विक्रम और बेताल भाग 4 - सोमप्रभा के लिए योग्य वर कौन ?","https://www.youtube.com/watch?v=twuX4WhXoC8","1400","https://www.youtube.com/playlist?list=PL-eaGjSO6F70C3-LkA3kEqAIHkdDLhI6Q","Tilak Kathayein"
"5","100:39:25","Swabhimaan","Swabhimaan — Swabhimaan | Episode 83| Ashutosh Rana, Manoj Bajpayee | Classic Indian TV Serial","https://www.youtube.com/watch?v=xXpkvSWEtCc","1261","https://www.youtube.com/playlist?list=PLZeNWB9l7494","Classic Indian TV Serials"
"5","101:00:26","Shri Krishna","Shri Krishna — Sri Krishna EP 27 - कंस को नारद मुनि जी सलाह | HQ WIDE SCREEN | English Subtitles","https://www.youtube.com/watch?v=1kUlrSzZXeg","2709","https://www.youtube.com/playlist?list=PLFPJRCFRDARR9IkjkVi6O9ue5DjKiKtkI","Tilak"
"5","101:45:35","Swabhimaan","Swabhimaan — Swabhimaan | Episode 84| Ashutosh Rana, Manoj Bajpayee | Classic Indian TV Serial","https://www.youtube.com/watch?v=3lbz8wtTgew","1229","https://www.youtube.com/playlist?list=PLZeNWB9l7494","Classic Indian TV Serials"
"5","102:06:04","Alif Laila","Alif Laila — अलादीन के जादुई चिराग की कहानी !!अलिफ़ लैला की कहानिया Episode : 20 Alif Laila सागर पिक्चर","https://www.youtube.com/watch?v=j1A9f3V4gvc","1375","https://www.youtube.com/playlist?list=PLqmdsOwstpJfOtjWGMFTGMruqQV7C5XoL","Sagar Pictures"
"5","102:28:59","Vintage ads","Vintage ads — 1989: Nissin cuppa noodles (picnic)","https://www.youtube.com/watch?v=g7tV77rJfhg","32","https://www.youtube.com/playlist?list=PLycor1XF7S9HVMnWxndl27HgZJM5S8wRT","Guruprasad Gp"
"5","102:29:31","Swabhimaan","Swabhimaan — Swabhimaan | Episode 85| Ashutosh Rana, Manoj Bajpayee | Classic Indian TV Serial","https://www.youtube.com/watch?v=99IyV7GrKLY","1180","https://www.youtube.com/playlist?list=PLZeNWB9l7494","Classic Indian TV Serials"
"5","102:49:11","Surabhi","Surabhi — Surabhi | सुरभि  : Ep - 08","https://www.youtube.com/watch?v=YxqtKD6hIms","1420","https://www.youtube.com/playlist?list=PLUiMfS6qzIMzE8lgWFaQ3qvVFCCONXALQ","Doordarshan National"
"5","103:12:51","Swabhimaan","Swabhimaan — Swabhimaan | Episode 86| Ashutosh Rana, Manoj Bajpayee | Classic Indian TV Serial","https://www.youtube.com/watch?v=nKYWFaQssbY","1306","https://www.youtube.com/playlist?list=PLZeNWB9l7494","Classic Indian TV Serials"
"5","103:34:37","Bharat Ek Khoj","Bharat Ek Khoj — Bharat Ek Khoj | Episode-8 | Ramayana, Part II","https://www.youtube.com/watch?v=HKoz18Cgv3M","2669","https://www.youtube.com/playlist?list=PLqtVCj5iilH4w0Y8KBB4fqBu25T0sGhXG","Prasar Bharati Archives"
"5","104:19:06","Shri Krishna","Shri Krishna — Sri Krishna EP 28 - बृज की होली का त्योहार | HQ WIDE SCREEN | English Subtitles","https://www.youtube.com/watch?v=eSfnlssGwbk","2739","https://www.youtube.com/playlist?list=PLFPJRCFRDARR9IkjkVi6O9ue5DjKiKtkI","Tilak"
"5","105:04:45","Hum Log","Hum Log — Hum Log | Episode 8 | India's First Hindi TV Serial | Ashok Kumar, Seema Bhargava, Vinod & Jayshri","https://www.youtube.com/watch?v=X1__OKCysCA","1333","https://www.youtube.com/playlist?list=PLaNSOkABhCUE","Goldmines Movies"
"5","105:26:58","Swabhimaan","Swabhimaan — Swabhimaan | Episode 87| Ashutosh Rana, Manoj Bajpayee | Classic Indian TV Serial","https://www.youtube.com/watch?v=nwhws44QtDo","1219","https://www.youtube.com/playlist?list=PLZeNWB9l7494","Classic Indian TV Serials"
"5","105:47:17","Byomkesh Bakshi","Byomkesh Bakshi — Byomkesh Bakshi: Ep#5 - Wasiyat","https://www.youtube.com/watch?v=qEswKEZ10YE","2578","https://www.youtube.com/playlist?list=PLUiMfS6qzIMxiHu2N2Px1ISp5vxCm3PMo","Doordarshan National"
"5","106:30:15","The Great Maratha","The Great Maratha — The Great Maratha | Full Episode 06 | Irrfan Khan, Pankaj Dheer | Dangal TV Gathaa","https://www.youtube.com/watch?v=IUVqDUS0hwM","2664","https://www.youtube.com/playlist?list=PLL8R100698nc9lYCs25j4FrcGDyqdtq_B","Dangal TV Replay"
"5","107:14:39","Vintage ads","Vintage ads — 1989 Nissin cuppa noodles (lunch)","https://www.youtube.com/watch?v=9r86edKmDyg","32","https://www.youtube.com/playlist?list=PLycor1XF7S9HVMnWxndl27HgZJM5S8wRT","Guruprasad Gp"
"5","107:15:11","Swabhimaan","Swabhimaan — Swabhimaan | Episode 88| Ashutosh Rana, Manoj Bajpayee | Classic Indian TV Serial","https://www.youtube.com/watch?v=FBfIww_MYOY","1379","https://www.youtube.com/playlist?list=PLZeNWB9l7494","Classic Indian TV Serials"
"5","107:38:10","Chandrakanta","Chandrakanta — Chandrakanta 1994 Episode 16","https://www.youtube.com/watch?v=I7r1s1c3uXc","1137","https://www.youtube.com/playlist?list=PLKfQh0u-9j2YaM54LNfASdQYllxsoU05a","lone warrior"
"5","107:57:07","Swabhimaan","Swabhimaan — Swabhimaan | Episode 89| Ashutosh Rana, Manoj Bajpayee | Classic Indian TV Serial","https://www.youtube.com/watch?v=Q8--r-6Iq5s","1277","https://www.youtube.com/playlist?list=PLZeNWB9l7494","Classic Indian TV Serials"
"5","108:18:24","Swabhimaan","Swabhimaan — Swabhimaan | Episode 90 | Ashutosh Rana, Manoj Bajpayee | Classic Indian TV Serial","https://www.youtube.com/watch?v=vAK_cn99vNs","1183","https://www.youtube.com/playlist?list=PLZeNWB9l7494","Classic Indian TV Serials"
"5","108:38:07","Shri Krishna","Shri Krishna — Sri Krishna EP 29 - श्री कृष्ण ने राधा का अहंकार तोड़ा | HQ WIDE SCREEN | English Subtitles","https://www.youtube.com/watch?v=_OlQtDQ3PXk","2666","https://www.youtube.com/playlist?list=PLFPJRCFRDARR9IkjkVi6O9ue5DjKiKtkI","Tilak"
"5","109:22:33","Vintage ads","Vintage ads — 1985: Vadilal ice cream - What a dream","https://www.youtube.com/watch?v=ODDKZum5OfI","54","https://www.youtube.com/playlist?list=PLycor1XF7S9HVMnWxndl27HgZJM5S8wRT","Guruprasad Gp"
"5","109:23:27","Swabhimaan","Swabhimaan — Swabhimaan | Episode 91| Ashutosh Rana, Manoj Bajpayee | Classic Indian TV Serial","https://www.youtube.com/watch?v=gKprDJ9ML4g","1292","https://www.youtube.com/playlist?list=PLZeNWB9l7494","Classic Indian TV Serials"
"5","109:44:59","Dekh Bhai Dekh","Dekh Bhai Dekh — Dekh Bhai Dekh episode 8 part 1","https://www.youtube.com/watch?v=yv3hvIus4Hw","444","https://www.youtube.com/playlist?list=UUYdB1nhxEAtjp-TLnv5utzg","LBEstudio"
"5","109:52:23","Dekh Bhai Dekh","Dekh Bhai Dekh — Dekh Bhai Dekh episode 8 part 2","https://www.youtube.com/watch?v=M8LzxzDqRpo","454","https://www.youtube.com/playlist?list=UUYdB1nhxEAtjp-TLnv5utzg","LBEstudio"
"5","109:59:57","Dekh Bhai Dekh","Dekh Bhai Dekh — Dekh Bhai Dekh episode 8 part 3","https://www.youtube.com/watch?v=LP2UHbfzW80","423","https://www.youtube.com/playlist?list=UUYdB1nhxEAtjp-TLnv5utzg","LBEstudio"
"5","110:07:00","Swabhimaan","Swabhimaan — Swabhimaan | Episode 92 | Ashutosh Rana, Manoj Bajpayee | Classic Indian TV Serial","https://www.youtube.com/watch?v=NytxbLTrvaY","1270","https://www.youtube.com/playlist?list=PLZeNWB9l7494","Classic Indian TV Serials"
"5","110:28:10","The Sword of Tipu Sultan","The Sword of Tipu Sultan — Tipu Sultan | Full Episode 08 | Sanjay Khan, Dipika Chikhlia, Swapnil Joshi | Dangal TV Gathaa","https://www.youtube.com/watch?v=F5_lCmIJ2GY","2275","https://www.youtube.com/playlist?list=PLL8R100698ndzARBsLB6Z8jYs_52cDJJ7","Dangal TV Replay"
"5","111:06:05","Swabhimaan","Swabhimaan — Swabhimaan | Episode 93 | Ashutosh Rana, Manoj Bajpayee | Classic Indian TV Serial","https://www.youtube.com/watch?v=h7eKGuwCFCM","1253","https://www.youtube.com/playlist?list=PLZeNWB9l7494","Classic Indian TV Serials"
"5","111:26:58","Shri Krishna","Shri Krishna — Sri Krishna EP 30 - श्री कृष्ण की गोपियों संग रासलीला | HQ WIDE SCREEN | English Subtitles","https://www.youtube.com/watch?v=GM9xvOiaxIw","2697","https://www.youtube.com/playlist?list=PLFPJRCFRDARR9IkjkVi6O9ue5DjKiKtkI","Tilak"
"5","112:11:55","Chandrakanta","Chandrakanta — Chandrakanta 1994 Episode 17","https://www.youtube.com/watch?v=lVzdBgp1qeg","1090","https://www.youtube.com/playlist?list=PLKfQh0u-9j2YaM54LNfASdQYllxsoU05a","lone warrior"
"5","112:30:05","Alif Laila","Alif Laila — जब अल्लाह को भी अलादीन की फरियाद सुननी पड़ी Episode : 21 | Alif Laila | Sagar Pictures","https://www.youtube.com/watch?v=DQOphZuENQ8","1357","https://www.youtube.com/playlist?list=PLqmdsOwstpJfOtjWGMFTGMruqQV7C5XoL","Sagar Pictures"
"5","112:52:42","Swabhimaan","Swabhimaan — Swabhimaan | Episode 94 | Ashutosh Rana, Manoj Bajpayee | Classic Indian TV Serial","https://www.youtube.com/watch?v=YFrV6uALkdg","1293","https://www.youtube.com/playlist?list=PLZeNWB9l7494","Classic Indian TV Serials"
"5","113:14:15","Chanakya","Chanakya — चाणक्य Official | Episode 8 | Directed & Acted by Dr. Chandraprakash Dwivedi #chanakya #chanakyaniti","https://www.youtube.com/watch?v=7EgHk75-XBk","2733","https://www.youtube.com/playlist?list=PLY-qGtGftCjm1_tDxT2TsDAXXC2p-iutt","Chanakya_theofficial"
"5","113:59:48","Swabhimaan","Swabhimaan — Swabhimaan | Episode 95 | Ashutosh Rana, Manoj Bajpayee | Classic Indian TV Serial","https://www.youtube.com/watch?v=-tnI74NNbDQ","1241","https://www.youtube.com/playlist?list=PLZeNWB9l7494","Classic Indian TV Serials"
"5","114:20:29","Vintage ads","Vintage ads — 1986: Maltova","https://www.youtube.com/watch?v=58liie07mPI","21","https://www.youtube.com/playlist?list=PLycor1XF7S9HVMnWxndl27HgZJM5S8wRT","Guruprasad Gp"
"5","114:20:50","Swabhimaan","Swabhimaan — Swabhimaan | Episode 97 | Ashutosh Rana, Manoj Bajpayee | Classic Indian TV Serial","https://www.youtube.com/watch?v=HVAsj5LlbMQ","1296","https://www.youtube.com/playlist?list=PLZeNWB9l7494","Classic Indian TV Serials"
"5","114:42:26","Shri Krishna","Shri Krishna — Sri Krishna EP 31 - कंस का धनुर यज्ञ की योजना | HQ WIDE SCREEN | English Subtitles","https://www.youtube.com/watch?v=1vd_g_EGyu8","2697","https://www.youtube.com/playlist?list=PLFPJRCFRDARR9IkjkVi6O9ue5DjKiKtkI","Tilak"
"5","115:27:23","Vintage ads","Vintage ads — 1981: Cibaca tooth powder","https://www.youtube.com/watch?v=-cyeFr-9Xq8","23","https://www.youtube.com/playlist?list=PLycor1XF7S9HVMnWxndl27HgZJM5S8wRT","Guruprasad Gp"
"5","115:27:46","Swabhimaan","Swabhimaan — Swabhimaan | Episode 99 | Ashutosh Rana, Manoj Bajpayee | Classic Indian TV Serial","https://www.youtube.com/watch?v=HzUrDFsFNAg","1192","https://www.youtube.com/playlist?list=PLZeNWB9l7494","Classic Indian TV Serials"
"5","115:47:38","Tehkikaat","Tehkikaat — Tehkikaat तहकीकात | Jealousi Turns Blood - Crime Serial | Ranjeet, Saurabh Shukla, Vijay A. | EP 07","https://www.youtube.com/watch?v=H95cN_MI-uo","1408","https://www.youtube.com/playlist?list=PLImQCagB5etA0FMEJ7yrWIUBCzxgOBikn","Raj Rishi Serials"
"5","116:11:06","Surabhi","Surabhi — Surabhi | सुरभि  : Ep - 09","https://www.youtube.com/watch?v=y1mEQHguJ30","1471","https://www.youtube.com/playlist?list=PLUiMfS6qzIMzE8lgWFaQ3qvVFCCONXALQ","Doordarshan National"
"5","116:35:37","Swabhimaan","Swabhimaan — Swabhimaan | Episode 100 | Ashutosh Rana, Manoj Bajpayee | Classic Indian TV S","https://www.youtube.com/watch?v=HTC5LNh1Jqs","1243","https://www.youtube.com/playlist?list=PLZeNWB9l7494","Classic Indian TV Serials"
"5","116:56:20","Malgudi Days","Malgudi Days — Malgudi Days - मालगुडी डेज - Episode 51 - Annamalai - अन्नामलई (Part 2)","https://www.youtube.com/watch?v=lISITUDGT7U","1397","https://www.youtube.com/playlist?list=PLIhvrpwTgKyrXD3jx9PSxMaP7_j53RmXS","Ultra TV Series"
"5","117:19:37","Vintage ads","Vintage ads — 1987: Konica square","https://www.youtube.com/watch?v=JTkWC1Snijs","31","https://www.youtube.com/playlist?list=PLycor1XF7S9HVMnWxndl27HgZJM5S8wRT","Guruprasad Gp"
"5","117:20:08","Chandrakanta","Chandrakanta — Chandrakanta 1994 Episode 18","https://www.youtube.com/watch?v=C-jhiGVXNdM","1106","https://www.youtube.com/playlist?list=PLKfQh0u-9j2YaM54LNfASdQYllxsoU05a","lone warrior"
"5","117:38:34","Swabhimaan","Swabhimaan — SW EP101 Swabhimaan | Episode 100 | Ashutosh Rana, Manoj Bajpayee | Classic Indian TV Serial","https://www.youtube.com/watch?v=n3tII0pljFY","1256","https://www.youtube.com/playlist?list=PLZeNWB9l7494","Classic Indian TV Serials"
"5","117:59:30","Bharat Ek Khoj","Bharat Ek Khoj — Bharat Ek Khoj | Episode-9 | Republics & Kingdoms","https://www.youtube.com/watch?v=vyn5buWVk5o","2266","https://www.youtube.com/playlist?list=PLqtVCj5iilH4w0Y8KBB4fqBu25T0sGhXG","Prasar Bharati Archives"
"5","118:37:16","Nukkad","Nukkad — Nukkad   Episode # 4   Amitabh Bachchan's Photo   Best Hindi TV Show","https://www.youtube.com/watch?v=bSjS_RUT-8Q","1390","https://www.youtube.com/playlist?list=PLDXzvDkBVqqSGYLZPlZQfl_Vn-JmuiTDN","movie clips"
"5","119:00:26","Hum Log","Hum Log — Hum Log | Episode 9 | India's First Hindi TV Serial | Ashok Kumar, Seema Bhargava, Vinod & Jayshri","https://www.youtube.com/watch?v=hJ-p2mftz18","1260","https://www.youtube.com/playlist?list=PLaNSOkABhCUE","Goldmines Movies"
"5","119:21:26","Swabhimaan","Swabhimaan — Swabhimaan | Episode 102 | Ashutosh Rana, Manoj Bajpayee | Classic Indian TV Serial","https://www.youtube.com/watch?v=bklSYVSYlJg","1274","https://www.youtube.com/playlist?list=PLZeNWB9l7494","Classic Indian TV Serials"
"5","119:42:40","Shri Krishna","Shri Krishna — Sri Krishna EP 32 - कंस का वासुदेव को अंधे कुएँ में फेंकना | HQ WIDE SCREEN | English Subtitles","https://www.youtube.com/watch?v=CCDJ0n3y5GU","2719","https://www.youtube.com/playlist?list=PLFPJRCFRDARR9IkjkVi6O9ue5DjKiKtkI","Tilak"
"6","120:27:59","Swabhimaan","Swabhimaan — Swabhimaan | Episode 104 | Ashutosh Rana, Manoj Bajpayee | Classic Indian TV Serial","https://www.youtube.com/watch?v=I2sY0GCgxLE","1183","https://www.youtube.com/playlist?list=PLZeNWB9l7494","Classic Indian TV Serials"
"6","120:47:42","Vintage ads","Vintage ads — 1984: VIP Alpha Suitcase","https://www.youtube.com/watch?v=k6ABQPJppEo","41","https://www.youtube.com/playlist?list=PLycor1XF7S9HVMnWxndl27HgZJM5S8wRT","Guruprasad Gp"
"6","120:48:23","Swabhimaan","Swabhimaan — Swabhimaan | Episode 105 | Ashutosh Rana, Manoj Bajpayee | Classic Indian TV Serial","https://www.youtube.com/watch?v=PsFysio028c","1203","https://www.youtube.com/playlist?list=PLZeNWB9l7494","Classic Indian TV Serials"
"6","121:08:26","Alif Laila","Alif Laila — हमेशा जीत और हार आपकी सोच पर निर्भर करती है Episode 22 | अलिफ़ लैला |ALif Laila |1080p","https://www.youtube.com/watch?v=ifcTQ00dWsg","1364","https://www.youtube.com/playlist?list=PLqmdsOwstpJfOtjWGMFTGMruqQV7C5XoL","Sagar Pictures"
"6","121:31:10","Swabhimaan","Swabhimaan — Swabhimaan | Episode 106 | Ashutosh Rana, Manoj Bajpayee | Classic Indian TV Serial","https://www.youtube.com/watch?v=FiAVxmQADRo","1292","https://www.youtube.com/playlist?list=PLZeNWB9l7494","Classic Indian TV Serials"
"6","121:52:42","Shri Krishna","Shri Krishna — Sri Krishna EP 33 - अक्रूर का यशोदा नंदराय को अनुमति माँगना | HQ WIDE SCREEN | English Subtitles","https://www.youtube.com/watch?v=ouWHqqNLnuo","2711","https://www.youtube.com/playlist?list=PLFPJRCFRDARR9IkjkVi6O9ue5DjKiKtkI","Tilak"
"6","122:37:53","Swabhimaan","Swabhimaan — Swabhimaan | Episode 107 | Ashutosh Rana, Manoj Bajpayee | Classic Indian TV Serial","https://www.youtube.com/watch?v=DNbJkmjPQC8","1273","https://www.youtube.com/playlist?list=PLZeNWB9l7494","Classic Indian TV Serials"
"6","122:59:06","Dekh Bhai Dekh","Dekh Bhai Dekh — Dekh Bhai Dekh episode 9","https://www.youtube.com/watch?v=4hE_8EoIMFw","1359","https://www.youtube.com/playlist?list=UUYdB1nhxEAtjp-TLnv5utzg","LBEstudio"
"6","123:21:45","Chandrakanta","Chandrakanta — Chandrakanta 1994 Episode 19 LONE WARRIOR","https://www.youtube.com/watch?v=PWrWGfa5XiI","1107","https://www.youtube.com/playlist?list=PLKfQh0u-9j2YaM54LNfASdQYllxsoU05a","lone warrior"
"6","123:40:12","Swabhimaan","Swabhimaan — Swabhimaan | Episode 110 | Ashutosh Rana, Manoj Bajpayee | Classic Indian TV Serial","https://www.youtube.com/watch?v=EEFKPp1MIEs","1232","https://www.youtube.com/playlist?list=PLZeNWB9l7494","Classic Indian TV Serials"
"6","124:00:44","Vintage ads","Vintage ads — 1993: Prudent Mouthwash","https://www.youtube.com/watch?v=CnND1Sdb5e8","16","https://www.youtube.com/playlist?list=PLycor1XF7S9HVMnWxndl27HgZJM5S8wRT","Guruprasad Gp"
"6","124:01:00","The Sword of Tipu Sultan","The Sword of Tipu Sultan — Tipu Sultan | Full Episode 09 | Sanjay Khan, Dipika Chikhlia, Swapnil Joshi | Dangal TV Gathaa","https://www.youtube.com/watch?v=DVW7Eqb9MPs","2503","https://www.youtube.com/playlist?list=PLL8R100698ndzARBsLB6Z8jYs_52cDJJ7","Dangal TV Replay"
"6","124:42:43","The Great Maratha","The Great Maratha — The Great Maratha | Full Episode 07 | Irrfan Khan, Pankaj Dheer | Dangal TV Gathaa","https://www.youtube.com/watch?v=f0oOu3Wy_cc","2579","https://www.youtube.com/playlist?list=PLL8R100698nc9lYCs25j4FrcGDyqdtq_B","Dangal TV Replay"
"6","125:25:42","Swabhimaan","Swabhimaan — Swabhimaan | Episode 111 | Ashutosh Rana, Manoj Bajpayee | Classic Indian TV Serial","https://www.youtube.com/watch?v=lF3Z6sJE6r0","1213","https://www.youtube.com/playlist?list=PLZeNWB9l7494","Classic Indian TV Serials"
"6","125:45:55","Vintage ads","Vintage ads — 1997: Preity Zinta Liril ad","https://www.youtube.com/watch?v=HNlN_MAaKik","36","https://www.youtube.com/playlist?list=PLycor1XF7S9HVMnWxndl27HgZJM5S8wRT","Guruprasad Gp"
"6","125:46:31","Shri Krishna","Shri Krishna — Sri Krishna EP 34 - बलराम और श्री कृष्ण की तैयारी | HQ WIDE SCREEN | English Subtitles","https://www.youtube.com/watch?v=8bnG2dtYA5E","2717","https://www.youtube.com/playlist?list=PLFPJRCFRDARR9IkjkVi6O9ue5DjKiKtkI","Tilak"
"6","126:31:48","Swabhimaan","Swabhimaan — Swabhimaan | Episode 113 | Ashutosh Rana, Manoj Bajpayee | Classic Indian TV Serial","https://www.youtube.com/watch?v=pXOxjKuvF9E","1253","https://www.youtube.com/playlist?list=PLZeNWB9l7494","Classic Indian TV Serials"
"6","126:52:41","Swabhimaan","Swabhimaan — Swabhimaan | Episode 114 | Ashutosh Rana, Manoj Bajpayee | Classic Indian TV Serial","https://www.youtube.com/watch?v=Km9FHxUFMSY","1181","https://www.youtube.com/playlist?list=PLZeNWB9l7494","Classic Indian TV Serials"
"6","127:12:22","Swabhimaan","Swabhimaan — Swabhimaan | Episode 115 | Ashutosh Rana, Manoj Bajpayee | Classic Indian TV Serial","https://www.youtube.com/watch?v=Pn6fDnrtZy0","1211","https://www.youtube.com/playlist?list=PLZeNWB9l7494","Classic Indian TV Serials"
"6","127:32:33","Vintage ads","Vintage ads — 1989: Kwality ice cream","https://www.youtube.com/watch?v=Lqw0gQftRVw","30","https://www.youtube.com/playlist?list=PLycor1XF7S9HVMnWxndl27HgZJM5S8wRT","Guruprasad Gp"
"6","127:33:03","Swabhimaan","Swabhimaan — Swabhimaan | Episode 116 | Ashutosh Rana, Manoj Bajpayee | Classic Indian TV Serial","https://www.youtube.com/watch?v=3TgOj9Eqtnk","1302","https://www.youtube.com/playlist?list=PLZeNWB9l7494","Classic Indian TV Serials"
"6","127:54:45","Bharat Ek Khoj","Bharat Ek Khoj — Bharat Ek Khoj | Episode-10 | Acceptance and Negation of Life","https://www.youtube.com/watch?v=Jf2iM0p-wnA","3378","https://www.youtube.com/playlist?list=PLqtVCj5iilH4w0Y8KBB4fqBu25T0sGhXG","Prasar Bharati Archives"
"6","128:51:03","Chandrakanta","Chandrakanta — Chandrakanta 1994 Episode 20","https://www.youtube.com/watch?v=aXX8YcXEs6c","1017","https://www.youtube.com/playlist?list=PLKfQh0u-9j2YaM54LNfASdQYllxsoU05a","lone warrior"
"6","129:08:00","Chanakya","Chanakya — चाणक्य Official | Episode 9 | Directed & Acted by Dr. Chandraprakash Dwivedi #chanakya #chanakyaniti","https://www.youtube.com/watch?v=dHd8CmRrMXE","3003","https://www.youtube.com/playlist?list=PLY-qGtGftCjm1_tDxT2TsDAXXC2p-iutt","Chanakya_theofficial"
"6","129:58:03","Shri Krishna","Shri Krishna — Sri Krishna EP 35 - राधा ने श्री कृष्ण को मथुरा जाने से रोका | HQ WIDE SCREEN | English Subtitles","https://www.youtube.com/watch?v=-jMy5u8j7Zk","2707","https://www.youtube.com/playlist?list=PLFPJRCFRDARR9IkjkVi6O9ue5DjKiKtkI","Tilak"
"6","130:43:10","Surabhi","Surabhi — Surabhi | सुरभि  : Ep - 10","https://www.youtube.com/watch?v=vtm2AT8U_3k","1465","https://www.youtube.com/playlist?list=PLUiMfS6qzIMzE8lgWFaQ3qvVFCCONXALQ","Doordarshan National"
"6","131:07:35","Swabhimaan","Swabhimaan — Swabhimaan | Episode 117 | Ashutosh Rana, Manoj Bajpayee | Classic Indian TV Serial","https://www.youtube.com/watch?v=AGetLFade_c","1203","https://www.youtube.com/playlist?list=PLZeNWB9l7494","Classic Indian TV Serials"
"6","131:27:38","Byomkesh Bakshi","Byomkesh Bakshi — Byomkesh Bakshi: Ep#6 - Quicksand","https://www.youtube.com/watch?v=nCWPn-8RTB4","2426","https://www.youtube.com/playlist?list=PLUiMfS6qzIMxiHu2N2Px1ISp5vxCm3PMo","Doordarshan National"
"6","132:08:04","Vikram Aur Betaal","Vikram Aur Betaal — रामानंद सागर कृत विक्रम और बेताल भाग 5 - राजा न्याय कर बना अपराधी","https://www.youtube.com/watch?v=AHDYW_qCloY","1387","https://www.youtube.com/playlist?list=PL-eaGjSO6F70C3-LkA3kEqAIHkdDLhI6Q","Tilak Kathayein"
"6","132:31:11","Hum Log","Hum Log — Hum Log | Episode 10 | India's First Hindi TV Serial | Ashok Kumar, Seema Bhargava, Vinod & Jayshri","https://www.youtube.com/watch?v=21gTmUU5-aw","1287","https://www.youtube.com/playlist?list=PLaNSOkABhCUE","Goldmines Movies"
"6","132:52:38","Alif Laila","Alif Laila — जादूगर ने अलादीन को कैसे फसाया !! Alif Laila Episode 23 !! Sagar Picture !! अलिफ़ लैला","https://www.youtube.com/watch?v=pJuCGQEfOws","1371","https://www.youtube.com/playlist?list=PLqmdsOwstpJfOtjWGMFTGMruqQV7C5XoL","Sagar Pictures"
"6","133:15:29","Swabhimaan","Swabhimaan — Swabhimaan | Episode 118 | Ashutosh Rana, Manoj Bajpayee | Classic Indian TV Serial","https://www.youtube.com/watch?v=YIuuNMkKO_0","1339","https://www.youtube.com/playlist?list=PLZeNWB9l7494","Classic Indian TV Serials"
"6","133:37:48","Vintage ads","Vintage ads — 1998: Hawkins - Mahima Chaudhary","https://www.youtube.com/watch?v=7rtNiPHGnq8","34","https://www.youtube.com/playlist?list=PLycor1XF7S9HVMnWxndl27HgZJM5S8wRT","Guruprasad Gp"
"6","133:38:22","Swabhimaan","Swabhimaan — Swabhimaan | Episode 119 | Ashutosh Rana, Manoj Bajpayee | Classic Indian TV Serial","https://www.youtube.com/watch?v=xwmqcnR2QwI","1154","https://www.youtube.com/playlist?list=PLZeNWB9l7494","Classic Indian TV Serials"
"6","133:57:36","Shri Krishna","Shri Krishna — Sri Krishna EP 36 - श्री कृष्ण ने दिया वास्तविक रूप के दर्शन | HQ WIDE SCREEN | English Subtitles","https://www.youtube.com/watch?v=LVkiSONVn1U","2732","https://www.youtube.com/playlist?list=PLFPJRCFRDARR9IkjkVi6O9ue5DjKiKtkI","Tilak"
"6","134:43:08","Junoon","Junoon — Junoon | Maha Episode 19 | Aditya Ki Shaadi Se Na Khush Sumer | #junoon","https://www.youtube.com/watch?v=4Pu0H2inQ_A","1459","https://www.youtube.com/playlist?list=PLrkDcuaB2OX_ZuAo48tg5pEa2BjdoM8Y2","Cinevista Entertainment"
"6","135:07:27","Circus","Circus — Shahrukh Khan starrer Circus - Ep #04","https://www.youtube.com/watch?v=KGw_uIYPc5U","1428","https://www.youtube.com/playlist?list=PLUiMfS6qzIMzAqteEcp055VDYpgZDbeyT","Doordarshan National"
"6","135:31:15","Swabhimaan","Swabhimaan — Swabhimaan | Episode 120 | Ashutosh Rana, Manoj Bajpayee | Classic Indian TV Serial","https://www.youtube.com/watch?v=tFzHSokOh8c","1278","https://www.youtube.com/playlist?list=PLZeNWB9l7494","Classic Indian TV Serials"
"6","135:52:33","Udaan","Udaan — Udaan DD national episode 5 Doordarshan old tv serial","https://www.youtube.com/watch?v=9QYxMrdFQHk","1728","https://www.youtube.com/playlist?list=PLFSBneXK-Uv8l6Fs99d5HyhaMlW8q8tWk","Doordarshan Serial"
"6","136:21:21","Tehkikaat","Tehkikaat — Tehkikaat तहकीकात | Jealousi Turns Blood - Crime Serial | Ranjeet, Saurabh Shukla, Vijay A. | EP 08","https://www.youtube.com/watch?v=yfkNyIQTqcQ","1360","https://www.youtube.com/playlist?list=PLImQCagB5etA0FMEJ7yrWIUBCzxgOBikn","Raj Rishi Serials"
"6","136:44:01","Fauji","Fauji — Fauji Episode 3 | Shah Rukh Khan's Television Debut (1989) | SRK's First-Ever TV Serial Appearance","https://www.youtube.com/watch?v=u0wjf5N_TzI","1418","https://www.youtube.com/playlist?list=PLYqSow41YJ2I","Goldmines Bollywood"
"6","137:07:39","Swabhimaan","Swabhimaan — Swabhimaan | Episode 121 | Ashutosh Rana, Manoj Bajpayee | Classic Indian TV Serial","https://www.youtube.com/watch?v=Lf4UDSPC-9o","1309","https://www.youtube.com/playlist?list=PLZeNWB9l7494","Classic Indian TV Serials"
"6","137:29:28","Chandrakanta","Chandrakanta — Chandrakanta 1994 Episode 21","https://www.youtube.com/watch?v=s2Bk_9SS0oU","1107","https://www.youtube.com/playlist?list=PLKfQh0u-9j2YaM54LNfASdQYllxsoU05a","lone warrior"
"6","137:47:55","Vintage ads","Vintage ads — 1990: Tata Tea","https://www.youtube.com/watch?v=zzeE05Pg4Y0","43","https://www.youtube.com/playlist?list=PLycor1XF7S9HVMnWxndl27HgZJM5S8wRT","Guruprasad Gp"
"6","137:48:38","Om Namah Shivay","Om Namah Shivay — अया और विजया पार्वती को स्वयं भगवान शिव की पूजा करते हुए पाते हैं। Om Namah Shivay TV Serial | Ep 52","https://www.youtube.com/watch?v=SW1b_JzId_o","1375","https://www.youtube.com/playlist?list=PL5A5QJkW7MkuEgaSMSlkmc51V_jBHv6fO","Saregama Bhakti"
"6","138:11:33","Swabhimaan","Swabhimaan — Swabhimaan | Episode 122 | Ashutosh Rana, Manoj Bajpayee | Classic Indian TV Serial","https://www.youtube.com/watch?v=UrZ7rXgEls0","1181","https://www.youtube.com/playlist?list=PLZeNWB9l7494","Classic Indian TV Serials"
"6","138:31:14","Shri Krishna","Shri Krishna — Sri Krishna EP 37 - श्री कृष्ण ने कुब्जा को बनाया रूपवान | HQ WIDE SCREEN | English Subtitles","https://www.youtube.com/watch?v=YJm0aK6K7m0","2720","https://www.youtube.com/playlist?list=PLFPJRCFRDARR9IkjkVi6O9ue5DjKiKtkI","Tilak"
"6","139:16:34","Swabhimaan","Swabhimaan — Swabhimaan | Episode 123 | Ashutosh Rana, Manoj Bajpayee | Classic Indian TV Serial","https://www.youtube.com/watch?v=0cTkRCZGvDA","1186","https://www.youtube.com/playlist?list=PLZeNWB9l7494","Classic Indian TV Serials"
"6","139:36:20","Swabhimaan","Swabhimaan — Swabhimaan | Episode 124 | Ashutosh Rana, Manoj Bajpayee | Classic Indian TV Serial","https://www.youtube.com/watch?v=H6v_uPGEJ6Y","1249","https://www.youtube.com/playlist?list=PLZeNWB9l7494","Classic Indian TV Serials"
"6","139:57:09","Dekh Bhai Dekh","Dekh Bhai Dekh — Dekh Bhai Dekh episode 10","https://www.youtube.com/watch?v=KHKmVQSYvCU","1336","https://www.youtube.com/playlist?list=UUYdB1nhxEAtjp-TLnv5utzg","LBEstudio"
"6","140:19:25","Swabhimaan","Swabhimaan — Swabhimaan | Episode 125 | Ashutosh Rana, Manoj Bajpayee | Classic Indian TV Serial","https://www.youtube.com/watch?v=w5NBpw3ecQw","1262","https://www.youtube.com/playlist?list=PLZeNWB9l7494","Classic Indian TV Serials"
"6","140:40:27","Vintage ads","Vintage ads — 1995: Colgate - Aishwarya Rai","https://www.youtube.com/watch?v=Q47y3OxnJy4","37","https://www.youtube.com/playlist?list=PLycor1XF7S9HVMnWxndl27HgZJM5S8wRT","Guruprasad Gp"
"6","140:41:04","The Sword of Tipu Sultan","The Sword of Tipu Sultan — Tipu Sultan | Full Episode 10  | Sanjay Khan, Dipika Chikhlia, Swapnil Joshi | Dangal TV Gathaa","https://www.youtube.com/watch?v=TTeFH2NeTio","2513","https://www.youtube.com/playlist?list=PLL8R100698ndzARBsLB6Z8jYs_52cDJJ7","Dangal TV Replay"
"6","141:22:57","Swabhimaan","Swabhimaan — Swabhimaan | Episode 126 | Ashutosh Rana, Manoj Bajpayee | Classic Indian TV Serial","https://www.youtube.com/watch?v=J1DpUiEFDjw","1235","https://www.youtube.com/playlist?list=PLZeNWB9l7494","Classic Indian TV Serials"
"6","141:43:32","Wagle Ki Duniya","Wagle Ki Duniya — Wagle Ki Duniya - Episode 03 - Assistant | DD EXCLUSIVE","https://www.youtube.com/watch?v=FqDK3DFqjuA","1397","https://www.youtube.com/playlist?list=PL5TZ-0sMyEgVQcbG4E10bBeGcQEQ3WR-S","90's Ki Yaadein"
"6","142:06:49","Shri Krishna","Shri Krishna — Sri Krishna EP 38 - श्री कृष्ण ने शिव धनुष को तोड़ा | HQ WIDE SCREEN | English Subtitles","https://www.youtube.com/watch?v=Ehd3ASSCc_4","2726","https://www.youtube.com/playlist?list=PLFPJRCFRDARR9IkjkVi6O9ue5DjKiKtkI","Tilak"
"6","142:52:15","Chandrakanta","Chandrakanta — Chandrakanta 1994 Episode 22","https://www.youtube.com/watch?v=xXvIppd9ti4","1106","https://www.youtube.com/playlist?list=PLKfQh0u-9j2YaM54LNfASdQYllxsoU05a","lone warrior"
"6","143:10:41","Alif Laila","Alif Laila — अलादीन फस गया डरावनी गुफा में !! जादूगर ने चली नई चाल Episode 24 | Alif Laila | 1080p","https://www.youtube.com/watch?v=KqN2vYwMZP8","1383","https://www.youtube.com/playlist?list=PLqmdsOwstpJfOtjWGMFTGMruqQV7C5XoL","Sagar Pictures"
"6","143:33:44","Swabhimaan","Swabhimaan — Swabhimaan | Episode 127 | Ashutosh Rana, Manoj Bajpayee | Classic Indian TV Serial","https://www.youtube.com/watch?v=234s2n5DTYg","1276","https://www.youtube.com/playlist?list=PLZeNWB9l7494","Classic Indian TV Serials"
"6","143:55:00","Swabhimaan","Swabhimaan — Swabhimaan | Episode 130 | Ashutosh Rana, Manoj Bajpayee | Classic Indian TV Serial","https://www.youtube.com/watch?v=TwPuFMv7VJc","1211","https://www.youtube.com/playlist?list=PLZeNWB9l7494","Classic Indian TV Serials"
"7","144:15:11","Vintage ads","Vintage ads — 1987: Palmolive anti-dandruff shampoo","https://www.youtube.com/watch?v=wwjMgHKjGNo","44","https://www.youtube.com/playlist?list=PLycor1XF7S9HVMnWxndl27HgZJM5S8wRT","Guruprasad Gp"
"7","144:15:55","Swabhimaan","Swabhimaan — Swabhimaan | Episode 132 | Ashutosh Rana, Manoj Bajpayee | Classic Indian TV Serial","https://www.youtube.com/watch?v=6fWOGgjzc6o","1240","https://www.youtube.com/playlist?list=PLZeNWB9l7494","Classic Indian TV Serials"
"7","144:36:35","The Great Maratha","The Great Maratha — The Great Maratha | Full Episode 08 | Irrfan Khan, Pankaj Dheer | Dangal TV Gathaa","https://www.youtube.com/watch?v=Ixobj_hHb1k","3171","https://www.youtube.com/playlist?list=PLL8R100698nc9lYCs25j4FrcGDyqdtq_B","Dangal TV Replay"
"7","145:29:26","Surabhi","Surabhi — Surabhi | सुरभि  : Ep - 11","https://www.youtube.com/watch?v=cjpjMjxHWp0","1475","https://www.youtube.com/playlist?list=PLUiMfS6qzIMzE8lgWFaQ3qvVFCCONXALQ","Doordarshan National"
"7","145:54:01","Shri Krishna","Shri Krishna — Sri Krishna EP 39 - श्री कृष्ण द्वारा कंस के हाथी का वध | HQ WIDE SCREEN | English Subtitles","https://www.youtube.com/watch?v=PXC88up-u3M","2707","https://www.youtube.com/playlist?list=PLFPJRCFRDARR9IkjkVi6O9ue5DjKiKtkI","Tilak"
"7","146:39:08","Swabhimaan","Swabhimaan — Swabhimaan | Episode 133 | Ashutosh Rana, Manoj Bajpayee | Classic Indian TV Serial","https://www.youtube.com/watch?v=kXTzQvn5RAI","1255","https://www.youtube.com/playlist?list=PLZeNWB9l7494","Classic Indian TV Serials"
"7","147:00:03","Hum Log","Hum Log — Hum Log | Episode 11 | India's First Hindi TV Serial | Ashok Kumar, Seema Bhargava, Vinod & Jayshri","https://www.youtube.com/watch?v=WExOHOeX0J4","1220","https://www.youtube.com/playlist?list=PLaNSOkABhCUE","Goldmines Movies"
"7","147:20:23","Swabhimaan","Swabhimaan — Swabhimaan | Episode 134 | Ashutosh Rana, Manoj Bajpayee | Classic Indian TV Serial","https://www.youtube.com/watch?v=oX6Asp365LA","1215","https://www.youtube.com/playlist?list=PLZeNWB9l7494","Classic Indian TV Serials"
"7","147:40:38","Bharat Ek Khoj","Bharat Ek Khoj — Bharat Ek Khoj | Episode-11 | Chanakya and Chandragupta, Part I","https://www.youtube.com/watch?v=MfLdPioEKRw","2643","https://www.youtube.com/playlist?list=PLqtVCj5iilH4w0Y8KBB4fqBu25T0sGhXG","Prasar Bharati Archives"
"7","148:24:41","Swabhimaan","Swabhimaan — Swabhimaan | Episode 135 | Ashutosh Rana, Manoj Bajpayee | Classic Indian TV Serial","https://www.youtube.com/watch?v=bQa8EJf4pqg","1286","https://www.youtube.com/playlist?list=PLZeNWB9l7494","Classic Indian TV Serials"
"7","148:46:07","Vintage ads","Vintage ads — 1983: Max factor","https://www.youtube.com/watch?v=z0EXU_j87A4","65","https://www.youtube.com/playlist?list=PLycor1XF7S9HVMnWxndl27HgZJM5S8wRT","Guruprasad Gp"
"7","148:47:12","Chandrakanta","Chandrakanta — Chandrakanta 1994 Episode 23","https://www.youtube.com/watch?v=qGy0DBKe94M","1065","https://www.youtube.com/playlist?list=PLKfQh0u-9j2YaM54LNfASdQYllxsoU05a","lone warrior"
"7","149:04:57","Chanakya","Chanakya — चाणक्य Official | Episode 10- Part -1 | Directed & Acted by Dr. Chandraprakash Dwivedi","https://www.youtube.com/watch?v=O3rh_wmYO2I","1331","https://www.youtube.com/playlist?list=PLY-qGtGftCjm1_tDxT2TsDAXXC2p-iutt","Chanakya_theofficial"
"7","149:27:08","Chanakya","Chanakya — चाणक्य Official | Episode 10 - Part -2 | Directed & Acted by Dr. Chandraprakash Dwivedi","https://www.youtube.com/watch?v=yDQrq0_fx-A","1438","https://www.youtube.com/playlist?list=PLY-qGtGftCjm1_tDxT2TsDAXXC2p-iutt","Chanakya_theofficial"
"7","149:51:06","Swabhimaan","Swabhimaan — Swabhimaan | Episode 136 | Ashutosh Rana, Manoj Bajpayee | Classic Indian TV Serial","https://www.youtube.com/watch?v=-QeIrYux3cI","1329","https://www.youtube.com/playlist?list=PLZeNWB9l7494","Classic Indian TV Serials"
"7","150:13:15","Shri Krishna","Shri Krishna — Sri Krishna EP 40 - कंस का वध | HQ WIDE SCREEN | English Subtitles","https://www.youtube.com/watch?v=Cbc-3ZNbvmg","2677","https://www.youtube.com/playlist?list=PLFPJRCFRDARR9IkjkVi6O9ue5DjKiKtkI","Tilak"
"7","150:57:52","Swabhimaan","Swabhimaan — Swabhimaan | Episode 137 | Ashutosh Rana, Manoj Bajpayee | Classic Indian TV Serial","https://www.youtube.com/watch?v=kAffhNsj27k","1277","https://www.youtube.com/playlist?list=PLZeNWB9l7494","Classic Indian TV Serials"
"7","151:19:09","Swabhimaan","Swabhimaan — Swabhimaan | Episode 138 | Ashutosh Rana, Manoj Bajpayee | Classic Indian TV Serial","https://www.youtube.com/watch?v=DkfJ5kv4iXQ","1178","https://www.youtube.com/playlist?list=PLZeNWB9l7494","Classic Indian TV Serials"
"7","151:38:47","Alif Laila","Alif Laila — आखिर जादुई चिराग अलादीन को मिल ही गया Episode : 25 | Alif Laila","https://www.youtube.com/watch?v=3K0qT2gM_Ko","1406","https://www.youtube.com/playlist?list=PLqmdsOwstpJfOtjWGMFTGMruqQV7C5XoL","Sagar Pictures"
"7","152:02:13","Swabhimaan","Swabhimaan — Swabhimaan | Episode 140 | Ashutosh Rana, Manoj Bajpayee | Classic Indian TV Serial","https://www.youtube.com/watch?v=xnzPAoPZi_Y","1261","https://www.youtube.com/playlist?list=PLZeNWB9l7494","Classic Indian TV Serials"
"7","152:23:14","Shri Krishna","Shri Krishna — Sri Krishna EP 41 - नंदराय बाबा ने विदाई | HQ WIDE SCREEN | English Subtitles","https://www.youtube.com/watch?v=8n4QZEubzvA","2701","https://www.youtube.com/playlist?list=PLFPJRCFRDARR9IkjkVi6O9ue5DjKiKtkI","Tilak"
"7","153:08:15","Tehkikaat","Tehkikaat — Tehkikaat तहकीकात | Jealousi Turns Blood - Crime Serial | Ranjeet, Saurabh Shukla, Vijay A. | EP 09","https://www.youtube.com/watch?v=ptAqV9US6vU","1335","https://www.youtube.com/playlist?list=PLImQCagB5etA0FMEJ7yrWIUBCzxgOBikn","Raj Rishi Serials"
"7","153:30:30","Swabhimaan","Swabhimaan — Swabhimaan | Episode 141 | Ashutosh Rana, Manoj Bajpayee | Classic Indian TV Serial","https://www.youtube.com/watch?v=y9J8Wsfwtvc","1203","https://www.youtube.com/playlist?list=PLZeNWB9l7494","Classic Indian TV Serials"
"7","153:50:33","Chandrakanta","Chandrakanta — Chandrakanta 1994 Episode 24","https://www.youtube.com/watch?v=daefV_-ucn4","1177","https://www.youtube.com/playlist?list=PLKfQh0u-9j2YaM54LNfASdQYllxsoU05a","lone warrior"
"7","154:10:10","Vintage ads","Vintage ads — 1995: Pepsi - Aamir Khan, Mahima Chaudhary & Aishwarya Rai","https://www.youtube.com/watch?v=kw7lMtUks4Y","54","https://www.youtube.com/playlist?list=PLycor1XF7S9HVMnWxndl27HgZJM5S8wRT","Guruprasad Gp"
"7","154:11:04","Dekh Bhai Dekh","Dekh Bhai Dekh — Dekh Bhai Dekh episode 11","https://www.youtube.com/watch?v=MX0SOi-V1c8","1300","https://www.youtube.com/playlist?list=UUYdB1nhxEAtjp-TLnv5utzg","LBEstudio"
"7","154:32:44","Swabhimaan","Swabhimaan — Swabhimaan | Episode 142 | Ashutosh Rana, Manoj Bajpayee | Classic Indian TV Serial","https://www.youtube.com/watch?v=q3Wd2uwKWJI","1237","https://www.youtube.com/playlist?list=PLZeNWB9l7494","Classic Indian TV Serials"
"7","154:53:21","Swabhimaan","Swabhimaan — Swabhimaan | Episode 143 | Ashutosh Rana, Manoj Bajpayee | Classic Indian TV Serial","https://www.youtube.com/watch?v=hRiiEOeaDoI","1204","https://www.youtube.com/playlist?list=PLZeNWB9l7494","Classic Indian TV Serials"
"7","155:13:25","Nukkad","Nukkad — Nukkad   Episode # 6   Theft At Nukkad   Best TV Show","https://www.youtube.com/watch?v=vBXm_pnGW7I","1333","https://www.youtube.com/playlist?list=PLDXzvDkBVqqSGYLZPlZQfl_Vn-JmuiTDN","movie clips"
"7","155:35:38","Shri Krishna","Shri Krishna — Sri Krishna EP 42 - श्री कृष्ण और बलराम पहुँचे आश्रम | HQ WIDE SCREEN | English Subtitles","https://www.youtube.com/watch?v=qGGRldMRH7A","2748","https://www.youtube.com/playlist?list=PLFPJRCFRDARR9IkjkVi6O9ue5DjKiKtkI","Tilak"
"7","156:21:26","Byomkesh Bakshi","Byomkesh Bakshi — Byomkesh Bakshi: Ep#7 - Laal Neelam","https://www.youtube.com/watch?v=n5ugW2eskMM","2294","https://www.youtube.com/playlist?list=PLUiMfS6qzIMxiHu2N2Px1ISp5vxCm3PMo","Doordarshan National"
"7","156:59:40","Swabhimaan","Swabhimaan — Swabhimaan | Episode 144 | Ashutosh Rana, Manoj Bajpayee | Classic Indian TV Serial","https://www.youtube.com/watch?v=raNuSNkoN2w","1294","https://www.youtube.com/playlist?list=PLZeNWB9l7494","Classic Indian TV Serials"
"7","157:21:14","The Sword of Tipu Sultan","The Sword of Tipu Sultan — Tipu Sultan | Full Episode 11  | Sanjay Khan, Dipika Chikhlia, Swapnil Joshi | Dangal TV Gathaa","https://www.youtube.com/watch?v=aTuKA_5S2VE","2431","https://www.youtube.com/playlist?list=PLL8R100698ndzARBsLB6Z8jYs_52cDJJ7","Dangal TV Replay"
"7","158:01:45","Swabhimaan","Swabhimaan — Swabhimaan | Episode 145 | Ashutosh Rana, Manoj Bajpayee | Classic Indian TV Serial","https://www.youtube.com/watch?v=o93Amlob43Y","1187","https://www.youtube.com/playlist?list=PLZeNWB9l7494","Classic Indian TV Serials"
"7","158:21:32","Hum Log","Hum Log — Hum Log | Episode 12 | India's First Hindi TV Serial | Ashok Kumar, Seema Bhargava, Vinod & Jayshri","https://www.youtube.com/watch?v=wv5cRNFnNkc","1222","https://www.youtube.com/playlist?list=PLaNSOkABhCUE","Goldmines Movies"
"7","158:41:54","Swabhimaan","Swabhimaan — Swabhimaan | Episode 146 | Ashutosh Rana, Manoj Bajpayee | Classic Indian TV Serial","https://www.youtube.com/watch?v=1ifA0DZu_2k","1191","https://www.youtube.com/playlist?list=PLZeNWB9l7494","Classic Indian TV Serials"
"7","159:01:45","Surabhi","Surabhi — Surabhi | सुरभि  : Ep - 12","https://www.youtube.com/watch?v=ZCfNhynx-dw","1463","https://www.youtube.com/playlist?list=PLUiMfS6qzIMzE8lgWFaQ3qvVFCCONXALQ","Doordarshan National"
"7","159:26:08","Vintage ads","Vintage ads — 1993: Le Sancy Soap","https://www.youtube.com/watch?v=x7C7h7R_iqY","89","https://www.youtube.com/playlist?list=PLycor1XF7S9HVMnWxndl27HgZJM5S8wRT","Guruprasad Gp"
"7","159:27:37","Swabhimaan","Swabhimaan — Swabhimaan | Episode 147 | Ashutosh Rana, Manoj Bajpayee | Classic Indian TV Serial","https://www.youtube.com/watch?v=aFDAXLXwSuw","1225","https://www.youtube.com/playlist?list=PLZeNWB9l7494","Classic Indian TV Serials"
"7","159:48:02","Shri Krishna","Shri Krishna — Sri Krishna EP 43 - महर्षि संदीपनि ने दी दीक्षा | HQ WIDE SCREEN | English Subtitles","https://www.youtube.com/watch?v=zVcblp2zILc","2699","https://www.youtube.com/playlist?list=PLFPJRCFRDARR9IkjkVi6O9ue5DjKiKtkI","Tilak"
"7","160:33:01","Chandrakanta","Chandrakanta — Chandrakanta 1994 Episode 26","https://www.youtube.com/watch?v=moNQAh15Hxw","1177","https://www.youtube.com/playlist?list=PLKfQh0u-9j2YaM54LNfASdQYllxsoU05a","lone warrior"
"7","160:52:38","Swabhimaan","Swabhimaan — Swabhimaan | Episode 148| Ashutosh Rana, Manoj Bajpayee | Classic Indian TV Serial","https://www.youtube.com/watch?v=YF8uqaoPxJI","1232","https://www.youtube.com/playlist?list=PLZeNWB9l7494","Classic Indian TV Serials"
"7","161:13:10","Bharat Ek Khoj","Bharat Ek Khoj — Bharat Ek Khoj | Episode-12 | Chanakya and Chandragupta, Part II","https://www.youtube.com/watch?v=mWkvSO2Gfdo","2891","https://www.youtube.com/playlist?list=PLqtVCj5iilH4w0Y8KBB4fqBu25T0sGhXG","Prasar Bharati Archives"
"7","162:01:21","Swabhimaan","Swabhimaan — Swabhimaan | Episode 149 | Ashutosh Rana, Manoj Bajpayee | Classic Indian TV Serial","https://www.youtube.com/watch?v=VbdquMQk9m0","1173","https://www.youtube.com/playlist?list=PLZeNWB9l7494","Classic Indian TV Serials"
"7","162:20:54","Alif Laila","Alif Laila — अलिफ़ लैला !! अलादीन का चिराग !! Episode : 26 !! Sagar Pictures !! 1080p","https://www.youtube.com/watch?v=2XGELlkuZHU","1465","https://www.youtube.com/playlist?list=PLqmdsOwstpJfOtjWGMFTGMruqQV7C5XoL","Sagar Pictures"
"7","162:45:19","Swabhimaan","Swabhimaan — Swabhimaan | Episode 151 | Ashutosh Rana, Manoj Bajpayee | Classic Indian TV Serial","https://www.youtube.com/watch?v=exI9MBXVGRY","1223","https://www.youtube.com/playlist?list=PLZeNWB9l7494","Classic Indian TV Serials"
"7","163:05:42","Shri Krishna","Shri Krishna — Sri Krishna EP 44 - प्रलहाद की विष्णु भक्ति | HQ WIDE SCREEN | English Subtitles","https://www.youtube.com/watch?v=1nNAnSvI-2A","2695","https://www.youtube.com/playlist?list=PLFPJRCFRDARR9IkjkVi6O9ue5DjKiKtkI","Tilak"
"7","163:50:37","Vikram Aur Betaal","Vikram Aur Betaal — रामानंद सागर कृत विक्रम और बेताल भाग 6 - मनु ने अपने प्रेमी चोर की बचायी जान","https://www.youtube.com/watch?v=SuAd6UeVjqw","1389","https://www.youtube.com/playlist?list=PL-eaGjSO6F70C3-LkA3kEqAIHkdDLhI6Q","Tilak Kathayein"
"7","164:13:46","Swabhimaan","Swabhimaan — Swabhimaan | Episode 153 | Ashutosh Rana, Manoj Bajpayee | Classic Indian TV Serial","https://www.youtube.com/watch?v=MaLCBJ2pkWM","1237","https://www.youtube.com/playlist?list=PLZeNWB9l7494","Classic Indian TV Serials"
"7","164:34:23","Swabhimaan","Swabhimaan — Swabhimaan | Episode 154 | Ashutosh Rana, Manoj Bajpayee | Classic Indian TV Serial","https://www.youtube.com/watch?v=SoDCOey3NAc","1291","https://www.youtube.com/playlist?list=PLZeNWB9l7494","Classic Indian TV Serials"
"7","164:55:54","Chanakya","Chanakya — चाणक्य Official | Episode 11 - Part -1 | Directed & Acted by Dr. Chandraprakash Dwivedi","https://www.youtube.com/watch?v=KV3ZcRDyOjo","1365","https://www.youtube.com/playlist?list=PLY-qGtGftCjm1_tDxT2TsDAXXC2p-iutt","Chanakya_theofficial"
"7","165:18:39","Chanakya","Chanakya — चाणक्य Official | Episode 11 - Part -2 | Directed & Acted by Dr. Chandraprakash Dwivedi","https://www.youtube.com/watch?v=PmDNALXJlwA","1715","https://www.youtube.com/playlist?list=PLY-qGtGftCjm1_tDxT2TsDAXXC2p-iutt","Chanakya_theofficial"
"7","165:47:14","Swabhimaan","Swabhimaan — Swabhimaan | Episode 155 | Ashutosh Rana, Manoj Bajpayee | Classic Indian TV Serial","https://www.youtube.com/watch?v=n2oUIRQTSZI","1275","https://www.youtube.com/playlist?list=PLZeNWB9l7494","Classic Indian TV Serials"
"7","166:08:29","Chandrakanta","Chandrakanta — Chandrakanta  1994 episode 27LONE WARRIOR","https://www.youtube.com/watch?v=LH61rArjxEQ","1177","https://www.youtube.com/playlist?list=PLKfQh0u-9j2YaM54LNfASdQYllxsoU05a","lone warrior"
"7","166:28:06","Swabhimaan","Swabhimaan — Swabhimaan | Episode 157 | Ashutosh Rana, Manoj Bajpayee | Classic Indian TV Serial","https://www.youtube.com/watch?v=fOInfh1zi9k","1210","https://www.youtube.com/playlist?list=PLZeNWB9l7494","Classic Indian TV Serials"
"7","166:48:16","Shri Krishna","Shri Krishna — Sri Krishna EP 45 - ऋषि संदीपनि ने सुनाई मत्स्य अवतार की कहनी | HQ WIDE SCREEN | English Subtitles","https://www.youtube.com/watch?v=HPVDncnP4eY","2727","https://www.youtube.com/playlist?list=PLFPJRCFRDARR9IkjkVi6O9ue5DjKiKtkI","Tilak"
"7","167:33:43","Vintage ads","Vintage ads — 1989: Cibaca toothpaste","https://www.youtube.com/watch?v=v0AgGirR0Aw","41","https://www.youtube.com/playlist?list=PLycor1XF7S9HVMnWxndl27HgZJM5S8wRT","Guruprasad Gp"
"7","167:34:24","Swabhimaan","Swabhimaan — Swabhimaan | Episode 159 | Ashutosh Rana, Manoj Bajpayee | Classic Indian TV Serial","https://www.youtube.com/watch?v=4kK9i_XxOMA","1308","https://www.youtube.com/playlist?list=PLZeNWB9l7494","Classic Indian TV Serials"
"7","167:56:12","Dekh Bhai Dekh","Dekh Bhai Dekh — Dekh Bhai Dekh episode 12","https://www.youtube.com/watch?v=arpGQ30NWPg","1335","https://www.youtube.com/playlist?list=UUYdB1nhxEAtjp-TLnv5utzg","LBEstudio"
"8","168:18:27","The Great Maratha","The Great Maratha — The Great Maratha | Full Episode 09 | Irrfan Khan, Pankaj Dheer | Dangal TV Gathaa","https://www.youtube.com/watch?v=FeOnUNdZQCw","2689","https://www.youtube.com/playlist?list=PLL8R100698nc9lYCs25j4FrcGDyqdtq_B","Dangal TV Replay"
"8","169:03:16","Swabhimaan","Swabhimaan — Swabhimaan | Episode 160 | Ashutosh Rana, Manoj Bajpayee | Classic Indian TV Serial","https://www.youtube.com/watch?v=nRuKM7XA3Vo","1356","https://www.youtube.com/playlist?list=PLZeNWB9l7494","Classic Indian TV Serials"
"8","169:25:52","Tehkikaat","Tehkikaat — Tehkikaat तहकीकात | Jealousi Turns Blood - Crime Serial | Ranjeet, Saurabh Shukla, Vijay A. | EP 10","https://www.youtube.com/watch?v=vC2xnioLQhc","1284","https://www.youtube.com/playlist?list=PLImQCagB5etA0FMEJ7yrWIUBCzxgOBikn","Raj Rishi Serials"
"8","169:47:16","Swabhimaan","Swabhimaan — Swabhimaan | Episode 161 | Ashutosh Rana, Manoj Bajpayee | Classic Indian TV Serial","https://www.youtube.com/watch?v=bvRbOTytizo","1186","https://www.youtube.com/playlist?list=PLZeNWB9l7494","Classic Indian TV Serials"
"8","170:07:02","Shri Krishna","Shri Krishna — Sri Krishna EP 46 - समुद्र मंथन कथा | HQ WIDE SCREEN | English Subtitles","https://www.youtube.com/watch?v=MLu3mPbFLTg","2751","https://www.youtube.com/playlist?list=PLFPJRCFRDARR9IkjkVi6O9ue5DjKiKtkI","Tilak"
"8","170:52:53","Vintage ads","Vintage ads — 1985: Gold Spot","https://www.youtube.com/watch?v=UlEqOPGdT30","34","https://www.youtube.com/playlist?list=PLycor1XF7S9HVMnWxndl27HgZJM5S8wRT","Guruprasad Gp"
"8","170:53:27","Hum Log","Hum Log — Hum Log | Episode 13 | India's First Hindi TV Serial | Ashok Kumar, Seema Bhargava, Vinod & Jayshri","https://www.youtube.com/watch?v=pXSEPiwyrKo","1347","https://www.youtube.com/playlist?list=PLaNSOkABhCUE","Goldmines Movies"
"8","171:15:54","Swabhimaan","Swabhimaan — SW EP162 Swabhimaan | Episode 162 | Ashutosh Rana, Manoj Bajpayee | Classic Indian TV Serial","https://www.youtube.com/watch?v=zezpXEj6oRg","1214","https://www.youtube.com/playlist?list=PLZeNWB9l7494","Classic Indian TV Serials"
"8","171:36:08","The Sword of Tipu Sultan","The Sword of Tipu Sultan — Tipu Sultan | Full Episode 12  | Sanjay Khan, Dipika Chikhlia, Swapnil Joshi | Dangal TV Gathaa","https://www.youtube.com/watch?v=pAoCqYE5LPs","2476","https://www.youtube.com/playlist?list=PLL8R100698ndzARBsLB6Z8jYs_52cDJJ7","Dangal TV Replay"
"8","172:17:24","Alif Laila","Alif Laila — अलादीन को हुआ राजकुमारी से इश्क़ Episode : 27 | Alif Laila | Purani Kahaniya","https://www.youtube.com/watch?v=FPeg9rR4EsE","1345","https://www.youtube.com/playlist?list=PLqmdsOwstpJfOtjWGMFTGMruqQV7C5XoL","Sagar Pictures"
"8","172:39:49","Swabhimaan","Swabhimaan — Swabhimaan | Episode 163 | Ashutosh Rana, Manoj Bajpayee | Classic Indian TV Serial","https://www.youtube.com/watch?v=eFp0N06nEzw","1231","https://www.youtube.com/playlist?list=PLZeNWB9l7494","Classic Indian TV Serials"
"8","173:00:20","Chandrakanta","Chandrakanta — Chandrakanta 1994 Episode 28","https://www.youtube.com/watch?v=OjlmiqO0cvI","1177","https://www.youtube.com/playlist?list=PLKfQh0u-9j2YaM54LNfASdQYllxsoU05a","lone warrior"
"8","173:19:57","Surabhi","Surabhi — Surabhi | सुरभि  : Ep - 13","https://www.youtube.com/watch?v=WF8mEre_ojE","1470","https://www.youtube.com/playlist?list=PLUiMfS6qzIMzE8lgWFaQ3qvVFCCONXALQ","Doordarshan National"
"8","173:44:27","Flop Show","Flop Show — Jaspal Bhatti's Flop Show | Property Encroachers | Ep 3","https://www.youtube.com/watch?v=y5lffue-dCU","1579","https://www.youtube.com/playlist?list=PLUiMfS6qzIMyisp9Ks0FxE9Ba4EpLQm0Z","Doordarshan National"
"8","174:10:46","Swabhimaan","Swabhimaan — Swabhimaan | Episode 164 | Ashutosh Rana, Manoj Bajpayee | Classic Indian TV Serial","https://www.youtube.com/watch?v=EAU4itG5FtY","1281","https://www.youtube.com/playlist?list=PLZeNWB9l7494","Classic Indian TV Serials"
"8","174:32:07","Vintage ads","Vintage ads — 1992: Philips Philivision TV","https://www.youtube.com/watch?v=7RGWOwbKbOc","22","https://www.youtube.com/playlist?list=PLycor1XF7S9HVMnWxndl27HgZJM5S8wRT","Guruprasad Gp"
"8","174:32:29","Shri Krishna","Shri Krishna — Sri Krishna EP 47 - ऋषि संदीपनि ने श्री कृष्ण को सुनाई राम कथा | HQ WIDE SCREEN | English Subtitles","https://www.youtube.com/watch?v=SP1LCJB_3yg","2771","https://www.youtube.com/playlist?list=PLFPJRCFRDARR9IkjkVi6O9ue5DjKiKtkI","Tilak"
"8","175:18:40","Swabhimaan","Swabhimaan — Swabhimaan | Episode 165 | Ashutosh Rana, Manoj Bajpayee | Classic Indian TV Serial","https://www.youtube.com/watch?v=A04vutlGtQY","1285","https://www.youtube.com/playlist?list=PLZeNWB9l7494","Classic Indian TV Serials"
"8","175:40:05","Swabhimaan","Swabhimaan — Swabhimaan | Episode 166 | Ashutosh Rana, Manoj Bajpayee | Classic Indian TV Serial","https://www.youtube.com/watch?v=Y-_kFtMHZLk","1332","https://www.youtube.com/playlist?list=PLZeNWB9l7494","Classic Indian TV Serials"
"8","176:02:17","Bharat Ek Khoj","Bharat Ek Khoj — Bharat Ek Khoj | Episode-13 | Ashoka, Part I","https://www.youtube.com/watch?v=j6jyTtL7tgY","2510","https://www.youtube.com/playlist?list=PLqtVCj5iilH4w0Y8KBB4fqBu25T0sGhXG","Prasar Bharati Archives"
"8","176:44:07","Circus","Circus — Shahrukh Khan starrer Circus - Ep #05","https://www.youtube.com/watch?v=kEXKBEjQ7MY","1516","https://www.youtube.com/playlist?list=PLUiMfS6qzIMzAqteEcp055VDYpgZDbeyT","Doordarshan National"
"8","177:09:23","Vintage ads","Vintage ads — 1987: Frooti","https://www.youtube.com/watch?v=STAC2Zfxolc","26","https://www.youtube.com/playlist?list=PLycor1XF7S9HVMnWxndl27HgZJM5S8wRT","Guruprasad Gp"
"8","177:09:49","Swabhimaan","Swabhimaan — Swabhimaan | Episode 167 | Ashutosh Rana, Manoj Bajpayee | Classic Indian TV Serial","https://www.youtube.com/watch?v=FRYTxtw7obo","1269","https://www.youtube.com/playlist?list=PLZeNWB9l7494","Classic Indian TV Serials"
"8","177:30:58","Udaan","Udaan — Udaan DD National episode 6 उड़ान दूरदर्शन सीरियल","https://www.youtube.com/watch?v=UMRYAbvJCdg","1098","https://www.youtube.com/playlist?list=PLFSBneXK-Uv8l6Fs99d5HyhaMlW8q8tWk","Doordarshan Serial"
"8","177:49:16","Swabhimaan","Swabhimaan — Swabhimaan | Episode 169 | Ashutosh Rana, Manoj Bajpayee | Classic Indian TV Serial","https://www.youtube.com/watch?v=w0hbqur7YbI","1324","https://www.youtube.com/playlist?list=PLZeNWB9l7494","Classic Indian TV Serials"
"8","178:11:20","Shri Krishna","Shri Krishna — Sri Krishna EP 48 - ऋषि संदीपनि ने सुनाई श्री राम सीता की कथा | HQ WIDE SCREEN | English Subtitles","https://www.youtube.com/watch?v=q5ijepeSI6U","2791","https://www.youtube.com/playlist?list=PLFPJRCFRDARR9IkjkVi6O9ue5DjKiKtkI","Tilak"
"8","178:57:51","Vintage ads","Vintage ads — 1995: Indian Stainless Steel","https://www.youtube.com/watch?v=jIQCylReC7A","22","https://www.youtube.com/playlist?list=PLycor1XF7S9HVMnWxndl27HgZJM5S8wRT","Guruprasad Gp"
"8","178:58:13","Chandrakanta","Chandrakanta — Chandrakanta 1994 Episode 29","https://www.youtube.com/watch?v=4m3VT0zc_v4","1160","https://www.youtube.com/playlist?list=PLKfQh0u-9j2YaM54LNfASdQYllxsoU05a","lone warrior"
"8","179:17:33","Swabhimaan","Swabhimaan — Swabhimaan | Episode 170 | Ashutosh Rana, Manoj Bajpayee | Classic Indian TV Serial","https://www.youtube.com/watch?v=ZjE2eLN2WM4","1316","https://www.youtube.com/playlist?list=PLZeNWB9l7494","Classic Indian TV Serials"
"8","179:39:29","Byomkesh Bakshi","Byomkesh Bakshi — Byomkesh Bakshi: Ep#8 - Bhoot","https://www.youtube.com/watch?v=eniPTmLlRCo","2386","https://www.youtube.com/playlist?list=PLUiMfS6qzIMxiHu2N2Px1ISp5vxCm3PMo","Doordarshan National"
"8","180:19:15","Swabhimaan","Swabhimaan — Swabhimaan | Episode 171 | Ashutosh Rana, Manoj Bajpayee | Classic Indian TV Serial","https://www.youtube.com/watch?v=I4NYodVXfI0","1305","https://www.youtube.com/playlist?list=PLZeNWB9l7494","Classic Indian TV Serials"
"8","180:41:00","Vintage ads","Vintage ads — 1995: Thums Up - Saare Jahan Se Achha","https://www.youtube.com/watch?v=zU7dwgRrGxc","60","https://www.youtube.com/playlist?list=PLycor1XF7S9HVMnWxndl27HgZJM5S8wRT","Guruprasad Gp"
"8","180:42:00","Junoon","Junoon — Junoon | Mega Episode 20 | Aditya Dhanraj Aur Sumer Rajvansh Ke Beech Chidhi Jung | #junoon","https://www.youtube.com/watch?v=P9DgZYX47_g","1514","https://www.youtube.com/playlist?list=PLrkDcuaB2OX_ZuAo48tg5pEa2BjdoM8Y2","Cinevista Entertainment"
"8","181:07:14","Om Namah Shivay","Om Namah Shivay — भगवान शिव घुश्मा को वरदान देते हैं ।Om Namah Shivay TV Serial | Ep 59","https://www.youtube.com/watch?v=x5GZZnrBRMc","1318","https://www.youtube.com/playlist?list=PL5A5QJkW7MkuEgaSMSlkmc51V_jBHv6fO","Saregama Bhakti"
"8","181:29:12","Swabhimaan","Swabhimaan — Swabhimaan | Episode 174 | Ashutosh Rana, Manoj Bajpayee | Classic Indian TV Serial","https://www.youtube.com/watch?v=B5pNMmxbXMs","1385","https://www.youtube.com/playlist?list=PLZeNWB9l7494","Classic Indian TV Serials"
"8","181:52:17","Shri Krishna","Shri Krishna — Sri Krishna EP 49 - श्री राम के वनवास की कथा | HQ WIDE SCREEN | English Subtitles","https://www.youtube.com/watch?v=DVAH8bboNmo","2802","https://www.youtube.com/playlist?list=PLFPJRCFRDARR9IkjkVi6O9ue5DjKiKtkI","Tilak"
"8","182:38:59","Alif Laila","Alif Laila — जब जिन्न ने अलादीन का सुन्दर महल बनाया !! Alif Laila Episode : 28 !! Sagar Picture","https://www.youtube.com/watch?v=25GIDgMi14s","1338","https://www.youtube.com/playlist?list=PLqmdsOwstpJfOtjWGMFTGMruqQV7C5XoL","Sagar Pictures"
"8","183:01:17","Swabhimaan","Swabhimaan — Swabhimaan | Episode 175 | Ashutosh Rana, Manoj Bajpayee | Classic Indian TV Serial","https://www.youtube.com/watch?v=pdYaZfLdDhI","1168","https://www.youtube.com/playlist?list=PLZeNWB9l7494","Classic Indian TV Serials"
"8","183:20:45","Dekh Bhai Dekh","Dekh Bhai Dekh — Dekh Bhai Dekh episode 13","https://www.youtube.com/watch?v=ckB5CtIKfqA","1355","https://www.youtube.com/playlist?list=UUYdB1nhxEAtjp-TLnv5utzg","LBEstudio"
"8","183:43:20","Chanakya","Chanakya — चाणक्य Official | Episode 12 | Directed & Acted by Dr.Chandraprakash Dwivedi #chanakya #chanakyaniti","https://www.youtube.com/watch?v=n9LpWyWj-7E","2820","https://www.youtube.com/playlist?list=PLY-qGtGftCjm1_tDxT2TsDAXXC2p-iutt","Chanakya_theofficial"
"8","184:30:20","Swabhimaan","Swabhimaan — Swabhimaan | Episode 176 | Ashutosh Rana, Manoj Bajpayee | Classic Indian TV Serial","https://www.youtube.com/watch?v=B8DeILhK7BI","1249","https://www.youtube.com/playlist?list=PLZeNWB9l7494","Classic Indian TV Serials"
"8","184:51:09","Swabhimaan","Swabhimaan — Swabhimaan | Episode 179 | Ashutosh Rana, Manoj Bajpayee | Classic Indian TV Serial","https://www.youtube.com/watch?v=eCLMnVourHo","1315","https://www.youtube.com/playlist?list=PLZeNWB9l7494","Classic Indian TV Serials"
"8","185:13:04","Chandrakanta","Chandrakanta — Chandrakanta 1994 Episode 30","https://www.youtube.com/watch?v=0vuRkbFL_9c","1187","https://www.youtube.com/playlist?list=PLKfQh0u-9j2YaM54LNfASdQYllxsoU05a","lone warrior"
"8","185:32:51","Hum Log","Hum Log — Hum Log | Episode 14 | India's First Hindi TV Serial | Ashok Kumar, Seema Bhargava, Vinod & Jayshri","https://www.youtube.com/watch?v=Va_d7IRluvA","1341","https://www.youtube.com/playlist?list=PLaNSOkABhCUE","Goldmines Movies"
"8","185:55:12","Shri Krishna","Shri Krishna — Sri Krishna EP 50 - श्री राम द्वारा रावण वध की कथा | HQ WIDE SCREEN | English Subtitles","https://www.youtube.com/watch?v=SESfRQGfG5Y","2778","https://www.youtube.com/playlist?list=PLFPJRCFRDARR9IkjkVi6O9ue5DjKiKtkI","Tilak"
"8","186:41:30","Swabhimaan","Swabhimaan — Swabhimaan | Episode 180 | Ashutosh Rana, Manoj Bajpayee | Classic Indian TV Serial","https://www.youtube.com/watch?v=P-IhN4hvPTI","1335","https://www.youtube.com/playlist?list=PLZeNWB9l7494","Classic Indian TV Serials"
"8","187:03:45","Tehkikaat","Tehkikaat — Tehkikaat तहकीकात | Jealousi Turns Blood - Crime Serial | Ranjeet, Saurabh Shukla, Vijay A. | EP 11","https://www.youtube.com/watch?v=X00CLGsieDE","1476","https://www.youtube.com/playlist?list=PLImQCagB5etA0FMEJ7yrWIUBCzxgOBikn","Raj Rishi Serials"
"8","187:28:21","Vintage ads","Vintage ads — 1986: Nivea","https://www.youtube.com/watch?v=gdzmJgAFHGc","65","https://www.youtube.com/playlist?list=PLycor1XF7S9HVMnWxndl27HgZJM5S8wRT","Guruprasad Gp"
"8","187:29:26","Surabhi","Surabhi — Surabhi | सुरभि  : Ep - 14","https://www.youtube.com/watch?v=wycFVchxd-0","1424","https://www.youtube.com/playlist?list=PLUiMfS6qzIMzE8lgWFaQ3qvVFCCONXALQ","Doordarshan National"
"8","187:53:10","The Sword of Tipu Sultan","The Sword of Tipu Sultan — Tipu Sultan | Full Episode 13  | Sanjay Khan, Dipika Chikhlia, Swapnil Joshi | Dangal TV Gathaa","https://www.youtube.com/watch?v=L1h3VPoAvhE","2532","https://www.youtube.com/playlist?list=PLL8R100698ndzARBsLB6Z8jYs_52cDJJ7","Dangal TV Replay"
"8","188:35:22","Swabhimaan","Swabhimaan — Swabhimaan | Episode 181 | Ashutosh Rana, Manoj Bajpayee | Classic Indian TV Serial","https://www.youtube.com/watch?v=3BANp2rQbnw","1237","https://www.youtube.com/playlist?list=PLZeNWB9l7494","Classic Indian TV Serials"
"8","188:55:59","Swabhimaan","Swabhimaan — Swabhimaan | Episode 182 | Ashutosh Rana, Manoj Bajpayee | Classic Indian TV Serial","https://www.youtube.com/watch?v=y5CRpaSxSb4","1289","https://www.youtube.com/playlist?list=PLZeNWB9l7494","Classic Indian TV Serials"
"8","189:17:28","The Great Maratha","The Great Maratha — The Great Maratha | Full Episode 10 | Irrfan Khan, Pankaj Dheer | Dangal TV Gathaa","https://www.youtube.com/watch?v=A51jQQzIWEo","2598","https://www.youtube.com/playlist?list=PLL8R100698nc9lYCs25j4FrcGDyqdtq_B","Dangal TV Replay"
"8","190:00:46","Bharat Ek Khoj","Bharat Ek Khoj — Bharat Ek Khoj | Episode-14 | Ashoka, Part-II","https://www.youtube.com/watch?v=gweJleaVTIc","3105","https://www.youtube.com/playlist?list=PLqtVCj5iilH4w0Y8KBB4fqBu25T0sGhXG","Prasar Bharati Archives"
"8","190:52:31","Swabhimaan","Swabhimaan — Swabhimaan | Episode 183 | Ashutosh Rana, Manoj Bajpayee | Classic Indian TV Serial","https://www.youtube.com/watch?v=_Vc4WpjRFv0","1222","https://www.youtube.com/playlist?list=PLZeNWB9l7494","Classic Indian TV Serials"
"8","191:12:53","Shri Krishna","Shri Krishna — Sri Krishna EP 51 - ऋषि संदीपनि ने दिया ज्ञान | HQ WIDE SCREEN | English Subtitles","https://www.youtube.com/watch?v=GvmWHxriDEc","2800","https://www.youtube.com/playlist?list=PLFPJRCFRDARR9IkjkVi6O9ue5DjKiKtkI","Tilak"
"8","191:59:33","Swabhimaan","Swabhimaan — Swabhimaan | Episode 184 | Ashutosh Rana, Manoj Bajpayee | Classic Indian TV Serial","https://www.youtube.com/watch?v=YF5F-DmJYc4","1288","https://www.youtube.com/playlist?list=PLZeNWB9l7494","Classic Indian TV Serials"
"9","192:21:01","Swabhimaan","Swabhimaan — Swabhimaan | Episode 185 | Ashutosh Rana, Manoj Bajpayee | Classic Indian TV Serial","https://www.youtube.com/watch?v=0SvFE75ucV4","1223","https://www.youtube.com/playlist?list=PLZeNWB9l7494","Classic Indian TV Serials"
"9","192:41:24","Chandrakanta","Chandrakanta — Chandrakanta 1994 Episode 31","https://www.youtube.com/watch?v=ocTUwRqmeaI","1187","https://www.youtube.com/playlist?list=PLKfQh0u-9j2YaM54LNfASdQYllxsoU05a","lone warrior"
"9","193:01:11","Alif Laila","Alif Laila — Alif Laila Episode : 29 !! अलादीन ने किया राजकुमारी से प्यार का इज़हार !! Sagar Picture","https://www.youtube.com/watch?v=ZH-pLjMgJ0g","1237","https://www.youtube.com/playlist?list=PLqmdsOwstpJfOtjWGMFTGMruqQV7C5XoL","Sagar Pictures"
"9","193:21:48","Nukkad","Nukkad — Nukkad   Episode # 7   Cricket Match at Nukkad   Best TV Show","https://www.youtube.com/watch?v=-bY0rfwdW_M","1388","https://www.youtube.com/playlist?list=PLDXzvDkBVqqSGYLZPlZQfl_Vn-JmuiTDN","movie clips"
"9","193:44:56","Swabhimaan","Swabhimaan — Swabhimaan | Episode 186 | Ashutosh Rana, Manoj Bajpayee | Classic Indian TV Serial","https://www.youtube.com/watch?v=pwZ2C6X-ulE","1231","https://www.youtube.com/playlist?list=PLZeNWB9l7494","Classic Indian TV Serials"
"9","194:05:27","Vintage ads","Vintage ads — 1990: Lakme","https://www.youtube.com/watch?v=eF7RTGmFWsg","32","https://www.youtube.com/playlist?list=PLycor1XF7S9HVMnWxndl27HgZJM5S8wRT","Guruprasad Gp"
"9","194:05:59","Shri Krishna","Shri Krishna — Sri Krishna EP 52 - श्री कृष्ण ने दिए विष्णु रूप में दर्शन | HQ WIDE SCREEN | English Subtitles","https://www.youtube.com/watch?v=JAmY7Y87Q88","2862","https://www.youtube.com/playlist?list=PLFPJRCFRDARR9IkjkVi6O9ue5DjKiKtkI","Tilak"
"9","194:53:41","Swabhimaan","Swabhimaan — Swabhimaan | Episode 187 | Ashutosh Rana, Manoj Bajpayee | Classic Indian TV Serial","https://www.youtube.com/watch?v=DFCrFqmC9SM","1304","https://www.youtube.com/playlist?list=PLZeNWB9l7494","Classic Indian TV Serials"
"9","195:15:25","Swabhimaan","Swabhimaan — Swabhimaan | Episode 188 | Ashutosh Rana, Manoj Bajpayee | Classic Indian TV Serial","https://www.youtube.com/watch?v=2dfL07eJUCA","1217","https://www.youtube.com/playlist?list=PLZeNWB9l7494","Classic Indian TV Serials"
"9","195:35:42","Vikram Aur Betaal","Vikram Aur Betaal — रामानंद सागर कृत विक्रम और बेताल भाग 7 - राजा चंद्र सेन और सप्तशिल की कहानी","https://www.youtube.com/watch?v=L9AjjrU1BXw","1396","https://www.youtube.com/playlist?list=PL-eaGjSO6F70C3-LkA3kEqAIHkdDLhI6Q","Tilak Kathayein"
"9","195:58:58","Vintage ads","Vintage ads — 1987: Postman refined groundnut oil","https://www.youtube.com/watch?v=X-gp8l1yrTQ","42","https://www.youtube.com/playlist?list=PLycor1XF7S9HVMnWxndl27HgZJM5S8wRT","Guruprasad Gp"
"9","195:59:40","Swabhimaan","Swabhimaan — Swabhimaan | Episode 189 | Ashutosh Rana, Manoj Bajpayee | Classic Indian TV Serial","https://www.youtube.com/watch?v=icJwpNCwjCE","1298","https://www.youtube.com/playlist?list=PLZeNWB9l7494","Classic Indian TV Serials"
"9","196:21:18","Swabhimaan","Swabhimaan — Swabhimaan | Episode 190 | Ashutosh Rana, Manoj Bajpayee | Classic Indian TV Serial","https://www.youtube.com/watch?v=9Jkn2EtNLUs","1231","https://www.youtube.com/playlist?list=PLZeNWB9l7494","Classic Indian TV Serials"
"9","196:41:49","Shri Krishna","Shri Krishna — Sri Krishna EP 53 - श्री कृष्ण द्वारा पाँचजन्य का वध | HQ WIDE SCREEN | English Subtitles","https://www.youtube.com/watch?v=Arl9a2XhIzs","2831","https://www.youtube.com/playlist?list=PLFPJRCFRDARR9IkjkVi6O9ue5DjKiKtkI","Tilak"
"9","197:29:00","Dekh Bhai Dekh","Dekh Bhai Dekh — Dekh Bhai Dekh episode 14","https://www.youtube.com/watch?v=-4tnC--PDTs","1445","https://www.youtube.com/playlist?list=UUYdB1nhxEAtjp-TLnv5utzg","LBEstudio"
"9","197:53:05","Chandrakanta","Chandrakanta — Chandrakanta 1994 Episode 32","https://www.youtube.com/watch?v=2Np9AlQab_U","1125","https://www.youtube.com/playlist?list=PLKfQh0u-9j2YaM54LNfASdQYllxsoU05a","lone warrior"
"9","198:11:50","Swabhimaan","Swabhimaan — Swabhimaan | Episode 191 | Ashutosh Rana, Manoj Bajpayee | Classic Indian TV Serial","https://www.youtube.com/watch?v=fwTAoTbTrB0","1298","https://www.youtube.com/playlist?list=PLZeNWB9l7494","Classic Indian TV Serials"
"9","198:33:28","Hum Log","Hum Log — Hum Log | Episode 15 | India's First Hindi TV Serial | Ashok Kumar, Seema Bhargava, Vinod & Jayshri","https://www.youtube.com/watch?v=GXutiQDAhE8","1334","https://www.youtube.com/playlist?list=PLaNSOkABhCUE","Goldmines Movies"
"9","198:55:42","Swabhimaan","Swabhimaan — Swabhimaan | Episode 192 | Ashutosh Rana, Manoj Bajpayee | Classic Indian TV Serial","https://www.youtube.com/watch?v=-fFUFdBkwUc","1358","https://www.youtube.com/playlist?list=PLZeNWB9l7494","Classic Indian TV Serials"
"9","199:18:20","Vintage ads","Vintage ads — 1992: Olay","https://www.youtube.com/watch?v=IIC6SsYDmf0","33","https://www.youtube.com/playlist?list=PLycor1XF7S9HVMnWxndl27HgZJM5S8wRT","Guruprasad Gp"
"9","199:18:53","Fauji","Fauji — Fauji Episode 4 | Shah Rukh Khan's Television Debut (1989) | SRK's First-Ever TV Serial Appearance","https://www.youtube.com/watch?v=yJtZKtcBkbQ","1330","https://www.youtube.com/playlist?list=PLYqSow41YJ2I","Goldmines Bollywood"
"9","199:41:03","Surabhi","Surabhi — Surabhi | सुरभि  : Ep - 15","https://www.youtube.com/watch?v=-3YFjXx9av8","1422","https://www.youtube.com/playlist?list=PLUiMfS6qzIMzE8lgWFaQ3qvVFCCONXALQ","Doordarshan National"
"9","200:04:45","Chanakya","Chanakya — चाणक्य Official | Episode 13 - Part -1 | Directed & Acted by Dr. Chandraprakash Dwivedi","https://www.youtube.com/watch?v=vVEwqgcocpY","1259","https://www.youtube.com/playlist?list=PLY-qGtGftCjm1_tDxT2TsDAXXC2p-iutt","Chanakya_theofficial"
"9","200:25:44","Chanakya","Chanakya — चाणक्य Official | Episode 13 - Part -2 | Directed & Acted by Dr. Chandraprakash Dwivedi","https://www.youtube.com/watch?v=QViB-syfDSU","1576","https://www.youtube.com/playlist?list=PLY-qGtGftCjm1_tDxT2TsDAXXC2p-iutt","Chanakya_theofficial"
"9","200:52:00","Swabhimaan","Swabhimaan — Swabhimaan | Episode 193 | Ashutosh Rana, Manoj Bajpayee | Classic Indian TV Serial","https://www.youtube.com/watch?v=QKNChDEAEz4","1327","https://www.youtube.com/playlist?list=PLZeNWB9l7494","Classic Indian TV Serials"
"9","201:14:07","Alif Laila","Alif Laila — अलादीन का निकाह !! Alif Laila Episode : 30 !! सुपरहिट हिन्दी टीवी सीरियल !! Sagar Picture","https://www.youtube.com/watch?v=ke9FUdYHf58","1323","https://www.youtube.com/playlist?list=PLqmdsOwstpJfOtjWGMFTGMruqQV7C5XoL","Sagar Pictures"
"9","201:36:10","Shri Krishna","Shri Krishna — Sri Krishna EP 54 - जरासंध का मथुरा पर युध के लिए कुच करना | HQ WIDE SCREEN | English Subtitles","https://www.youtube.com/watch?v=pa8_45uqu-0","2759","https://www.youtube.com/playlist?list=PLFPJRCFRDARR9IkjkVi6O9ue5DjKiKtkI","Tilak"
"9","202:22:09","Swabhimaan","Swabhimaan — Swabhimaan | Episode 194 | Ashutosh Rana, Manoj Bajpayee | Classic Indian TV Serial","https://www.youtube.com/watch?v=Nwv2TaSv0Aw","1250","https://www.youtube.com/playlist?list=PLZeNWB9l7494","Classic Indian TV Serials"
"9","202:42:59","The Sword of Tipu Sultan","The Sword of Tipu Sultan — Tipu Sultan | Full Episode 14  | Sanjay Khan, Dipika Chikhlia, Swapnil Joshi | Dangal TV Gathaa","https://www.youtube.com/watch?v=8_KPjbqkcbM","2385","https://www.youtube.com/playlist?list=PLL8R100698ndzARBsLB6Z8jYs_52cDJJ7","Dangal TV Replay"
"9","203:22:44","Swabhimaan","Swabhimaan — Swabhimaan | Episode 195 | Ashutosh Rana, Manoj Bajpayee | Classic Indian TV Serial","https://www.youtube.com/watch?v=N-_qNNbzyRQ","1215","https://www.youtube.com/playlist?list=PLZeNWB9l7494","Classic Indian TV Serials"
"9","203:42:59","Vintage ads","Vintage ads — 1996: Haywards lager","https://www.youtube.com/watch?v=MqAnMyqqcmw","47","https://www.youtube.com/playlist?list=PLycor1XF7S9HVMnWxndl27HgZJM5S8wRT","Guruprasad Gp"
"9","203:43:46","Byomkesh Bakshi","Byomkesh Bakshi — Byomkesh Bakshi: Ep #9 - AgniBaan","https://www.youtube.com/watch?v=NokiooOu6wk","2429","https://www.youtube.com/playlist?list=PLUiMfS6qzIMxiHu2N2Px1ISp5vxCm3PMo","Doordarshan National"
"9","204:24:15","Swabhimaan","Swabhimaan — Swabhimaan | Episode 196 | Ashutosh Rana, Manoj Bajpayee | Classic Indian TV Serial","https://www.youtube.com/watch?v=4Ly_8DUVd2c","1348","https://www.youtube.com/playlist?list=PLZeNWB9l7494","Classic Indian TV Serials"
"9","204:46:43","Chandrakanta","Chandrakanta — Chandrakanta 1994 Episode 33","https://www.youtube.com/watch?v=0BXpGi8K-sI","1187","https://www.youtube.com/playlist?list=PLKfQh0u-9j2YaM54LNfASdQYllxsoU05a","lone warrior"
"9","205:06:30","Shri Krishna","Shri Krishna — Sri Krishna EP 55 - अक्रूर का धृतराष्ट्र से सहायता माँगना | HQ WIDE SCREEN | English Subtitles","https://www.youtube.com/watch?v=yqfdmbVmpoA","2709","https://www.youtube.com/playlist?list=PLFPJRCFRDARR9IkjkVi6O9ue5DjKiKtkI","Tilak"
"9","205:51:39","Bharat Ek Khoj","Bharat Ek Khoj — Bharat Ek Khoj | Episode-15 | The Sangam Period and Silappadikaram, Part I","https://www.youtube.com/watch?v=voW0mVcSiD0","2845","https://www.youtube.com/playlist?list=PLqtVCj5iilH4w0Y8KBB4fqBu25T0sGhXG","Prasar Bharati Archives"
"9","206:39:04","Swabhimaan","Swabhimaan — Swabhimaan | Episode 197 | Ashutosh Rana, Manoj Bajpayee | Classic Indian TV Serial","https://www.youtube.com/watch?v=k8DimwwbzB0","1326","https://www.youtube.com/playlist?list=PLZeNWB9l7494","Classic Indian TV Serials"
"9","207:01:10","Udaan","Udaan — Udaan DD national Serial Episode 7 doordarshan TV serial उड़ान दूरदर्शन सीरियल","https://www.youtube.com/watch?v=Kse5PbC8LC4","1735","https://www.youtube.com/playlist?list=PLFSBneXK-Uv8l6Fs99d5HyhaMlW8q8tWk","Doordarshan Serial"
"9","207:30:05","Tehkikaat","Tehkikaat — Tehkikaat तहकीकात | Jealousi Turns Blood - Crime Serial | Ranjeet, Saurabh Shukla, Vijay A. | EP 12","https://www.youtube.com/watch?v=dAYjkcMOwGI","1286","https://www.youtube.com/playlist?list=PLImQCagB5etA0FMEJ7yrWIUBCzxgOBikn","Raj Rishi Serials"
"9","207:51:31","Swabhimaan","Swabhimaan — Swabhimaan | Episode 198 | Ashutosh Rana, Manoj Bajpayee | Classic Indian TV Serial","https://www.youtube.com/watch?v=ff0YoRLjL2E","1214","https://www.youtube.com/playlist?list=PLZeNWB9l7494","Classic Indian TV Serials"
"9","208:11:45","Swabhimaan","Swabhimaan — Swabhimaan | Episode 199 | Ashutosh Rana, Manoj Bajpayee | Classic Indian TV Serial","https://www.youtube.com/watch?v=6dPoMkJqiok","1288","https://www.youtube.com/playlist?list=PLZeNWB9l7494","Classic Indian TV Serials"
"9","208:33:13","Vintage ads","Vintage ads — 1985: Teepol liquid cleaner","https://www.youtube.com/watch?v=Iid4UaAj6Sc","43","https://www.youtube.com/playlist?list=PLycor1XF7S9HVMnWxndl27HgZJM5S8wRT","Guruprasad Gp"
"9","208:33:56","The Great Maratha","The Great Maratha — The Great Maratha | Full Episode 11 | Irrfan Khan, Pankaj Dheer | Dangal TV Gathaa","https://www.youtube.com/watch?v=kRJ9SoDePJA","2904","https://www.youtube.com/playlist?list=PLL8R100698nc9lYCs25j4FrcGDyqdtq_B","Dangal TV Replay"
"9","209:22:20","Swabhimaan","Swabhimaan — Swabhimaan | Episode 200 | Ashutosh Rana, Manoj Bajpayee | Classic Indian TV Serial","https://www.youtube.com/watch?v=8S6WrkGuq5I","1257","https://www.youtube.com/playlist?list=PLZeNWB9l7494","Classic Indian TV Serials"
"9","209:43:17","Shri Krishna","Shri Krishna — Sri Krishna EP 56 - अक्रूर की कुंती से भेंट | HQ WIDE SCREEN | English Subtitles","https://www.youtube.com/watch?v=QTICP69jjYI","2775","https://www.youtube.com/playlist?list=PLFPJRCFRDARR9IkjkVi6O9ue5DjKiKtkI","Tilak"
"9","210:29:32","Wagle Ki Duniya","Wagle Ki Duniya — Wagle Ki Duniya - Episode 04 - Landlord | DD EXCLUSIVE","https://www.youtube.com/watch?v=MF8AppEaVYM","1493","https://www.youtube.com/playlist?list=PL5TZ-0sMyEgVQcbG4E10bBeGcQEQ3WR-S","90's Ki Yaadein"
"9","210:54:25","Swabhimaan","Swabhimaan — Swabhimaan | Episode 201 | Ashutosh Rana, Manoj Bajpayee | Classic Indian TV Serial","https://www.youtube.com/watch?v=7dY3N3Kl0Fs","1214","https://www.youtube.com/playlist?list=PLZeNWB9l7494","Classic Indian TV Serials"
"9","211:14:39","Alif Laila","Alif Laila — जादूगर को चिराग मिल ही गया !! Alif Laila Episode : 31 !! सुपरहिट हिंदी धारावाहिक !! 1080p","https://www.youtube.com/watch?v=Zv3Lx6GpRlI","1318","https://www.youtube.com/playlist?list=PLqmdsOwstpJfOtjWGMFTGMruqQV7C5XoL","Sagar Pictures"
"9","211:36:37","Swabhimaan","Swabhimaan — Swabhimaan | Episode 202 | Ashutosh Rana, Manoj Bajpayee | Classic Indian TV Serial","https://www.youtube.com/watch?v=TZuOXsq4-2k","1311","https://www.youtube.com/playlist?list=PLZeNWB9l7494","Classic Indian TV Serials"
"9","211:58:28","Chandrakanta","Chandrakanta — Chandrakanta 1994 Episode 34","https://www.youtube.com/watch?v=pIMxILuSUvo","1187","https://www.youtube.com/playlist?list=PLKfQh0u-9j2YaM54LNfASdQYllxsoU05a","lone warrior"
"9","212:18:15","Vintage ads","Vintage ads — 1994: NesFit - Vinod Kambli - Enriched Glucose","https://www.youtube.com/watch?v=mw-eHnIy4UU","44","https://www.youtube.com/playlist?list=PLycor1XF7S9HVMnWxndl27HgZJM5S8wRT","Guruprasad Gp"
"9","212:18:59","Swabhimaan","Swabhimaan — Swabhimaan | Episode 203 | Ashutosh Rana, Manoj Bajpayee | Classic Indian TV Serial","https://www.youtube.com/watch?v=td9htAeajJY","1302","https://www.youtube.com/playlist?list=PLZeNWB9l7494","Classic Indian TV Serials"
"9","212:40:41","Shri Krishna","Shri Krishna — Sri Krishna EP 57 - महाऋषि मंडव्य का धरम राज को श्राप | HQ WIDE SCREEN | English Subtitles","https://www.youtube.com/watch?v=LZfGULI12aE","2672","https://www.youtube.com/playlist?list=PLFPJRCFRDARR9IkjkVi6O9ue5DjKiKtkI","Tilak"
"9","213:25:13","Swabhimaan","Swabhimaan — Swabhimaan | Episode 204 | Ashutosh Rana, Manoj Bajpayee | Classic Indian TV Serial","https://www.youtube.com/watch?v=uYlpMUObWZE","1302","https://www.youtube.com/playlist?list=PLZeNWB9l7494","Classic Indian TV Serials"
"9","213:46:55","Hum Log","Hum Log — Hum Log | Episode 16 | India's First Hindi TV Serial | Ashok Kumar, Seema Bhargava, Vinod & Jayshri","https://www.youtube.com/watch?v=s_BGVGPY_mc","1331","https://www.youtube.com/playlist?list=PLaNSOkABhCUE","Goldmines Movies"
"9","214:09:06","Dekh Bhai Dekh","Dekh Bhai Dekh — Dekh Bhai Dekh episode 15 part 1","https://www.youtube.com/watch?v=69aDbmik31g","481","https://www.youtube.com/playlist?list=UUYdB1nhxEAtjp-TLnv5utzg","LBEstudio"
"9","214:17:07","Dekh Bhai Dekh","Dekh Bhai Dekh — Dekh Bhai Dekh episdoe 15 part 2","https://www.youtube.com/watch?v=YAixRXE0ZfY","481","https://www.youtube.com/playlist?list=UUYdB1nhxEAtjp-TLnv5utzg","LBEstudio"
"9","214:25:08","Dekh Bhai Dekh","Dekh Bhai Dekh — Dekh Bhai Dekh episdoe 15 part 3","https://www.youtube.com/watch?v=wfm9IS3Rmy0","486","https://www.youtube.com/playlist?list=UUYdB1nhxEAtjp-TLnv5utzg","LBEstudio"
"9","214:33:14","Surabhi","Surabhi — Surabhi | सुरभि  : Ep - 16","https://www.youtube.com/watch?v=9OZCxQBu18o","1416","https://www.youtube.com/playlist?list=PLUiMfS6qzIMzE8lgWFaQ3qvVFCCONXALQ","Doordarshan National"
"9","214:56:50","Swabhimaan","Swabhimaan — Swabhimaan | Episode 205 | Ashutosh Rana, Manoj Bajpayee | Classic Indian TV Serial","https://www.youtube.com/watch?v=QD3FWo3aKFI","1272","https://www.youtube.com/playlist?list=PLZeNWB9l7494","Classic Indian TV Serials"
"9","215:18:02","Swabhimaan","Swabhimaan — Swabhimaan | Episode 206 | Ashutosh Rana, Manoj Bajpayee | Classic Indian TV Serial","https://www.youtube.com/watch?v=lOxFTjLQdwg","1286","https://www.youtube.com/playlist?list=PLZeNWB9l7494","Classic Indian TV Serials"
"9","215:39:28","Vintage ads","Vintage ads — 1988: Safal - Maneka Gandhi - Go Veg","https://www.youtube.com/watch?v=-2NbO5Sazis","42","https://www.youtube.com/playlist?list=PLycor1XF7S9HVMnWxndl27HgZJM5S8wRT","Guruprasad Gp"
"9","215:40:10","Shri Krishna","Shri Krishna — Sri Krishna EP 58 - जरासंध का संधि पत्र ठुकराना | HQ WIDE SCREEN | English Subtitles","https://www.youtube.com/watch?v=qX5JVpcqw1I","2610","https://www.youtube.com/playlist?list=PLFPJRCFRDARR9IkjkVi6O9ue5DjKiKtkI","Tilak"
"10","216:23:40","Swabhimaan","Swabhimaan — Swabhimaan | Episode 207 | Ashutosh Rana, Manoj Bajpayee | Classic Indian TV Serial","https://www.youtube.com/watch?v=3jcNnyLTJQo","1293","https://www.youtube.com/playlist?list=PLZeNWB9l7494","Classic Indian TV Serials"
"10","216:45:13","Chandrakanta","Chandrakanta — Chandrakanta 1994 Episode 35","https://www.youtube.com/watch?v=_CvpCY6x0uU","1117","https://www.youtube.com/playlist?list=PLKfQh0u-9j2YaM54LNfASdQYllxsoU05a","lone warrior"
"10","217:03:50","Swabhimaan","Swabhimaan — Swabhimaan | Episode 208 | Ashutosh Rana, Manoj Bajpayee | Classic Indian TV Serial","https://www.youtube.com/watch?v=j5I5eqfEEpU","1257","https://www.youtube.com/playlist?list=PLZeNWB9l7494","Classic Indian TV Serials"
"10","217:24:47","Chanakya","Chanakya — चाणक्य Official | Episode 14 - Part -1 | Directed & Acted by Dr. Chandraprakash Dwivedi","https://www.youtube.com/watch?v=0_BWSjx8HYY","1312","https://www.youtube.com/playlist?list=PLY-qGtGftCjm1_tDxT2TsDAXXC2p-iutt","Chanakya_theofficial"
"10","217:46:39","Chanakya","Chanakya — चाणक्य Official | Episode 14 - Part -2 | Directed & Acted by Dr. Chandraprakash Dwivedi","https://www.youtube.com/watch?v=2M-HJ-wiccI","1399","https://www.youtube.com/playlist?list=PLY-qGtGftCjm1_tDxT2TsDAXXC2p-iutt","Chanakya_theofficial"
"10","218:09:58","The Sword of Tipu Sultan","The Sword of Tipu Sultan — Tipu Sultan | Full Episode 15  | Sanjay Khan, Dipika Chikhlia, Swapnil Joshi | Dangal TV Gathaa","https://www.youtube.com/watch?v=LJctsmdVs6c","2528","https://www.youtube.com/playlist?list=PLL8R100698ndzARBsLB6Z8jYs_52cDJJ7","Dangal TV Replay"
"10","218:52:06","Swabhimaan","Swabhimaan — Swabhimaan | Episode 209 | Ashutosh Rana, Manoj Bajpayee | Classic Indian TV Serial","https://www.youtube.com/watch?v=az4E5e00NJ8","1313","https://www.youtube.com/playlist?list=PLZeNWB9l7494","Classic Indian TV Serials"
"10","219:13:59","Shri Krishna","Shri Krishna — Sri Krishna EP 59 - श्री कृष्ण और बलराम का जरासंध के साथ युध | HQ WIDE SCREEN | English Subtitles","https://www.youtube.com/watch?v=eYnrn8IIWZI","2709","https://www.youtube.com/playlist?list=PLFPJRCFRDARR9IkjkVi6O9ue5DjKiKtkI","Tilak"
"10","219:59:08","Bharat Ek Khoj","Bharat Ek Khoj — Bharat Ek Khoj | Episode-16 | The Sangam Period and Silappadikaram, Part II","https://www.youtube.com/watch?v=M23_V6wgqMQ","3031","https://www.youtube.com/playlist?list=PLqtVCj5iilH4w0Y8KBB4fqBu25T0sGhXG","Prasar Bharati Archives"
"10","220:49:39","Alif Laila","Alif Laila — अलादीन की किस्मत ने नया खेल दिखाया !! Alif Laila Episode : 32 !! Superhit Hindi Serial !! 1080p","https://www.youtube.com/watch?v=AxJSQDXqsA0","1387","https://www.youtube.com/playlist?list=PLqmdsOwstpJfOtjWGMFTGMruqQV7C5XoL","Sagar Pictures"
"10","221:12:46","Vintage ads","Vintage ads — 1993: Polar fans","https://www.youtube.com/watch?v=sLDDfPVqCGo","31","https://www.youtube.com/playlist?list=PLycor1XF7S9HVMnWxndl27HgZJM5S8wRT","Guruprasad Gp"
"10","221:13:17","Swabhimaan","Swabhimaan — Swabhimaan | Episode 210 | Ashutosh Rana, Manoj Bajpayee | Classic Indian TV Serial","https://www.youtube.com/watch?v=G7OgKkHI4x0","1183","https://www.youtube.com/playlist?list=PLZeNWB9l7494","Classic Indian TV Serials"
"10","221:33:00","Circus","Circus — Shahrukh Khan starrer Circus - Ep #06","https://www.youtube.com/watch?v=dkU7c75HwNg","1470","https://www.youtube.com/playlist?list=PLUiMfS6qzIMzAqteEcp055VDYpgZDbeyT","Doordarshan National"
"10","221:57:30","Swabhimaan","Swabhimaan — Swabhimaan | Episode 211 | Ashutosh Rana, Manoj Bajpayee | Classic Indian TV Serial","https://www.youtube.com/watch?v=qDXwV4OdzIY","1315","https://www.youtube.com/playlist?list=PLZeNWB9l7494","Classic Indian TV Serials"
"10","222:19:25","Swabhimaan","Swabhimaan — Swabhimaan | Episode 212 | Ashutosh Rana, Manoj Bajpayee | Classic Indian TV Serial","https://www.youtube.com/watch?v=jcsUkzn-MYg","1234","https://www.youtube.com/playlist?list=PLZeNWB9l7494","Classic Indian TV Serials"
"10","222:39:59","Tehkikaat","Tehkikaat — Tehkikaat तहकीकात | Jealousi Turns Blood - Crime Serial | Ranjeet, Saurabh Shukla, Vijay A. | EP 13","https://www.youtube.com/watch?v=OGQmkQAFX_o","1534","https://www.youtube.com/playlist?list=PLImQCagB5etA0FMEJ7yrWIUBCzxgOBikn","Raj Rishi Serials"
"10","223:05:33","Vintage ads","Vintage ads — 1988: Vegepro oil","https://www.youtube.com/watch?v=HFEZ2rqD10I","31","https://www.youtube.com/playlist?list=PLycor1XF7S9HVMnWxndl27HgZJM5S8wRT","Guruprasad Gp"
"10","223:06:04","Swabhimaan","Swabhimaan — Swabhimaan | Episode 213 | Ashutosh Rana, Manoj Bajpayee | Classic Indian TV Serial","https://www.youtube.com/watch?v=JTDugUFlmB4","1196","https://www.youtube.com/playlist?list=PLZeNWB9l7494","Classic Indian TV Serials"
"10","223:26:00","Shri Krishna","Shri Krishna — Sri Krishna EP 60 - श्री कृष्ण और बलराम की जीत की ख़ुशी | HQ WIDE SCREEN | English Subtitles","https://www.youtube.com/watch?v=PPgIUuaf5cA","2728","https://www.youtube.com/playlist?list=PLFPJRCFRDARR9IkjkVi6O9ue5DjKiKtkI","Tilak"
"10","224:11:28","Chandrakanta","Chandrakanta — Chandrakanta 1994 Episode 36","https://www.youtube.com/watch?v=qoX4yoY4gfQ","1187","https://www.youtube.com/playlist?list=PLKfQh0u-9j2YaM54LNfASdQYllxsoU05a","lone warrior"
"10","224:31:15","Swabhimaan","Swabhimaan — Swabhimaan | Episode 214 | Ashutosh Rana, Manoj Bajpayee | Classic Indian TV Serial","https://www.youtube.com/watch?v=wOQaMV5OldI","1300","https://www.youtube.com/playlist?list=PLZeNWB9l7494","Classic Indian TV Serials"
"10","224:52:55","Om Namah Shivay","Om Namah Shivay — नारद तारकासुर को समझाने की पूरी कोशिश करते हैं | Om Namah Shivay TV Serial | Episode 74","https://www.youtube.com/watch?v=0vLiDkISJYQ","1306","https://www.youtube.com/playlist?list=PL5A5QJkW7MkuEgaSMSlkmc51V_jBHv6fO","Saregama Bhakti"
"10","225:14:41","Swabhimaan","Swabhimaan — Swabhimaan | Episode 215 | Ashutosh Rana, Manoj Bajpayee | Classic Indian TV Serial","https://www.youtube.com/watch?v=ASmSNSApux0","1311","https://www.youtube.com/playlist?list=PLZeNWB9l7494","Classic Indian TV Serials"
"10","225:36:32","Vintage ads","Vintage ads — 1986: Britannia Milk Bikis","https://www.youtube.com/watch?v=7rDg-FkBNss","71","https://www.youtube.com/playlist?list=PLycor1XF7S9HVMnWxndl27HgZJM5S8wRT","Guruprasad Gp"
"10","225:37:43","Swabhimaan","Swabhimaan — Swabhimaan | Episode 217 | Ashutosh Rana, Manoj Bajpayee | Classic Indian TV Serial","https://www.youtube.com/watch?v=wmWYTo1941Q","1282","https://www.youtube.com/playlist?list=PLZeNWB9l7494","Classic Indian TV Serials"
"10","225:59:05","Vikram Aur Betaal","Vikram Aur Betaal — रामानंद सागर कृत विक्रम और बेताल भाग 8 - सबसे कोमल कौन","https://www.youtube.com/watch?v=Yc10occuwaM","1378","https://www.youtube.com/playlist?list=PL-eaGjSO6F70C3-LkA3kEqAIHkdDLhI6Q","Tilak Kathayein"
"10","226:22:03","Shri Krishna","Shri Krishna — Sri Krishna EP 61 - गोकुल की याद | उद्धव का मथुरा आगमन | HQ WIDE SCREEN | English Subtitles","https://www.youtube.com/watch?v=_AO38t8Is90","2659","https://www.youtube.com/playlist?list=PLFPJRCFRDARR9IkjkVi6O9ue5DjKiKtkI","Tilak"
"10","227:06:22","Hum Log","Hum Log — Hum Log | Episode 17 | India's First Hindi TV Serial | Ashok Kumar, Seema Bhargava, Vinod & Jayshri","https://www.youtube.com/watch?v=q5oTNmKRG9s","1435","https://www.youtube.com/playlist?list=PLaNSOkABhCUE","Goldmines Movies"
"10","227:30:17","Swabhimaan","Swabhimaan — Swabhimaan | Episode 219 | Ashutosh Rana, Manoj Bajpayee | Classic Indian TV Serial","https://www.youtube.com/watch?v=7YYTBHBWwnk","1274","https://www.youtube.com/playlist?list=PLZeNWB9l7494","Classic Indian TV Serials"
"10","227:51:31","Surabhi","Surabhi — Surabhi | सुरभि  : Ep - 17","https://www.youtube.com/watch?v=-YEY5mCZOS4","1424","https://www.youtube.com/playlist?list=PLUiMfS6qzIMzE8lgWFaQ3qvVFCCONXALQ","Doordarshan National"
"10","228:15:15","Swabhimaan","Swabhimaan — Swabhimaan | Episode 220 | Ashutosh Rana, Manoj Bajpayee | Classic Indian TV Serial","https://www.youtube.com/watch?v=sUWzWMc6_xk","1273","https://www.youtube.com/playlist?list=PLZeNWB9l7494","Classic Indian TV Serials"
"10","228:36:28","Byomkesh Bakshi","Byomkesh Bakshi — Byomkesh Bakshi: Ep#10 - Upsanhaar","https://www.youtube.com/watch?v=6koJ9opUDO4","2432","https://www.youtube.com/playlist?list=PLUiMfS6qzIMxiHu2N2Px1ISp5vxCm3PMo","Doordarshan National"
"10","229:17:00","Nukkad","Nukkad — Nukkad   Episode # 8   Merry Christmas   Best TV Show","https://www.youtube.com/watch?v=u8qHBcP4_9g","1290","https://www.youtube.com/playlist?list=PLDXzvDkBVqqSGYLZPlZQfl_Vn-JmuiTDN","movie clips"
"10","229:38:30","Alif Laila","Alif Laila — जादूगर और अलादीन के बीच हुई भयानक लड़ाई Episode : 33| Alif Laila Supehit Serial","https://www.youtube.com/watch?v=WIUu7YYjhyg","1341","https://www.youtube.com/playlist?list=PLqmdsOwstpJfOtjWGMFTGMruqQV7C5XoL","Sagar Pictures"
"10","230:00:51","Chandrakanta","Chandrakanta — Chandrakanta 1994 Episode 37","https://www.youtube.com/watch?v=EDleQ8AfuQc","1187","https://www.youtube.com/playlist?list=PLKfQh0u-9j2YaM54LNfASdQYllxsoU05a","lone warrior"
"10","230:20:38","Swabhimaan","Swabhimaan — Swabhimaan | Episode 221 | Ashutosh Rana, Manoj Bajpayee | Classic Indian TV Serial","https://www.youtube.com/watch?v=FsUqKLOzn9Y","1240","https://www.youtube.com/playlist?list=PLZeNWB9l7494","Classic Indian TV Serials"
"10","230:41:18","The Great Maratha","The Great Maratha — The Great Maratha | Full Episode 12 | Irrfan Khan, Pankaj Dheer | Dangal TV Gathaa","https://www.youtube.com/watch?v=kMDf3s90_oU","2682","https://www.youtube.com/playlist?list=PLL8R100698nc9lYCs25j4FrcGDyqdtq_B","Dangal TV Replay"
"10","231:26:00","Dekh Bhai Dekh","Dekh Bhai Dekh — Dekh Bhai Dekh episode 16 part 1","https://www.youtube.com/watch?v=wKYiSwFJCXo","481","https://www.youtube.com/playlist?list=UUYdB1nhxEAtjp-TLnv5utzg","LBEstudio"
"10","231:34:01","Dekh Bhai Dekh","Dekh Bhai Dekh — Dekh Bhai Dekh episode 16 part 2","https://www.youtube.com/watch?v=BcAUKHcwyoo","481","https://www.youtube.com/playlist?list=UUYdB1nhxEAtjp-TLnv5utzg","LBEstudio"
"10","231:42:02","Dekh Bhai Dekh","Dekh Bhai Dekh — Dekh Bhai Dekh episode 16 part 3","https://www.youtube.com/watch?v=BrOdcU7taCU","433","https://www.youtube.com/playlist?list=UUYdB1nhxEAtjp-TLnv5utzg","LBEstudio"
"10","231:49:15","Shri Krishna","Shri Krishna — Sri Krishna EP 62 - उद्धव को अपने ज्ञान का अहंकार | HQ WIDE SCREEN | English Subtitles","https://www.youtube.com/watch?v=3XI3_-D7FT8","2667","https://www.youtube.com/playlist?list=PLFPJRCFRDARR9IkjkVi6O9ue5DjKiKtkI","Tilak"
"10","232:33:42","Junoon","Junoon — Junoon | Maha Episode 22 | Kya Sumer Aur Adhikari Kuch Raasta Nikal Payenge?","https://www.youtube.com/watch?v=A7aKy-Nk2ok","2030","https://www.youtube.com/playlist?list=PLrkDcuaB2OX_ZuAo48tg5pEa2BjdoM8Y2","Cinevista Entertainment"
"10","233:07:32","Swabhimaan","Swabhimaan — Swabhimaan | Episode 222 | Ashutosh Rana, Manoj Bajpayee | Classic Indian TV Serial","https://www.youtube.com/watch?v=FY0e8YTwZNM","1242","https://www.youtube.com/playlist?list=PLZeNWB9l7494","Classic Indian TV Serials"
"10","233:28:14","Swabhimaan","Swabhimaan — Swabhimaan | Episode 223 | Ashutosh Rana, Manoj Bajpayee | Classic Indian TV Serial","https://www.youtube.com/watch?v=uKmmfyN7rLQ","1204","https://www.youtube.com/playlist?list=PLZeNWB9l7494","Classic Indian TV Serials"
"10","233:48:18","Vintage ads","Vintage ads — 1990: Prestige Pressure Cooker","https://www.youtube.com/watch?v=orLqeDigyOI","21","https://www.youtube.com/playlist?list=PLycor1XF7S9HVMnWxndl27HgZJM5S8wRT","Guruprasad Gp"
"10","233:48:39","Swabhimaan","Swabhimaan — Swabhimaan | Episode 224 | Ashutosh Rana, Manoj Bajpayee | Classic Indian TV Serial","https://www.youtube.com/watch?v=TFKJi7n5JoA","1302","https://www.youtube.com/playlist?list=PLZeNWB9l7494","Classic Indian TV Serials"
"10","234:10:21","The Sword of Tipu Sultan","The Sword of Tipu Sultan — Tipu Sultan | Full Episode 16  | Sanjay Khan, Dipika Chikhlia, Swapnil Joshi | Dangal TV Gathaa","https://www.youtube.com/watch?v=a87P75VvPL8","2593","https://www.youtube.com/playlist?list=PLL8R100698ndzARBsLB6Z8jYs_52cDJJ7","Dangal TV Replay"
"10","234:53:34","Chanakya","Chanakya — चाणक्य Official | Episode 15 - Part -1 | Directed & Acted by Dr. Chandraprakash Dwivedi","https://www.youtube.com/watch?v=svlRwqhWFLo","1415","https://www.youtube.com/playlist?list=PLY-qGtGftCjm1_tDxT2TsDAXXC2p-iutt","Chanakya_theofficial"
"10","235:17:09","Chanakya","Chanakya — चाणक्य Official | Episode 15 - Part -2 | Directed & Acted by Dr. Chandraprakash Dwivedi","https://www.youtube.com/watch?v=PnqD6MHrKvw","1360","https://www.youtube.com/playlist?list=PLY-qGtGftCjm1_tDxT2TsDAXXC2p-iutt","Chanakya_theofficial"
"10","235:39:49","Swabhimaan","Swabhimaan — Swabhimaan | Episode 225 | Ashutosh Rana, Manoj Bajpayee | Classic Indian TV Serial","https://www.youtube.com/watch?v=LDCmqoP7hXk","1278","https://www.youtube.com/playlist?list=PLZeNWB9l7494","Classic Indian TV Serials"
"10","236:01:07","Shri Krishna","Shri Krishna — Sri Krishna EP  63 - उद्धव का राधा से मिलना | HQ WIDE SCREEN | English Subtitles","https://www.youtube.com/watch?v=rkv-SDY8_-U","2679","https://www.youtube.com/playlist?list=PLFPJRCFRDARR9IkjkVi6O9ue5DjKiKtkI","Tilak"
"10","236:45:46","Vintage ads","Vintage ads — 1983: Royal Touch Leather Seats","https://www.youtube.com/watch?v=DDXoTiuxzgc","66","https://www.youtube.com/playlist?list=PLycor1XF7S9HVMnWxndl27HgZJM5S8wRT","Guruprasad Gp"
"10","236:46:52","Swabhimaan","Swabhimaan — Swabhimaan | Episode 227 | Ashutosh Rana, Manoj Bajpayee | Classic Indian TV Serial","https://www.youtube.com/watch?v=lpCtkCjVvTE","1320","https://www.youtube.com/playlist?list=PLZeNWB9l7494","Classic Indian TV Serials"
"10","237:08:52","Bharat Ek Khoj","Bharat Ek Khoj — Bharat Ek Khoj | Episode-17 | The Classical Age","https://www.youtube.com/watch?v=uaUdO1GEpGk","3654","https://www.youtube.com/playlist?list=PLqtVCj5iilH4w0Y8KBB4fqBu25T0sGhXG","Prasar Bharati Archives"
"10","238:09:46","Chandrakanta","Chandrakanta — Chandrakanta 1994 Episode 38","https://www.youtube.com/watch?v=Se49qkp-Skw","1188","https://www.youtube.com/playlist?list=PLKfQh0u-9j2YaM54LNfASdQYllxsoU05a","lone warrior"
"10","238:29:34","Swabhimaan","Swabhimaan — Swabhimaan | Episode 228 | Ashutosh Rana, Manoj Bajpayee | Classic Indian TV Serial","https://www.youtube.com/watch?v=O6vatWACwa8","1235","https://www.youtube.com/playlist?list=PLZeNWB9l7494","Classic Indian TV Serials"
"10","238:50:09","Swabhimaan","Swabhimaan — Swabhimaan | Episode 229 | Ashutosh Rana, Manoj Bajpayee | Classic Indian TV Serial","https://www.youtube.com/watch?v=N5t9HSQIpc0","1299","https://www.youtube.com/playlist?list=PLZeNWB9l7494","Classic Indian TV Serials"
"10","239:11:48","Shri Krishna","Shri Krishna — Sri Krishna EP 64 - उद्धव को हुआ प्रेम का ज्ञान | HQ WIDE SCREEN | English Subtitles","https://www.youtube.com/watch?v=W-kKO0s-EV0","2752","https://www.youtube.com/playlist?list=PLFPJRCFRDARR9IkjkVi6O9ue5DjKiKtkI","Tilak"
"10","239:57:40","Swabhimaan","Swabhimaan — Swabhimaan | Episode 230 | Ashutosh Rana, Manoj Bajpayee | Classic Indian TV Serial","https://www.youtube.com/watch?v=unttl9ZrAaM","1276","https://www.youtube.com/playlist?list=PLZeNWB9l7494","Classic Indian TV Serials"
"11","240:18:56","Alif Laila","Alif Laila — अलीबाबा और 40 चोर की कहानी !! Khul Jaa Sim Sim Episode : 34 | Alif Laila","https://www.youtube.com/watch?v=YHtPm_hPSTA","1360","https://www.youtube.com/playlist?list=PLqmdsOwstpJfOtjWGMFTGMruqQV7C5XoL","Sagar Pictures"
"11","240:41:36","Swabhimaan","Swabhimaan — Swabhimaan | Episode 231 | Ashutosh Rana, Manoj Bajpayee | Classic Indian TV Serial","https://www.youtube.com/watch?v=f-qNMgMKh-M","1349","https://www.youtube.com/playlist?list=PLZeNWB9l7494","Classic Indian TV Serials"
"11","241:04:05","Malgudi Days","Malgudi Days — Malgudi Days In Hindi - मालगुडी डेज - Carrer - 90's Best Hindi Kids Tv Serial","https://www.youtube.com/watch?v=Cw22prW5vGc","1483","https://www.youtube.com/playlist?list=PLIhvrpwTgKyrXD3jx9PSxMaP7_j53RmXS","Ultra TV Series"
"11","241:28:48","Vintage ads","Vintage ads — 1994: Gillette Presto - Sachin Tendulkar","https://www.youtube.com/watch?v=BA217AGRSzc","45","https://www.youtube.com/playlist?list=PLycor1XF7S9HVMnWxndl27HgZJM5S8wRT","Guruprasad Gp"
"11","241:29:33","Swabhimaan","Swabhimaan — Swabhimaan | Episode 232 | Ashutosh Rana, Manoj Bajpayee | Classic Indian TV Serial","https://www.youtube.com/watch?v=ah0rEHHmFbI","1201","https://www.youtube.com/playlist?list=PLZeNWB9l7494","Classic Indian TV Serials"
"11","241:49:34","Surabhi","Surabhi — Surabhi | सुरभि  : Ep - 18","https://www.youtube.com/watch?v=WT5ERVjYk3Y","1422","https://www.youtube.com/playlist?list=PLUiMfS6qzIMzE8lgWFaQ3qvVFCCONXALQ","Doordarshan National"
"11","242:13:16","Shri Krishna","Shri Krishna — Sri Krishna EP 65 - जरासंध की श्री कृष्ण से हार | HQ WIDE SCREEN | English Subtitles","https://www.youtube.com/watch?v=EcHFsJkpKRI","2739","https://www.youtube.com/playlist?list=PLFPJRCFRDARR9IkjkVi6O9ue5DjKiKtkI","Tilak"
"11","242:58:55","Swabhimaan","Swabhimaan — Swabhimaan | Episode 233 | Ashutosh Rana, Manoj Bajpayee | Classic Indian TV Serial","https://www.youtube.com/watch?v=oalw3KOn3Mg","1327","https://www.youtube.com/playlist?list=PLZeNWB9l7494","Classic Indian TV Serials"
"11","243:21:02","Tehkikaat","Tehkikaat — Tehkikaat तहकीकात | Jealousi Turns Blood - Crime Serial | Ranjeet, Saurabh Shukla, Vijay A. | EP 14","https://www.youtube.com/watch?v=dQMuk50qLAE","1246","https://www.youtube.com/playlist?list=PLImQCagB5etA0FMEJ7yrWIUBCzxgOBikn","Raj Rishi Serials"
"11","243:41:48","Hum Log","Hum Log — Hum Log | Episode 18 | India's First Hindi TV Serial | Ashok Kumar, Seema Bhargava, Vinod & Jayshri","https://www.youtube.com/watch?v=jjHNEI_4ejw","1338","https://www.youtube.com/playlist?list=PLaNSOkABhCUE","Goldmines Movies"
"11","244:04:06","Chandrakanta","Chandrakanta — Chandrakanta 1994 Episode 39","https://www.youtube.com/watch?v=mRJCi8COhKo","1187","https://www.youtube.com/playlist?list=PLKfQh0u-9j2YaM54LNfASdQYllxsoU05a","lone warrior"
"11","244:23:53","Swabhimaan","Swabhimaan — Swabhimaan | Episode 234 | Ashutosh Rana, Manoj Bajpayee | Classic Indian TV Serial","https://www.youtube.com/watch?v=oRPRqEuW0bA","1219","https://www.youtube.com/playlist?list=PLZeNWB9l7494","Classic Indian TV Serials"
"11","244:44:12","Swabhimaan","Swabhimaan — Swabhimaan | Episode 235 | Ashutosh Rana, Manoj Bajpayee | Classic Indian TV Serial","https://www.youtube.com/watch?v=5YeWfY1pd04","1270","https://www.youtube.com/playlist?list=PLZeNWB9l7494","Classic Indian TV Serials"
"11","245:05:22","Vintage ads","Vintage ads — 1982: Sunsilk Shampoo","https://www.youtube.com/watch?v=g7Z93bI8kSc","73","https://www.youtube.com/playlist?list=PLycor1XF7S9HVMnWxndl27HgZJM5S8wRT","Guruprasad Gp"
"11","245:06:35","Shri Krishna","Shri Krishna — Sri Krishna EP 66 - श्री कृष्ण ने सुनायी जरासंध की कहानी | HQ WIDE SCREEN | English Subtitles","https://www.youtube.com/watch?v=YWjU0MXcPa8","2669","https://www.youtube.com/playlist?list=PLFPJRCFRDARR9IkjkVi6O9ue5DjKiKtkI","Tilak"
"11","245:51:04","Swabhimaan","Swabhimaan — Swabhimaan | Episode 237 | Ashutosh Rana, Manoj Bajpayee | Classic Indian TV Serial","https://www.youtube.com/watch?v=9s_FzSq2_Cs","1306","https://www.youtube.com/playlist?list=PLZeNWB9l7494","Classic Indian TV Serials"
"11","246:12:50","Dekh Bhai Dekh","Dekh Bhai Dekh — Dekh Bhai Dekh episode 17 part 1","https://www.youtube.com/watch?v=cukRRVN8_VE","428","https://www.youtube.com/playlist?list=UUYdB1nhxEAtjp-TLnv5utzg","LBEstudio"
"11","246:19:58","Dekh Bhai Dekh","Dekh Bhai Dekh — Dekh Bhai Dekh episode 17 part 2","https://www.youtube.com/watch?v=cRSdOlQ93rI","428","https://www.youtube.com/playlist?list=UUYdB1nhxEAtjp-TLnv5utzg","LBEstudio"
"11","246:27:06","Dekh Bhai Dekh","Dekh Bhai Dekh — Dekh Bhai Dekh episode 17 part 3","https://www.youtube.com/watch?v=JYLphf79loE","429","https://www.youtube.com/playlist?list=UUYdB1nhxEAtjp-TLnv5utzg","LBEstudio"
"11","246:34:15","Swabhimaan","Swabhimaan — SW EP238   Swabhimaan | Episode 235 | Ashutosh Rana, Manoj Bajpayee | Classic Indian TV Serial","https://www.youtube.com/watch?v=cveGmGlvDSk","1235","https://www.youtube.com/playlist?list=PLZeNWB9l7494","Classic Indian TV Serials"
"11","246:54:50","Swabhimaan","Swabhimaan — Swabhimaan | Episode 239 | Ashutosh Rana, Manoj Bajpayee | Classic Indian TV Serial","https://www.youtube.com/watch?v=7OKRhY2T5pM","1197","https://www.youtube.com/playlist?list=PLZeNWB9l7494","Classic Indian TV Serials"
"11","247:14:47","Swabhimaan","Swabhimaan — Swabhimaan | Episode 240 | Ashutosh Rana, Manoj Bajpayee | Classic Indian TV Serial","https://www.youtube.com/watch?v=a2stLacXPFM","1292","https://www.youtube.com/playlist?list=PLZeNWB9l7494","Classic Indian TV Serials"
"11","247:36:19","Udaan","Udaan — Udaan DD national Serial Episode 8 doordarshan उड़ान दूरदर्शन सीरियल एपिसोड 8","https://www.youtube.com/watch?v=7azGs8sySu8","1719","https://www.youtube.com/playlist?list=PLFSBneXK-Uv8l6Fs99d5HyhaMlW8q8tWk","Doordarshan Serial"
"11","248:04:58","Shri Krishna","Shri Krishna — Sri Krishna EP 67 - राजा मुचुकंद की कथा | HQ WIDE SCREEN | English Subtitles","https://www.youtube.com/watch?v=Qt__sefpYz8","2790","https://www.youtube.com/playlist?list=PLFPJRCFRDARR9IkjkVi6O9ue5DjKiKtkI","Tilak"
"11","248:51:28","Chandrakanta","Chandrakanta — Chandrakanta 1994 Episode 40","https://www.youtube.com/watch?v=lMZHBqCBAk0","1187","https://www.youtube.com/playlist?list=PLKfQh0u-9j2YaM54LNfASdQYllxsoU05a","lone warrior"
"11","249:11:15","Alif Laila","Alif Laila — जब अलीबाबा ने भरे बाजार में औरत की इज्जत बचाई Episode :35 | Alif Laila Sagar Picture","https://www.youtube.com/watch?v=fA_7Svq5hdI","1407","https://www.youtube.com/playlist?list=PLqmdsOwstpJfOtjWGMFTGMruqQV7C5XoL","Sagar Pictures"
"11","249:34:42","Swabhimaan","Swabhimaan — Swabhimaan | Episode 241 | Ashutosh Rana, Manoj Bajpayee | Classic Indian TV Serial","https://www.youtube.com/watch?v=m9Fcktm4aoY","1245","https://www.youtube.com/playlist?list=PLZeNWB9l7494","Classic Indian TV Serials"
"11","249:55:27","The Sword of Tipu Sultan","The Sword of Tipu Sultan — Tipu Sultan | Full Episode 17  | Sanjay Khan, Dipika Chikhlia, Swapnil Joshi | Dangal TV Gathaa","https://www.youtube.com/watch?v=kxFSLVyTBa0","2523","https://www.youtube.com/playlist?list=PLL8R100698ndzARBsLB6Z8jYs_52cDJJ7","Dangal TV Replay"
"11","250:37:30","The Great Maratha","The Great Maratha — The Great Maratha | Full Episode 13 | Irrfan Khan, Pankaj Dheer | Dangal TV Gathaa","https://www.youtube.com/watch?v=y0PvLaMtCGk","2938","https://www.youtube.com/playlist?list=PLL8R100698nc9lYCs25j4FrcGDyqdtq_B","Dangal TV Replay"
"11","251:26:28","Chanakya","Chanakya — चाणक्य Official | Episode 16 - Part -1 | Directed & Acted by Dr. Chandraprakash Dwivedi","https://www.youtube.com/watch?v=TPZZaVM0OBg","1130","https://www.youtube.com/playlist?list=PLY-qGtGftCjm1_tDxT2TsDAXXC2p-iutt","Chanakya_theofficial"
"11","251:45:18","Chanakya","Chanakya — चाणक्य Official | Episode 16 - Part -2 | Directed & Acted by Dr. Chandraprakash Dwivedi","https://www.youtube.com/watch?v=hqzoo4yv5is","1441","https://www.youtube.com/playlist?list=PLY-qGtGftCjm1_tDxT2TsDAXXC2p-iutt","Chanakya_theofficial"
"11","252:09:19","Swabhimaan","Swabhimaan — Swabhimaan | Episode 242 | Ashutosh Rana, Manoj Bajpayee | Classic Indian TV Serial","https://www.youtube.com/watch?v=bmMHf1uHJGg","1278","https://www.youtube.com/playlist?list=PLZeNWB9l7494","Classic Indian TV Serials"
"11","252:30:37","Vintage ads","Vintage ads — 1991: Britannia Petit Beurre Biscuits","https://www.youtube.com/watch?v=_vOW1OSeOS8","31","https://www.youtube.com/playlist?list=PLycor1XF7S9HVMnWxndl27HgZJM5S8wRT","Guruprasad Gp"
"11","252:31:08","Swabhimaan","Swabhimaan — Swabhimaan | Episode 244 | Ashutosh Rana, Manoj Bajpayee | Classic Indian TV Serial","https://www.youtube.com/watch?v=u4sO38u5_3M","1213","https://www.youtube.com/playlist?list=PLZeNWB9l7494","Classic Indian TV Serials"
"11","252:51:21","Shri Krishna","Shri Krishna — Sri Krishna EP 68 - कालयवन का मथुरा पहुँचना | HQ WIDE SCREEN | English Subtitles","https://www.youtube.com/watch?v=xbhF6lEDhKQ","2682","https://www.youtube.com/playlist?list=PLFPJRCFRDARR9IkjkVi6O9ue5DjKiKtkI","Tilak"
"11","253:36:03","Swabhimaan","Swabhimaan — Swabhimaan | Episode 245 | Ashutosh Rana, Manoj Bajpayee | Classic Indian TV Serial","https://www.youtube.com/watch?v=adw6KXdSJPA","1221","https://www.youtube.com/playlist?list=PLZeNWB9l7494","Classic Indian TV Serials"
"11","253:56:24","Byomkesh Bakshi","Byomkesh Bakshi — Byomkesh Bakshi: Ep#11 - Tasvir Chor","https://www.youtube.com/watch?v=H_ZisDw9t14","2569","https://www.youtube.com/playlist?list=PLUiMfS6qzIMxiHu2N2Px1ISp5vxCm3PMo","Doordarshan National"
"11","254:39:13","Swabhimaan","Swabhimaan — Swabhimaan | Episode 246 | Ashutosh Rana, Manoj Bajpayee | Classic Indian TV Serial","https://www.youtube.com/watch?v=TrrGGHK0wDU","1228","https://www.youtube.com/playlist?list=PLZeNWB9l7494","Classic Indian TV Serials"
"11","254:59:41","Bharat Ek Khoj","Bharat Ek Khoj — Bharat Ek Khoj | Episode-18 | Kalidasa, Part—I","https://www.youtube.com/watch?v=oYyylsa16uc","2792","https://www.youtube.com/playlist?list=PLqtVCj5iilH4w0Y8KBB4fqBu25T0sGhXG","Prasar Bharati Archives"
"11","255:46:13","Surabhi","Surabhi — Surabhi | सुरभि  : Ep - 19","https://www.youtube.com/watch?v=OcxhCrF-srM","1416","https://www.youtube.com/playlist?list=PLUiMfS6qzIMzE8lgWFaQ3qvVFCCONXALQ","Doordarshan National"
"11","256:09:49","Vintage ads","Vintage ads — 1984: Regency tiles","https://www.youtube.com/watch?v=oYVntNh8Na8","60","https://www.youtube.com/playlist?list=PLycor1XF7S9HVMnWxndl27HgZJM5S8wRT","Guruprasad Gp"
"11","256:10:49","Swabhimaan","Swabhimaan — Swabhimaan | Episode 247 | Ashutosh Rana, Manoj Bajpayee | Classic Indian TV Serial","https://www.youtube.com/watch?v=1ZD4pX662Q4","1227","https://www.youtube.com/playlist?list=PLZeNWB9l7494","Classic Indian TV Serials"
"11","256:31:16","Chandrakanta","Chandrakanta — Chandrakanta 1994 Episode 41","https://www.youtube.com/watch?v=C9n3up3aTM0","1125","https://www.youtube.com/playlist?list=PLKfQh0u-9j2YaM54LNfASdQYllxsoU05a","lone warrior"
"11","256:50:01","Swabhimaan","Swabhimaan — Swabhimaan | Episode 249 | Ashutosh Rana, Manoj Bajpayee | Classic Indian TV Serial","https://www.youtube.com/watch?v=eqjFqa4nyHQ","1245","https://www.youtube.com/playlist?list=PLZeNWB9l7494","Classic Indian TV Serials"
"11","257:10:46","Shri Krishna","Shri Krishna — Sri Krishna EP 69 - कालयवन का वध | HQ WIDE SCREEN | English Subtitles","https://www.youtube.com/watch?v=1FZUH7DFfv0","2680","https://www.youtube.com/playlist?list=PLFPJRCFRDARR9IkjkVi6O9ue5DjKiKtkI","Tilak"
"11","257:55:26","Hum Log","Hum Log — Hum Log | Episode 19 | India's First Hindi TV Serial | Ashok Kumar, Seema Bhargava, Vinod & Jayshri","https://www.youtube.com/watch?v=U58bh2i7JIY","1340","https://www.youtube.com/playlist?list=PLaNSOkABhCUE","Goldmines Movies"
"11","258:17:46","Swabhimaan","Swabhimaan — Swabhimaan | Episode 252 | Ashutosh Rana, Manoj Bajpayee | Classic Indian TV Serial","https://www.youtube.com/watch?v=5JOgiv_sz6Q","1254","https://www.youtube.com/playlist?list=PLZeNWB9l7494","Classic Indian TV Serials"
"11","258:38:40","Vikram Aur Betaal","Vikram Aur Betaal — रामानंद सागर कृत विक्रम और बेताल भाग 9 - सबसे बड़ा त्याग किसका चोर, प्रेमी और पति","https://www.youtube.com/watch?v=PV1YDClS3oU","1397","https://www.youtube.com/playlist?list=PL-eaGjSO6F70C3-LkA3kEqAIHkdDLhI6Q","Tilak Kathayein"
"11","259:01:57","Swabhimaan","Swabhimaan — Swabhimaan | Episode 253 | Ashutosh Rana, Manoj Bajpayee | Classic Indian TV Serial","https://www.youtube.com/watch?v=22fyn5Ke89Q","1183","https://www.youtube.com/playlist?list=PLZeNWB9l7494","Classic Indian TV Serials"
"11","259:21:40","Tehkikaat","Tehkikaat — Tehkikaat तहकीकात | Jealousi Turns Blood - Crime Serial | Ranjeet, Saurabh Shukla, Vijay A. | EP 15","https://www.youtube.com/watch?v=c613bZs5W6A","1298","https://www.youtube.com/playlist?list=PLImQCagB5etA0FMEJ7yrWIUBCzxgOBikn","Raj Rishi Serials"
"11","259:43:18","Alif Laila","Alif Laila — अलीबाबा के भाई को जब खजाने का पता लगा Episode : 36 | Alibaba Aur 40 Chor | Alif Laila","https://www.youtube.com/watch?v=c2-lhsQ9Q58","1358","https://www.youtube.com/playlist?list=PLqmdsOwstpJfOtjWGMFTGMruqQV7C5XoL","Sagar Pictures"
"11","260:05:56","Swabhimaan","Swabhimaan — Swabhimaan | Episode 254 | Ashutosh Rana, Manoj Bajpayee | Classic Indian TV Serial","https://www.youtube.com/watch?v=NX6zm78ywIE","1306","https://www.youtube.com/playlist?list=PLZeNWB9l7494","Classic Indian TV Serials"
"11","260:27:42","Dekh Bhai Dekh","Dekh Bhai Dekh — Dekh Bhai Dekh episode 18 part 1","https://www.youtube.com/watch?v=nk8D_S2hOIw","456","https://www.youtube.com/playlist?list=UUYdB1nhxEAtjp-TLnv5utzg","LBEstudio"
"11","260:35:18","Dekh Bhai Dekh","Dekh Bhai Dekh — Dekh Bhai Dekh episode 18 part 2","https://www.youtube.com/watch?v=ec-nIVD78Co","456","https://www.youtube.com/playlist?list=UUYdB1nhxEAtjp-TLnv5utzg","LBEstudio"
"11","260:42:54","Dekh Bhai Dekh","Dekh Bhai Dekh — Dekh Bhai Dekh episode 18 part 3","https://www.youtube.com/watch?v=IYplEe1Rpi4","456","https://www.youtube.com/playlist?list=UUYdB1nhxEAtjp-TLnv5utzg","LBEstudio"
"11","260:50:30","Shri Krishna","Shri Krishna — Sri Krishna EP 70 - श्री कृष्ण की द्वारिका का निर्माण | HQ WIDE SCREEN | English Subtitles","https://www.youtube.com/watch?v=1EuMe4b3tDk","2733","https://www.youtube.com/playlist?list=PLFPJRCFRDARR9IkjkVi6O9ue5DjKiKtkI","Tilak"
"11","261:36:03","Vintage ads","Vintage ads — 1981: Gagan Vanaspati","https://www.youtube.com/watch?v=p3ybgbvpwyU","32","https://www.youtube.com/playlist?list=PLycor1XF7S9HVMnWxndl27HgZJM5S8wRT","Guruprasad Gp"
"11","261:36:35","Swabhimaan","Swabhimaan — Swabhimaan | Episode 255 | Ashutosh Rana, Manoj Bajpayee | Classic Indian TV Serial","https://www.youtube.com/watch?v=-fPfclFFUKM","1313","https://www.youtube.com/playlist?list=PLZeNWB9l7494","Classic Indian TV Serials"
"11","261:58:28","Fauji","Fauji — Fauji Episode 5 | Shah Rukh Khan's Television Debut (1989) | SRK's First-Ever TV Serial Appearance","https://www.youtube.com/watch?v=UuAWjXPPukU","1196","https://www.youtube.com/playlist?list=PLYqSow41YJ2I","Goldmines Bollywood"
"11","262:18:24","Chandrakanta","Chandrakanta — Chandrakanta 1994 Episode 42","https://www.youtube.com/watch?v=XI_oadCs2g4","1187","https://www.youtube.com/playlist?list=PLKfQh0u-9j2YaM54LNfASdQYllxsoU05a","lone warrior"
"11","262:38:11","Swabhimaan","Swabhimaan — Swabhimaan | Episode 256 | Ashutosh Rana, Manoj Bajpayee | Classic Indian TV Serial","https://www.youtube.com/watch?v=rVs6xgnTWHo","1318","https://www.youtube.com/playlist?list=PLZeNWB9l7494","Classic Indian TV Serials"
"11","263:00:09","Flop Show","Flop Show — Jaspal Bhatti's Flop Show | Corrupt Contractors and Engineers | Ep # 4","https://www.youtube.com/watch?v=jd_A1972B1A","1480","https://www.youtube.com/playlist?list=PLUiMfS6qzIMyisp9Ks0FxE9Ba4EpLQm0Z","Doordarshan National"
"11","263:24:49","Swabhimaan","Swabhimaan — Swabhimaan | Episode 257 | Ashutosh Rana, Manoj Bajpayee | Classic Indian TV Serial","https://www.youtube.com/watch?v=QoVGD4y0ylo","1304","https://www.youtube.com/playlist?list=PLZeNWB9l7494","Classic Indian TV Serials"
"11","263:46:33","Vintage ads","Vintage ads — 1985: Royal Enfield Bullet","https://www.youtube.com/watch?v=JT2AXzUpcOY","64","https://www.youtube.com/playlist?list=PLycor1XF7S9HVMnWxndl27HgZJM5S8wRT","Guruprasad Gp"
"11","263:47:37","Circus","Circus — Shahrukh Khan starrer Circus - Ep #07","https://www.youtube.com/watch?v=J6srhyJkR6Q","1486","https://www.youtube.com/playlist?list=PLUiMfS6qzIMzAqteEcp055VDYpgZDbeyT","Doordarshan National"
"12","264:12:23","Shri Krishna","Shri Krishna — Sri Krishna EP 71 - श्री कृष्ण का संधि पत्र | HQ WIDE SCREEN | English Subtitles","https://www.youtube.com/watch?v=uD1I-lI7ins","2746","https://www.youtube.com/playlist?list=PLFPJRCFRDARR9IkjkVi6O9ue5DjKiKtkI","Tilak"
"12","264:58:09","Swabhimaan","Swabhimaan — Swabhimaan | Episode 258 | Ashutosh Rana, Manoj Bajpayee | Classic Indian TV Serial","https://www.youtube.com/watch?v=o1NZEAeQdp8","1243","https://www.youtube.com/playlist?list=PLZeNWB9l7494","Classic Indian TV Serials"
"12","265:18:52","Nukkad","Nukkad — Nukkad   Episode # 9   Gopal meets his Parents   Best TV Show","https://www.youtube.com/watch?v=Cp1GH1YmkOM","1389","https://www.youtube.com/playlist?list=PLDXzvDkBVqqSGYLZPlZQfl_Vn-JmuiTDN","movie clips"
"12","265:42:01","Swabhimaan","Swabhimaan — Swabhimaan | Episode 259 | Ashutosh Rana, Manoj Bajpayee | Classic Indian TV Serial","https://www.youtube.com/watch?v=GUnxVZx2HTg","1259","https://www.youtube.com/playlist?list=PLZeNWB9l7494","Classic Indian TV Serials"
"12","266:03:00","The Sword of Tipu Sultan","The Sword of Tipu Sultan — Tipu Sultan | Full Episode 18  | Sanjay Khan, Dipika Chikhlia, Swapnil Joshi | Dangal TV Gathaa","https://www.youtube.com/watch?v=j4kobstTrOU","2581","https://www.youtube.com/playlist?list=PLL8R100698ndzARBsLB6Z8jYs_52cDJJ7","Dangal TV Replay"
"12","266:46:01","Chanakya","Chanakya — चाणक्य Official | Episode 17- Part -1 | Directed & Acted by Dr. Chandraprakash Dwivedi","https://www.youtube.com/watch?v=4yWkSdsSibs","1336","https://www.youtube.com/playlist?list=PLY-qGtGftCjm1_tDxT2TsDAXXC2p-iutt","Chanakya_theofficial"
"12","267:08:17","Chanakya","Chanakya — चाणक्य Official | Episode 17- Part -2 | Directed & Acted by Dr. Chandraprakash Dwivedi","https://www.youtube.com/watch?v=D5MxU10VpQc","1448","https://www.youtube.com/playlist?list=PLY-qGtGftCjm1_tDxT2TsDAXXC2p-iutt","Chanakya_theofficial"
"12","267:32:25","Swabhimaan","Swabhimaan — Swabhimaan | Episode 260 | Ashutosh Rana, Manoj Bajpayee | Classic Indian TV Seria","https://www.youtube.com/watch?v=d3fvQLp5Qsw","1146","https://www.youtube.com/playlist?list=PLZeNWB9l7494","Classic Indian TV Serials"
"12","267:51:31","Swabhimaan","Swabhimaan — Swabhimaan | Episode 261 | Ashutosh Rana, Manoj Bajpayee | Classic Indian TV Serial","https://www.youtube.com/watch?v=yon8Pu0KrWE","1265","https://www.youtube.com/playlist?list=PLZeNWB9l7494","Classic Indian TV Serials"
"12","268:12:36","Shri Krishna","Shri Krishna — Sri Krishna EP 72 - युधिष्ठिर को युवराज घोषित करना | HQ WIDE SCREEN | English Subtitles","https://www.youtube.com/watch?v=YVQ7LI__OX8","2773","https://www.youtube.com/playlist?list=PLFPJRCFRDARR9IkjkVi6O9ue5DjKiKtkI","Tilak"
"12","268:58:49","Om Namah Shivay","Om Namah Shivay — जब तारकासुर को पता चला कि कार्तिकेय | Om Namah Shivay TV Serial | Episode 87","https://www.youtube.com/watch?v=baCgeWg1Nds","1233","https://www.youtube.com/playlist?list=PL5A5QJkW7MkuEgaSMSlkmc51V_jBHv6fO","Saregama Bhakti"
"12","269:19:22","Chandrakanta","Chandrakanta — Chandrakanta 1994 Episode 43","https://www.youtube.com/watch?v=HFsWjsehyHA","1187","https://www.youtube.com/playlist?list=PLKfQh0u-9j2YaM54LNfASdQYllxsoU05a","lone warrior"
"12","269:39:09","Surabhi","Surabhi — Surabhi | सुरभि  : Ep - 20","https://www.youtube.com/watch?v=3ti6mSklGyQ","1450","https://www.youtube.com/playlist?list=PLUiMfS6qzIMzE8lgWFaQ3qvVFCCONXALQ","Doordarshan National"
"12","270:03:19","Swabhimaan","Swabhimaan — Swabhimaan | Episode 262 | Ashutosh Rana, Manoj Bajpayee | Classic Indian TV Serial","https://www.youtube.com/watch?v=U3h6xBooDCQ","1266","https://www.youtube.com/playlist?list=PLZeNWB9l7494","Classic Indian TV Serials"
"12","270:24:25","Bharat Ek Khoj","Bharat Ek Khoj — Bharat Ek Khoj | Episode-19 | Kalidasa, Part II","https://www.youtube.com/watch?v=HoQm8c72Rxs","2824","https://www.youtube.com/playlist?list=PLqtVCj5iilH4w0Y8KBB4fqBu25T0sGhXG","Prasar Bharati Archives"
"12","271:11:29","Alif Laila","Alif Laila — डाकू ने अलीबाबा के भाई का सर कलम कर दिया !! Alif Laila Episode : 37 !! Super Hit Serial","https://www.youtube.com/watch?v=GoEyxyPMwdY","1266","https://www.youtube.com/playlist?list=PLqmdsOwstpJfOtjWGMFTGMruqQV7C5XoL","Sagar Pictures"
"12","271:32:35","Swabhimaan","Swabhimaan — Swabhimaan | Episode 263 | Ashutosh Rana, Manoj Bajpayee | Classic Indian TV Serial","https://www.youtube.com/watch?v=KSSukiF7Zts","1221","https://www.youtube.com/playlist?list=PLZeNWB9l7494","Classic Indian TV Serials"
"12","271:52:56","Vintage ads","Vintage ads — 1995: Rotomac Pens - Raveena Tandon","https://www.youtube.com/watch?v=SJ3EZVct4f0","65","https://www.youtube.com/playlist?list=PLycor1XF7S9HVMnWxndl27HgZJM5S8wRT","Guruprasad Gp"
"12","271:54:01","Swabhimaan","Swabhimaan — Swabhimaan | Episode 265 | Ashutosh Rana, Manoj Bajpayee | Classic Indian TV Serial","https://www.youtube.com/watch?v=dSUlcDFrJ_8","1332","https://www.youtube.com/playlist?list=PLZeNWB9l7494","Classic Indian TV Serials"
"12","272:16:13","Hum Log","Hum Log — Hum Log | Episode 20 | India's First Hindi TV Serial | Ashok Kumar, Seema Bhargava, Vinod & Jayshri","https://www.youtube.com/watch?v=EMP3mOCtfag","1368","https://www.youtube.com/playlist?list=PLaNSOkABhCUE","Goldmines Movies"
"12","272:39:01","Shri Krishna","Shri Krishna — Sri Krishna EP 73 - नर नारायण की कथा | HQ WIDE SCREEN | English Subtitles","https://www.youtube.com/watch?v=HdtFjRbYODo","2772","https://www.youtube.com/playlist?list=PLFPJRCFRDARR9IkjkVi6O9ue5DjKiKtkI","Tilak"
"12","273:25:13","Swabhimaan","Swabhimaan — Swabhimaan | Episode 266 | Ashutosh Rana, Manoj Bajpayee | Classic Indian TV Serial","https://www.youtube.com/watch?v=8SpF_-7km1M","1171","https://www.youtube.com/playlist?list=PLZeNWB9l7494","Classic Indian TV Serials"
"12","273:44:44","The Great Maratha","The Great Maratha — The Great Maratha | Full Episode 14 | Irrfan Khan, Pankaj Dheer | Dangal TV Gathaa","https://www.youtube.com/watch?v=HDOYR7qM-ng","2713","https://www.youtube.com/playlist?list=PLL8R100698nc9lYCs25j4FrcGDyqdtq_B","Dangal TV Replay"
"12","274:29:57","Swabhimaan","Swabhimaan — Swabhimaan | Episode 267 | Ashutosh Rana, Manoj Bajpayee | Classic Indian TV Serial","https://www.youtube.com/watch?v=-3T4Bdago0E","1269","https://www.youtube.com/playlist?list=PLZeNWB9l7494","Classic Indian TV Serials"
"12","274:51:06","Swabhimaan","Swabhimaan — Swabhimaan | Episode 268 | Ashutosh Rana, Manoj Bajpayee | Classic Indian TV Serial","https://www.youtube.com/watch?v=ZSaJYz012Qo","1244","https://www.youtube.com/playlist?list=PLZeNWB9l7494","Classic Indian TV Serials"
"12","275:11:50","Chandrakanta","Chandrakanta — Chandrakanta 1994 Episode 44","https://www.youtube.com/watch?v=24aN8xBGIHc","1187","https://www.youtube.com/playlist?list=PLKfQh0u-9j2YaM54LNfASdQYllxsoU05a","lone warrior"
"12","275:31:37","Shri Krishna","Shri Krishna — Sri Krishna EP 74 - युधिष्ठिर का धृतराष्ट्र से मिलने जाना | HQ WIDE SCREEN | English Subtitles","https://www.youtube.com/watch?v=0owA6f0k-AA","2627","https://www.youtube.com/playlist?list=PLFPJRCFRDARR9IkjkVi6O9ue5DjKiKtkI","Tilak"
"12","276:15:24","Dekh Bhai Dekh","Dekh Bhai Dekh — Dekh Bhai Dekh episode 19 part 1","https://www.youtube.com/watch?v=ofTx0qveRPE","466","https://www.youtube.com/playlist?list=UUYdB1nhxEAtjp-TLnv5utzg","LBEstudio"
"12","276:23:10","Dekh Bhai Dekh","Dekh Bhai Dekh — Dekh Bhai Dekh episode 19 part 2","https://www.youtube.com/watch?v=ODjJGZmSh0k","466","https://www.youtube.com/playlist?list=UUYdB1nhxEAtjp-TLnv5utzg","LBEstudio"
"12","276:30:56","Dekh Bhai Dekh","Dekh Bhai Dekh — Dekh Bhai Dekh episode 19 part 3","https://www.youtube.com/watch?v=5GQnSLFBlz8","433","https://www.youtube.com/playlist?list=UUYdB1nhxEAtjp-TLnv5utzg","LBEstudio"
"12","276:38:09","Swabhimaan","Swabhimaan — Swabhimaan | Episode 269 | Ashutosh Rana, Manoj Bajpayee | Classic Indian TV Serial","https://www.youtube.com/watch?v=HphRMLsHMJY","1228","https://www.youtube.com/playlist?list=PLZeNWB9l7494","Classic Indian TV Serials"
"12","276:58:37","Tehkikaat","Tehkikaat — Tehkikaat तहकीकात | Jealousi Turns Blood - Crime Serial | Ranjeet, Saurabh Shukla, Vijay A. | EP 16","https://www.youtube.com/watch?v=pydk-nl-X7g","1257","https://www.youtube.com/playlist?list=PLImQCagB5etA0FMEJ7yrWIUBCzxgOBikn","Raj Rishi Serials"
"12","277:19:34","Vintage ads","Vintage ads — 1989: Tea City","https://www.youtube.com/watch?v=f-W0y0Cc1W0","41","https://www.youtube.com/playlist?list=PLycor1XF7S9HVMnWxndl27HgZJM5S8wRT","Guruprasad Gp"
"12","277:20:15","Swabhimaan","Swabhimaan — Swabhimaan | Episode 270 | Ashutosh Rana, Manoj Bajpayee | Classic Indian TV Serial","https://www.youtube.com/watch?v=clu5WXa_7-0","1159","https://www.youtube.com/playlist?list=PLZeNWB9l7494","Classic Indian TV Serials"
"12","277:39:34","Swabhimaan","Swabhimaan — Swabhimaan | Episode 272 | Ashutosh Rana, Manoj Bajpayee | Classic Indian TV Serial","https://www.youtube.com/watch?v=a0PmK8KFeo0","1271","https://www.youtube.com/playlist?list=PLZeNWB9l7494","Classic Indian TV Serials"
"12","278:00:45","Alif Laila","Alif Laila — अलीबाबा ने डाकुओ को कैसे धोखा दिया Episode : 38 | Alif Laila | अलीबाबा और ४० चोर","https://www.youtube.com/watch?v=FQoGXsD_L0E","1353","https://www.youtube.com/playlist?list=PLqmdsOwstpJfOtjWGMFTGMruqQV7C5XoL","Sagar Pictures"
"12","278:23:18","Swabhimaan","Swabhimaan — Swabhimaan | Episode 273 | Ashutosh Rana, Manoj Bajpayee | Classic Indian TV Serial","https://www.youtube.com/watch?v=vcb1Og3WE-s","1212","https://www.youtube.com/playlist?list=PLZeNWB9l7494","Classic Indian TV Serials"
"12","278:43:30","Shri Krishna","Shri Krishna — Sri Krishna EP 75 - पांडव पहुँचे लाक्षाग्रह | HQ WIDE SCREEN | English Subtitles","https://www.youtube.com/watch?v=kvfH8kh1OUI","2773","https://www.youtube.com/playlist?list=PLFPJRCFRDARR9IkjkVi6O9ue5DjKiKtkI","Tilak"
"12","279:29:43","Swabhimaan","Swabhimaan — Swabhimaan | Episode 274 | Ashutosh Rana, Manoj Bajpayee | Classic Indian TV Serial","https://www.youtube.com/watch?v=YGcAaIJI0i8","1189","https://www.youtube.com/playlist?list=PLZeNWB9l7494","Classic Indian TV Serials"
"12","279:49:32","Vintage ads","Vintage ads — 1989: Nirma Super Detergent Soap Cake","https://www.youtube.com/watch?v=gPd5NwdkUpY","31","https://www.youtube.com/playlist?list=PLycor1XF7S9HVMnWxndl27HgZJM5S8wRT","Guruprasad Gp"
"12","279:50:03","Byomkesh Bakshi","Byomkesh Bakshi — Byomkesh Bakshi: Ep#12 - Kiley ka Rahasya","https://www.youtube.com/watch?v=bb-kGfRIpKg","2595","https://www.youtube.com/playlist?list=PLUiMfS6qzIMxiHu2N2Px1ISp5vxCm3PMo","Doordarshan National"
"12","280:33:18","Swabhimaan","Swabhimaan — Swabhimaan | Episode 275 | Ashutosh Rana, Manoj Bajpayee | Classic Indian TV Serial","https://www.youtube.com/watch?v=fS7RM-w96V0","1248","https://www.youtube.com/playlist?list=PLZeNWB9l7494","Classic Indian TV Serials"
"12","280:54:06","Chandrakanta","Chandrakanta — Chandrakanta 1994 Episode 45","https://www.youtube.com/watch?v=_eZHQeNT_hU","1187","https://www.youtube.com/playlist?list=PLKfQh0u-9j2YaM54LNfASdQYllxsoU05a","lone warrior"
"12","281:13:53","Swabhimaan","Swabhimaan — Swabhimaan | Episode 276 | Ashutosh Rana, Manoj Bajpayee | Classic Indian TV Serial","https://www.youtube.com/watch?v=pfcthjQfPa8","1215","https://www.youtube.com/playlist?list=PLZeNWB9l7494","Classic Indian TV Serials"
"12","281:34:08","Wagle Ki Duniya","Wagle Ki Duniya — Wagle Ki Duniya - Episode 05 - Water Problem | DD EXCLUSIVE","https://www.youtube.com/watch?v=_DM6LVzPjNU","1416","https://www.youtube.com/playlist?list=PL5TZ-0sMyEgVQcbG4E10bBeGcQEQ3WR-S","90's Ki Yaadein"
"12","281:57:44","The Sword of Tipu Sultan","The Sword of Tipu Sultan — Tipu Sultan | Full Episode 19 | Sanjay Khan, Dipika Chikhlia, Swapnil Joshi | Dangal TV Gathaa","https://www.youtube.com/watch?v=LDxmkzHJLGc","2463","https://www.youtube.com/playlist?list=PLL8R100698ndzARBsLB6Z8jYs_52cDJJ7","Dangal TV Replay"
"12","282:38:47","Surabhi","Surabhi — Surabhi | सुरभि  : Ep - 21","https://www.youtube.com/watch?v=smwI9Ry5UT4","1430","https://www.youtube.com/playlist?list=PLUiMfS6qzIMzE8lgWFaQ3qvVFCCONXALQ","Doordarshan National"
"12","283:02:37","Shri Krishna","Shri Krishna — Sri Krishna EP 76 - लाक्षाग्रह में लगी आग | HQ WIDE SCREEN | English Subtitles","https://www.youtube.com/watch?v=5NeckXjqMqQ","2760","https://www.youtube.com/playlist?list=PLFPJRCFRDARR9IkjkVi6O9ue5DjKiKtkI","Tilak"
"12","283:48:37","Swabhimaan","Swabhimaan — Swabhimaan | Episode 277 | Ashutosh Rana, Manoj Bajpayee | Classic Indian TV Serial","https://www.youtube.com/watch?v=oCl6K_8_UO0","1252","https://www.youtube.com/playlist?list=PLZeNWB9l7494","Classic Indian TV Serials"
"12","284:09:29","Vintage ads","Vintage ads — 1987: Murphy Color TV","https://www.youtube.com/watch?v=9SwfU8ywDKI","32","https://www.youtube.com/playlist?list=PLycor1XF7S9HVMnWxndl27HgZJM5S8wRT","Guruprasad Gp"
"12","284:10:01","Chanakya","Chanakya — चाणक्य Official | Episode 18- Part -1 | Directed & Acted by Dr. Chandraprakash Dwivedi","https://www.youtube.com/watch?v=FvxxNzlkp_s","1324","https://www.youtube.com/playlist?list=PLY-qGtGftCjm1_tDxT2TsDAXXC2p-iutt","Chanakya_theofficial"
"12","284:32:05","Chanakya","Chanakya — चाणक्य Official | Episode 18- Part -2 | Directed & Acted by Dr. Chandraprakash Dwivedi","https://www.youtube.com/watch?v=mXVhE8KSiKQ","1382","https://www.youtube.com/playlist?list=PLY-qGtGftCjm1_tDxT2TsDAXXC2p-iutt","Chanakya_theofficial"
"12","284:55:07","Bharat Ek Khoj","Bharat Ek Khoj — Bharat Ek Khoj | Episode-20 | Harshavardhana","https://www.youtube.com/watch?v=XrWRBci2Nu8","2889","https://www.youtube.com/playlist?list=PLqtVCj5iilH4w0Y8KBB4fqBu25T0sGhXG","Prasar Bharati Archives"
"12","285:43:16","Swabhimaan","Swabhimaan — Swabhimaan | Episode 278 | Ashutosh Rana, Manoj Bajpayee | Classic Indian TV Serial","https://www.youtube.com/watch?v=u8mzC4cQ7_g","1231","https://www.youtube.com/playlist?list=PLZeNWB9l7494","Classic Indian TV Serials"
"12","286:03:47","Swabhimaan","Swabhimaan — Swabhimaan | Episode 280 | Ashutosh Rana, Manoj Bajpayee | Classic Indian TV Serial","https://www.youtube.com/watch?v=efuosmpl3Vo","1293","https://www.youtube.com/playlist?list=PLZeNWB9l7494","Classic Indian TV Serials"
"12","286:25:20","Hum Log","Hum Log — Hum Log | Episode 21 | India's First Hindi TV Serial | Ashok Kumar, Seema Bhargava, Vinod & Jayshri","https://www.youtube.com/watch?v=qyuY1F8UQpk","1293","https://www.youtube.com/playlist?list=PLaNSOkABhCUE","Goldmines Movies"
"12","286:46:53","Vintage ads","Vintage ads — 1984: Tiara Henna Shampoo","https://www.youtube.com/watch?v=bKDNLaleXKw","66","https://www.youtube.com/playlist?list=PLycor1XF7S9HVMnWxndl27HgZJM5S8wRT","Guruprasad Gp"
"12","286:47:59","Swabhimaan","Swabhimaan — Swabhimaan | Episode 281 | Ashutosh Rana, Manoj Bajpayee | Classic Indian TV Serial","https://www.youtube.com/watch?v=_TCATeZ5AGY","1266","https://www.youtube.com/playlist?list=PLZeNWB9l7494","Classic Indian TV Serials"
"12","287:09:05","Shri Krishna","Shri Krishna — Sri Krishna EP 77 - भीष्म और विदुर वार्ता | HQ WIDE SCREEN | English Subtitles","https://www.youtube.com/watch?v=cu54hl9WZA8","2726","https://www.youtube.com/playlist?list=PLFPJRCFRDARR9IkjkVi6O9ue5DjKiKtkI","Tilak"
"12","287:54:31","Swabhimaan","Swabhimaan — Swabhimaan | Episode 282 | Ashutosh Rana, Manoj Bajpayee | Classic Indian TV Serial","https://www.youtube.com/watch?v=qXT9IWoFRjA","1263","https://www.youtube.com/playlist?list=PLZeNWB9l7494","Classic Indian TV Serials"
"13","288:15:34","Chandrakanta","Chandrakanta — Chandrakanta 1994 Episode 46","https://www.youtube.com/watch?v=n_euXNPKsUg","1188","https://www.youtube.com/playlist?list=PLKfQh0u-9j2YaM54LNfASdQYllxsoU05a","lone warrior"
"13","288:35:22","Alif Laila","Alif Laila — डाकुओ के सरदार ने अलीबाबा को कैसे ढूंढा !! Alif Laila Episode : 39 !! Superhit Serial !! 1080p","https://www.youtube.com/watch?v=oXb0rnebQds","1354","https://www.youtube.com/playlist?list=PLqmdsOwstpJfOtjWGMFTGMruqQV7C5XoL","Sagar Pictures"
"13","288:57:56","Swabhimaan","Swabhimaan — Swabhimaan | Episode 284 | Ashutosh Rana, Manoj Bajpayee | Classic Indian TV Serial","https://www.youtube.com/watch?v=-jLW9Wcf5Ko","1281","https://www.youtube.com/playlist?list=PLZeNWB9l7494","Classic Indian TV Serials"
"13","289:19:17","Swabhimaan","Swabhimaan — Swabhimaan | Episode 285 | Ashutosh Rana, Manoj Bajpayee | Classic Indian TV Serial","https://www.youtube.com/watch?v=DraRimeBKrE","1279","https://www.youtube.com/playlist?list=PLZeNWB9l7494","Classic Indian TV Serials"
"13","289:40:36","Shri Krishna","Shri Krishna — Sri Krishna EP 78 - रुक्मिणी का शिशुपाल से विवाह का प्रस्ताव | HQ WIDE SCREEN | English Subtitles","https://www.youtube.com/watch?v=VSHrjt51Tzw","2712","https://www.youtube.com/playlist?list=PLFPJRCFRDARR9IkjkVi6O9ue5DjKiKtkI","Tilak"
"13","290:25:48","Vikram Aur Betaal","Vikram Aur Betaal — रामानंद सागर कृत विक्रम और बेताल भाग 10 - राजकुमार धर्मराज ने चुनी सबसे कोमल राजकुमारी","https://www.youtube.com/watch?v=nvASpGpTDi8","1384","https://www.youtube.com/playlist?list=PL-eaGjSO6F70C3-LkA3kEqAIHkdDLhI6Q","Tilak Kathayein"
"13","290:48:52","Dekh Bhai Dekh","Dekh Bhai Dekh — Dekh Bhai Dekh episode 20 part 1","https://www.youtube.com/watch?v=MbZR4I8NUlg","466","https://www.youtube.com/playlist?list=UUYdB1nhxEAtjp-TLnv5utzg","LBEstudio"
"13","290:56:38","Dekh Bhai Dekh","Dekh Bhai Dekh — Dekh Bhai Dekh episode 20 part 2","https://www.youtube.com/watch?v=ZAizuUUCHNY","466","https://www.youtube.com/playlist?list=UUYdB1nhxEAtjp-TLnv5utzg","LBEstudio"
"13","291:04:24","Dekh Bhai Dekh","Dekh Bhai Dekh — Dekh Bhai Dekh episode 20 part 3","https://www.youtube.com/watch?v=ryXsL23gaXQ","418","https://www.youtube.com/playlist?list=UUYdB1nhxEAtjp-TLnv5utzg","LBEstudio"
"13","291:11:22","Swabhimaan","Swabhimaan — Swabhimaan | Episode 286 | Ashutosh Rana, Manoj Bajpayee | Classic Indian TV Serial","https://www.youtube.com/watch?v=6YpzHltwbK8","1251","https://www.youtube.com/playlist?list=PLZeNWB9l7494","Classic Indian TV Serials"
"13","291:32:13","Swabhimaan","Swabhimaan — Swabhimaan | Episode 287 | Ashutosh Rana, Manoj Bajpayee | Classic Indian TV Serial","https://www.youtube.com/watch?v=mpVFLu23RPY","1179","https://www.youtube.com/playlist?list=PLZeNWB9l7494","Classic Indian TV Serials"
"13","291:51:52","Udaan","Udaan — Life changing lesson to  Kalyani Udaan DD national Serial Episode 11 Doordarshan उड़ान दूरदर्शन","https://www.youtube.com/watch?v=jBic6l-57Ok","1735","https://www.youtube.com/playlist?list=PLFSBneXK-Uv8l6Fs99d5HyhaMlW8q8tWk","Doordarshan Serial"
"13","292:20:47","Vintage ads","Vintage ads — 1996: Dhara Jalebi ad","https://www.youtube.com/watch?v=-RqKzZkymG8","62","https://www.youtube.com/playlist?list=PLycor1XF7S9HVMnWxndl27HgZJM5S8wRT","Guruprasad Gp"
"13","292:21:49","Tehkikaat","Tehkikaat — Tehkikaat तहकीकात | Jealousi Turns Blood - Crime Serial | Ranjeet, Saurabh Shukla, Vijay A. | EP 17","https://www.youtube.com/watch?v=S-JR2hb62K8","1493","https://www.youtube.com/playlist?list=PLImQCagB5etA0FMEJ7yrWIUBCzxgOBikn","Raj Rishi Serials"
"13","292:46:42","The Great Maratha","The Great Maratha — The Great Maratha | Full Episode 15 | Irrfan Khan, Pankaj Dheer | Dangal TV Gathaa","https://www.youtube.com/watch?v=edRsNC1Ez1k","2505","https://www.youtube.com/playlist?list=PLL8R100698nc9lYCs25j4FrcGDyqdtq_B","Dangal TV Replay"
"13","293:28:27","Swabhimaan","Swabhimaan — Swabhimaan | Episode 288 | Ashutosh Rana, Manoj Bajpayee | Classic Indian TV Serial","https://www.youtube.com/watch?v=5kbFYKv_YJg","1295","https://www.youtube.com/playlist?list=PLZeNWB9l7494","Classic Indian TV Serials"
"13","293:50:02","Shri Krishna","Shri Krishna — Sri Krishna EP 79 - रुक्मिणी का विवाह | HQ WIDE SCREEN | English Subtitles","https://www.youtube.com/watch?v=zgKc0W6HE5Y","2725","https://www.youtube.com/playlist?list=PLFPJRCFRDARR9IkjkVi6O9ue5DjKiKtkI","Tilak"
"13","294:35:27","Swabhimaan","Swabhimaan — Swabhimaan | Episode 289 | Ashutosh Rana, Manoj Bajpayee | Classic Indian TV Serial","https://www.youtube.com/watch?v=1BEt9Jfapw4","1288","https://www.youtube.com/playlist?list=PLZeNWB9l7494","Classic Indian TV Serials"
"13","294:56:55","Chandrakanta","Chandrakanta — Chandrakanta 1994 Episode 47 LONE WARRIOR","https://www.youtube.com/watch?v=0UUCkxKlF0g","1147","https://www.youtube.com/playlist?list=PLKfQh0u-9j2YaM54LNfASdQYllxsoU05a","lone warrior"
"13","295:16:02","Swabhimaan","Swabhimaan — Swabhimaan | Episode 292 | Ashutosh Rana, Manoj Bajpayee | Classic Indian TV Serial","https://www.youtube.com/watch?v=j0h2bp7Bwk8","1211","https://www.youtube.com/playlist?list=PLZeNWB9l7494","Classic Indian TV Serials"
"13","295:36:13","Swabhimaan","Swabhimaan — Swabhimaan | Episode 293 | Ashutosh Rana, Manoj Bajpayee | Classic Indian TV Serial","https://www.youtube.com/watch?v=cflDKlNN1CE","1357","https://www.youtube.com/playlist?list=PLZeNWB9l7494","Classic Indian TV Serials"
"13","295:58:50","Surabhi","Surabhi — Surabhi | सुरभि  : Ep - 22","https://www.youtube.com/watch?v=7Sruxu52R_c","1465","https://www.youtube.com/playlist?list=PLUiMfS6qzIMzE8lgWFaQ3qvVFCCONXALQ","Doordarshan National"
"13","296:23:15","Junoon","Junoon — Junoon | Maha Episode 26 | Sumer Aur Aditya Ki Jung Kab Khatam Hogi?","https://www.youtube.com/watch?v=kl3pqtyzAbg","1640","https://www.youtube.com/playlist?list=PLrkDcuaB2OX_ZuAo48tg5pEa2BjdoM8Y2","Cinevista Entertainment"
"13","296:50:35","Swabhimaan","Swabhimaan — Swabhimaan | Episode 294 | Ashutosh Rana, Manoj Bajpayee | Classic Indian TV Serial","https://www.youtube.com/watch?v=RYbnn1nMHyQ","1220","https://www.youtube.com/playlist?list=PLZeNWB9l7494","Classic Indian TV Serials"
"13","297:10:55","Shri Krishna","Shri Krishna — Sri Krishna EP 80 - श्री कृष्ण ने किया रुक्मिणी का हरण | HQ WIDE SCREEN | English Subtitles","https://www.youtube.com/watch?v=u_c4c98lwDU","2769","https://www.youtube.com/playlist?list=PLFPJRCFRDARR9IkjkVi6O9ue5DjKiKtkI","Tilak"
"13","297:57:04","The Sword of Tipu Sultan","The Sword of Tipu Sultan — Tipu Sultan | Full Episode 20 | Sanjay Khan, Dipika Chikhlia, Swapnil Joshi | Dangal TV Gathaa","https://www.youtube.com/watch?v=60KANxFFOw8","2406","https://www.youtube.com/playlist?list=PLL8R100698ndzARBsLB6Z8jYs_52cDJJ7","Dangal TV Replay"
"13","298:37:10","Alif Laila","Alif Laila — अलीबाबा ने चोरो को कैसे बेवकूफ बनाया !! Alif Laila Episode: 40 !! Alibaba Aur 40 Chor !! Best Serial","https://www.youtube.com/watch?v=pr-6c0CrdDo","1323","https://www.youtube.com/playlist?list=PLqmdsOwstpJfOtjWGMFTGMruqQV7C5XoL","Sagar Pictures"
"13","298:59:13","Vintage ads","Vintage ads — 1992: Asian Paints - Happy Diwali Ad","https://www.youtube.com/watch?v=jxvsNdbTyyI","52","https://www.youtube.com/playlist?list=PLycor1XF7S9HVMnWxndl27HgZJM5S8wRT","Guruprasad Gp"
"13","299:00:05","Swabhimaan","Swabhimaan — Swabhimaan | Episode 295 | Ashutosh Rana, Manoj Bajpayee | Classic Indian TV Serial","https://www.youtube.com/watch?v=KYofvD3noEc","1155","https://www.youtube.com/playlist?list=PLZeNWB9l7494","Classic Indian TV Serials"
"13","299:19:20","Bharat Ek Khoj","Bharat Ek Khoj — Bharat Ek Khoj | Episode-21 | Bhakti","https://www.youtube.com/watch?v=PbCeHPmDPPI","3777","https://www.youtube.com/playlist?list=PLqtVCj5iilH4w0Y8KBB4fqBu25T0sGhXG","Prasar Bharati Archives"
"13","300:22:17","Hum Log","Hum Log — Hum Log | Episode 22 | India's First Hindi TV Serial | Ashok Kumar, Seema Bhargava, Vinod & Jayshri","https://www.youtube.com/watch?v=XDP2Nyw3I3Q","1347","https://www.youtube.com/playlist?list=PLaNSOkABhCUE","Goldmines Movies"
"13","300:44:44","Swabhimaan","Swabhimaan — Swabhimaan | Episode 296 | Ashutosh Rana, Manoj Bajpayee | Classic Indian TV Serial","https://www.youtube.com/watch?v=KwLfGCKW154","1291","https://www.youtube.com/playlist?list=PLZeNWB9l7494","Classic Indian TV Serials"
"13","301:06:15","Chanakya","Chanakya — चाणक्य Official | Episode 19 - Part -1 | Directed & Acted by Dr. Chandraprakash Dwivedi","https://www.youtube.com/watch?v=dwetb4QUUCs","1549","https://www.youtube.com/playlist?list=PLY-qGtGftCjm1_tDxT2TsDAXXC2p-iutt","Chanakya_theofficial"
"13","301:32:04","Chanakya","Chanakya — चाणक्य Official | Episode 19- Part -2 | Directed & Acted by Dr. Chandraprakash Dwivedi","https://www.youtube.com/watch?v=NEXPfcJe4mA","1188","https://www.youtube.com/playlist?list=PLY-qGtGftCjm1_tDxT2TsDAXXC2p-iutt","Chanakya_theofficial"
"13","301:51:52","Chandrakanta","Chandrakanta — Chandrakanta 1994 Episode 48 LONE WARRIOR","https://www.youtube.com/watch?v=B2LBbArNFIQ","1187","https://www.youtube.com/playlist?list=PLKfQh0u-9j2YaM54LNfASdQYllxsoU05a","lone warrior"
"13","302:11:39","Swabhimaan","Swabhimaan — Swabhimaan | Episode 297 | Ashutosh Rana, Manoj Bajpayee | Classic Indian TV Serial","https://www.youtube.com/watch?v=wWaP633UM-M","1241","https://www.youtube.com/playlist?list=PLZeNWB9l7494","Classic Indian TV Serials"
"13","302:32:20","Shri Krishna","Shri Krishna — Sri Krishna EP 81 - द्रौपदी जनम की कथा | HQ WIDE SCREEN | English Subtitles","https://www.youtube.com/watch?v=yYGoPtm7jzM","2758","https://www.youtube.com/playlist?list=PLFPJRCFRDARR9IkjkVi6O9ue5DjKiKtkI","Tilak"
"13","303:18:18","Swabhimaan","Swabhimaan — Swabhimaan | Episode 299 | Ashutosh Rana, Manoj Bajpayee | Classic Indian TV Serial","https://www.youtube.com/watch?v=mcsPLLLXpPM","1381","https://www.youtube.com/playlist?list=PLZeNWB9l7494","Classic Indian TV Serials"
"13","303:41:19","Nukkad","Nukkad — Nukkad   Episode # 10   Cop creates problem at Nukkad   Best Old Tv Show","https://www.youtube.com/watch?v=wy0n-nJJfmY","1383","https://www.youtube.com/playlist?list=PLDXzvDkBVqqSGYLZPlZQfl_Vn-JmuiTDN","movie clips"
"13","304:04:22","Swabhimaan","Swabhimaan — Swabhimaan | Episode 300 | Ashutosh Rana, Manoj Bajpayee | Classic Indian TV Serial","https://www.youtube.com/watch?v=qZMxT9RWAnI","1341","https://www.youtube.com/playlist?list=PLZeNWB9l7494","Classic Indian TV Serials"
"13","304:26:43","Vintage ads","Vintage ads — 1984: Lipton Covo Chocolate Spread","https://www.youtube.com/watch?v=8pmyDAvYsNg","32","https://www.youtube.com/playlist?list=PLycor1XF7S9HVMnWxndl27HgZJM5S8wRT","Guruprasad Gp"
"13","304:27:15","Swabhimaan","Swabhimaan — Swabhimaan | Episode 301 | Ashutosh Rana, Manoj Bajpayee | Classic Indian TV Serial","https://www.youtube.com/watch?v=1dFMoO--vgg","1358","https://www.youtube.com/playlist?list=PLZeNWB9l7494","Classic Indian TV Serials"
"13","304:49:53","Shri Krishna","Shri Krishna — Sri Krishna EP 82 - अर्जुन ने भेदी मछली की आँख | HQ WIDE SCREEN | English Subtitles","https://www.youtube.com/watch?v=U44JozK9UnE","2802","https://www.youtube.com/playlist?list=PLFPJRCFRDARR9IkjkVi6O9ue5DjKiKtkI","Tilak"
"13","305:36:35","Swabhimaan","Swabhimaan — Swabhimaan | Episode 302 | Ashutosh Rana, Manoj Bajpayee | Classic Indian TV Serial","https://www.youtube.com/watch?v=gUPNWFCJKCU","1218","https://www.youtube.com/playlist?list=PLZeNWB9l7494","Classic Indian TV Serials"
"13","305:56:53","Dekh Bhai Dekh","Dekh Bhai Dekh — Dekh Bhai Dekh episode 21 part 1","https://www.youtube.com/watch?v=U7YXtWPiJ8Y","466","https://www.youtube.com/playlist?list=UUYdB1nhxEAtjp-TLnv5utzg","LBEstudio"
"13","306:04:39","Dekh Bhai Dekh","Dekh Bhai Dekh — Dekh Bhai Dekh episode 21 part 2","https://www.youtube.com/watch?v=lcrYOQQ8HSA","466","https://www.youtube.com/playlist?list=UUYdB1nhxEAtjp-TLnv5utzg","LBEstudio"
"13","306:12:25","Dekh Bhai Dekh","Dekh Bhai Dekh — Dekh Bhai Dekh episode 21 part 3","https://www.youtube.com/watch?v=GRCAKdsBmYw","481","https://www.youtube.com/playlist?list=UUYdB1nhxEAtjp-TLnv5utzg","LBEstudio"
"13","306:20:26","Vintage ads","Vintage ads — 1985: Volfarm Ketchup","https://www.youtube.com/watch?v=9yN2QNCqojk","41","https://www.youtube.com/playlist?list=PLycor1XF7S9HVMnWxndl27HgZJM5S8wRT","Guruprasad Gp"
"13","306:21:07","Swabhimaan","Swabhimaan — Swabhimaan | Episode 303 | Ashutosh Rana, Manoj Bajpayee | Classic Indian TV Serial","https://www.youtube.com/watch?v=5hQ5c4Uwv8w","1219","https://www.youtube.com/playlist?list=PLZeNWB9l7494","Classic Indian TV Serials"
"13","306:41:26","Byomkesh Bakshi","Byomkesh Bakshi — Byomkesh Bakshi: Ep#13 - Chiriya Ghar Part 1","https://www.youtube.com/watch?v=3bTGfpcDvrw","2498","https://www.youtube.com/playlist?list=PLUiMfS6qzIMxiHu2N2Px1ISp5vxCm3PMo","Doordarshan National"
"13","307:23:04","Byomkesh Bakshi","Byomkesh Bakshi — Byomkesh Bakshi: Ep#13 - Chiriya Ghar Part 2","https://www.youtube.com/watch?v=TocXQVU6FOQ","2466","https://www.youtube.com/playlist?list=PLUiMfS6qzIMxiHu2N2Px1ISp5vxCm3PMo","Doordarshan National"
"13","308:04:10","Chandrakanta","Chandrakanta — Chandrakanta 1994 Episode 49LONE WARRIOR","https://www.youtube.com/watch?v=AJUOI3DCu-U","1187","https://www.youtube.com/playlist?list=PLKfQh0u-9j2YaM54LNfASdQYllxsoU05a","lone warrior"
"13","308:23:57","Swabhimaan","Swabhimaan — Swabhimaan | Episode 304 | Ashutosh Rana, Manoj Bajpayee | Classic Indian TV Serial","https://www.youtube.com/watch?v=y-9Ulxi-Eu0","1166","https://www.youtube.com/playlist?list=PLZeNWB9l7494","Classic Indian TV Serials"
"13","308:43:23","Circus","Circus — Shahrukh Khan starrer Circus Ep 8","https://www.youtube.com/watch?v=ZS7tW7RIuhM","1483","https://www.youtube.com/playlist?list=PLUiMfS6qzIMzAqteEcp055VDYpgZDbeyT","Doordarshan National"
"13","309:08:06","Alif Laila","Alif Laila — अलीबाबा ने अपने घर के जैसा निशान हर घर पर बनाया Episode : 41 | Alif Laila | Sagar Picture","https://www.youtube.com/watch?v=LAwR1zgTqTI","1318","https://www.youtube.com/playlist?list=PLqmdsOwstpJfOtjWGMFTGMruqQV7C5XoL","Sagar Pictures"
"13","309:30:04","Swabhimaan","Swabhimaan — Swabhimaan | Episode 305 | Ashutosh Rana, Manoj Bajpayee | Classic Indian TV Serial","https://www.youtube.com/watch?v=5f1ANI8Au3U","1195","https://www.youtube.com/playlist?list=PLZeNWB9l7494","Classic Indian TV Serials"
"13","309:49:59","Shri Krishna","Shri Krishna — Sri Krishna EP 83 - पांडवों की राजधानी का निर्माण | HQ WIDE SCREEN | English Subtitles","https://www.youtube.com/watch?v=FoL_rGFIn1I","2777","https://www.youtube.com/playlist?list=PLFPJRCFRDARR9IkjkVi6O9ue5DjKiKtkI","Tilak"
"13","310:36:16","Om Namah Shivay","Om Namah Shivay — नारद से ब्रह्मदत्त की सफलता जानकर देवता प्रसन्न हुए | Om Namah Shivay TV Serial | Episode 106","https://www.youtube.com/watch?v=gvqZD037vwQ","1207","https://www.youtube.com/playlist?list=PL5A5QJkW7MkuEgaSMSlkmc51V_jBHv6fO","Saregama Bhakti"
"13","310:56:23","Swabhimaan","Swabhimaan — Swabhimaan | Episode 306 | Ashutosh Rana, Manoj Bajpayee | Classic Indian TV Serial","https://www.youtube.com/watch?v=23_AuLOGL6I","1306","https://www.youtube.com/playlist?list=PLZeNWB9l7494","Classic Indian TV Serials"
"13","311:18:09","Vintage ads","Vintage ads — 1989: Cadbury's Twist","https://www.youtube.com/watch?v=83AetP3w03Y","21","https://www.youtube.com/playlist?list=PLycor1XF7S9HVMnWxndl27HgZJM5S8wRT","Guruprasad Gp"
"13","311:18:30","Surabhi","Surabhi — Surabhi | सुरभि  : Ep - 23","https://www.youtube.com/watch?v=qCm4V-WSRD4","1447","https://www.youtube.com/playlist?list=PLUiMfS6qzIMzE8lgWFaQ3qvVFCCONXALQ","Doordarshan National"
"13","311:42:37","Swabhimaan","Swabhimaan — Swabhimaan | Episode 307 | Ashutosh Rana, Manoj Bajpayee | Classic Indian TV Serial","https://www.youtube.com/watch?v=BZ_vtk1YIM0","1335","https://www.youtube.com/playlist?list=PLZeNWB9l7494","Classic Indian TV Serials"
"14","312:04:52","The Great Maratha","The Great Maratha — The Great Maratha | Full Episode 16 | Irrfan Khan, Pankaj Dheer | Dangal TV Gathaa","https://www.youtube.com/watch?v=rXbSWSjtxBc","2639","https://www.youtube.com/playlist?list=PLL8R100698nc9lYCs25j4FrcGDyqdtq_B","Dangal TV Replay"
"14","312:48:51","Swabhimaan","Swabhimaan — Swabhimaan | Episode 308 | Ashutosh Rana, Manoj Bajpayee | Classic Indian TV Serial","https://www.youtube.com/watch?v=nyuNapXhc-c","1196","https://www.youtube.com/playlist?list=PLZeNWB9l7494","Classic Indian TV Serials"
"14","313:08:47","Tehkikaat","Tehkikaat — Tehkikaat तहकीकात | Jealousi Turns Blood - Crime Serial | Ranjeet, Saurabh Shukla, Vijay A. | EP 18","https://www.youtube.com/watch?v=x2PGBekvdXA","1250","https://www.youtube.com/playlist?list=PLImQCagB5etA0FMEJ7yrWIUBCzxgOBikn","Raj Rishi Serials"
"14","313:29:37","Vintage ads","Vintage ads — 1984: Sipani D1 Car (Maruti 800 competitor)","https://www.youtube.com/watch?v=UfAa_XKYqIE","115","https://www.youtube.com/playlist?list=PLycor1XF7S9HVMnWxndl27HgZJM5S8wRT","Guruprasad Gp"
"14","313:31:32","Shri Krishna","Shri Krishna — Sri Krishna EP 84 - पांडवों का इंद्रप्रस्थ आना | HQ WIDE SCREEN | English Subtitles","https://www.youtube.com/watch?v=rU6v2egs9uA","2744","https://www.youtube.com/playlist?list=PLFPJRCFRDARR9IkjkVi6O9ue5DjKiKtkI","Tilak"
"14","314:17:16","The Sword of Tipu Sultan","The Sword of Tipu Sultan — Tipu Sultan | Full Episode 21 | Sanjay Khan, Dipika Chikhlia, Swapnil Joshi | Dangal TV Gathaa","https://www.youtube.com/watch?v=JN4L8IlyipE","2408","https://www.youtube.com/playlist?list=PLL8R100698ndzARBsLB6Z8jYs_52cDJJ7","Dangal TV Replay"
"14","314:57:24","Swabhimaan","Swabhimaan — Swabhimaan | Episode 309 | Ashutosh Rana, Manoj Bajpayee | Classic Indian TV Serial","https://www.youtube.com/watch?v=go2fqva-8Rc","1345","https://www.youtube.com/playlist?list=PLZeNWB9l7494","Classic Indian TV Serials"
"14","315:19:49","Hum Log","Hum Log — Hum Log | Episode 23 | India's First Hindi TV Serial | Ashok Kumar, Seema Bhargava, Vinod & Jayshri","https://www.youtube.com/watch?v=bqjJTrzxLgY","1190","https://www.youtube.com/playlist?list=PLaNSOkABhCUE","Goldmines Movies"
"14","315:39:39","Chandrakanta","Chandrakanta — Chandrakanta 1994 Episode 50 LONE WARRIOR","https://www.youtube.com/watch?v=7NFOenCt79k","1187","https://www.youtube.com/playlist?list=PLKfQh0u-9j2YaM54LNfASdQYllxsoU05a","lone warrior"
"14","315:59:26","Swabhimaan","Swabhimaan — Swabhimaan | Episode 310 | Ashutosh Rana, Manoj Bajpayee | Classic Indian TV Serial","https://www.youtube.com/watch?v=bD1d1xJkzvo","1188","https://www.youtube.com/playlist?list=PLZeNWB9l7494","Classic Indian TV Serials"
"14","316:19:14","Swabhimaan","Swabhimaan — Swabhimaan | Episode 311 | Ashutosh Rana, Manoj Bajpayee | Classic Indian TV Serial","https://www.youtube.com/watch?v=lPuF8vsw_34","1296","https://www.youtube.com/playlist?list=PLZeNWB9l7494","Classic Indian TV Serials"
"14","316:40:50","Chanakya","Chanakya — चाणक्य Official | Episode 20- Part -1 | Directed & Acted by Dr. Chandraprakash Dwivedi","https://www.youtube.com/watch?v=FRkEA-zL85A","1363","https://www.youtube.com/playlist?list=PLY-qGtGftCjm1_tDxT2TsDAXXC2p-iutt","Chanakya_theofficial"
"14","317:03:33","Chanakya","Chanakya — चाणक्य Official | Episode 20- Part -2 | Directed & Acted by Dr. Chandraprakash Dwivedi","https://www.youtube.com/watch?v=1HM4IGeZ1Iw","1451","https://www.youtube.com/playlist?list=PLY-qGtGftCjm1_tDxT2TsDAXXC2p-iutt","Chanakya_theofficial"
"14","317:27:44","Swabhimaan","Swabhimaan — Swabhimaan | Episode 312 | Ashutosh Rana, Manoj Bajpayee | Classic Indian TV Serial","https://www.youtube.com/watch?v=y0Z9W-J-4YE","1205","https://www.youtube.com/playlist?list=PLZeNWB9l7494","Classic Indian TV Serials"
"14","317:47:49","Shri Krishna","Shri Krishna — Sri Krishna EP 85 - युधिष्ठिर का राजसु यज्ञ | HQ WIDE SCREEN | English Subtitles","https://www.youtube.com/watch?v=Bzu-e2D3orQ","2938","https://www.youtube.com/playlist?list=PLFPJRCFRDARR9IkjkVi6O9ue5DjKiKtkI","Tilak"
"14","318:36:47","Fauji","Fauji — Fauji Episode 6 | Shah Rukh Khan's Television Debut (1989) | SRK's First-Ever TV Serial Appearance","https://www.youtube.com/watch?v=h0XFoiPG3hE","1413","https://www.youtube.com/playlist?list=PLYqSow41YJ2I","Goldmines Bollywood"
"14","319:00:20","Alif Laila","Alif Laila — चोरो का सरदार तेल का व्यापारी बनके आया Episode : 44 | Alif Laila Superhit Serial","https://www.youtube.com/watch?v=Zqtre-puf9s","1259","https://www.youtube.com/playlist?list=PLqmdsOwstpJfOtjWGMFTGMruqQV7C5XoL","Sagar Pictures"
"14","319:21:19","Swabhimaan","Swabhimaan — Swabhimaan | Episode 313 | Ashutosh Rana, Manoj Bajpayee | Classic Indian TV Serial","https://www.youtube.com/watch?v=YGEtHKtYzu0","1212","https://www.youtube.com/playlist?list=PLZeNWB9l7494","Classic Indian TV Serials"
"14","319:41:31","Bharat Ek Khoj","Bharat Ek Khoj — Bharat Ek Khoj | Episode-22 | The Chola Empire, Part I","https://www.youtube.com/watch?v=g46ngoj1XmU","2371","https://www.youtube.com/playlist?list=PLqtVCj5iilH4w0Y8KBB4fqBu25T0sGhXG","Prasar Bharati Archives"
"14","320:21:02","Swabhimaan","Swabhimaan — Swabhimaan | Episode 314 | Ashutosh Rana, Manoj Bajpayee | Classic Indian TV Serial","https://www.youtube.com/watch?v=30-HQL7cTgc","1279","https://www.youtube.com/playlist?list=PLZeNWB9l7494","Classic Indian TV Serials"
"14","320:42:21","Swabhimaan","Swabhimaan — Swabhimaan | Episode 315 | Ashutosh Rana, Manoj Bajpayee | Classic Indian TV Serial","https://www.youtube.com/watch?v=hsWj0L68Lp4","1259","https://www.youtube.com/playlist?list=PLZeNWB9l7494","Classic Indian TV Serials"
"14","321:03:20","Chandrakanta","Chandrakanta — Chandrakanta 1994 Episode 51 LONE WARRIOR","https://www.youtube.com/watch?v=M7dWFyxrISs","1187","https://www.youtube.com/playlist?list=PLKfQh0u-9j2YaM54LNfASdQYllxsoU05a","lone warrior"
"14","321:23:07","Shri Krishna","Shri Krishna — Sri Krishna EP 86 - पार्षद जय विजय की कथा | HQ WIDE SCREEN | English Subtitles","https://www.youtube.com/watch?v=msn7qLNXFI4","2848","https://www.youtube.com/playlist?list=PLFPJRCFRDARR9IkjkVi6O9ue5DjKiKtkI","Tilak"
"14","322:10:35","Swabhimaan","Swabhimaan — Swabhimaan | Episode 316 | Ashutosh Rana, Manoj Bajpayee | Classic Indian TV Serial","https://www.youtube.com/watch?v=5RNv94bJdeI","1185","https://www.youtube.com/playlist?list=PLZeNWB9l7494","Classic Indian TV Serials"
"14","322:30:20","Dekh Bhai Dekh","Dekh Bhai Dekh — Dekh Bhai Dekh episode 22 part 1","https://www.youtube.com/watch?v=Ux50hUWR9Bs","466","https://www.youtube.com/playlist?list=UUYdB1nhxEAtjp-TLnv5utzg","LBEstudio"
"14","322:38:06","Dekh Bhai Dekh","Dekh Bhai Dekh — Dekh Bhai Dekh episode 22 part 2","https://www.youtube.com/watch?v=BKgM2yErEks","466","https://www.youtube.com/playlist?list=UUYdB1nhxEAtjp-TLnv5utzg","LBEstudio"
"14","322:45:52","Dekh Bhai Dekh","Dekh Bhai Dekh — Dekh Bhai Dekh episode 22 part 3","https://www.youtube.com/watch?v=iEr0QnkBBxE","473","https://www.youtube.com/playlist?list=UUYdB1nhxEAtjp-TLnv5utzg","LBEstudio"
"14","322:53:45","Swabhimaan","Swabhimaan — Swabhimaan | Episode 317 | Ashutosh Rana, Manoj Bajpayee | Classic Indian TV Serial","https://www.youtube.com/watch?v=DyhlmczmBoE","1168","https://www.youtube.com/playlist?list=PLZeNWB9l7494","Classic Indian TV Serials"
"14","323:13:13","Vikram Aur Betaal","Vikram Aur Betaal — रामानंद सागर कृत विक्रम और बेताल भाग 11 - राजकुमारी अनंगरती का स्वयंवर","https://www.youtube.com/watch?v=8HtZ9_uU8v8","1399","https://www.youtube.com/playlist?list=PL-eaGjSO6F70C3-LkA3kEqAIHkdDLhI6Q","Tilak Kathayein"
"14","323:36:32","Swabhimaan","Swabhimaan — Swabhimaan | Episode 318 | Ashutosh Rana, Manoj Bajpayee | Classic Indian TV Serial","https://www.youtube.com/watch?v=cxXXqT6BylU","1235","https://www.youtube.com/playlist?list=PLZeNWB9l7494","Classic Indian TV Serials"
"14","323:57:07","Vintage ads","Vintage ads — 1986: Active 25 -  PT Usha","https://www.youtube.com/watch?v=pUZJ-YSge5o","23","https://www.youtube.com/playlist?list=PLycor1XF7S9HVMnWxndl27HgZJM5S8wRT","Guruprasad Gp"
"14","323:57:30","Swabhimaan","Swabhimaan — Swabhimaan | Episode 319 | Ashutosh Rana, Manoj Bajpayee | Classic Indian TV Serial","https://www.youtube.com/watch?v=PY6FTpKjxzE","1232","https://www.youtube.com/playlist?list=PLZeNWB9l7494","Classic Indian TV Serials"
"14","324:18:02","Surabhi","Surabhi — Surabhi | सुरभि  : Ep - 24","https://www.youtube.com/watch?v=1qxZAxJkHws","1440","https://www.youtube.com/playlist?list=PLUiMfS6qzIMzE8lgWFaQ3qvVFCCONXALQ","Doordarshan National"
"14","324:42:02","Shri Krishna","Shri Krishna — Sri Krishna EP 87 - अर्जुन सुभद्रा मिलन | HQ WIDE SCREEN | English Subtitles","https://www.youtube.com/watch?v=AKUmmIm-VnA","2694","https://www.youtube.com/playlist?list=PLFPJRCFRDARR9IkjkVi6O9ue5DjKiKtkI","Tilak"
"14","325:26:56","Swabhimaan","Swabhimaan — Swabhimaan | Episode 320 | Ashutosh Rana, Manoj Bajpayee | Classic Indian TV Serial","https://www.youtube.com/watch?v=kQAC2VwPQSY","1196","https://www.youtube.com/playlist?list=PLZeNWB9l7494","Classic Indian TV Serials"
"14","325:46:52","Vintage ads","Vintage ads — 1989: Britannia Good Day - Javed Jaffrey","https://www.youtube.com/watch?v=mZEINi0ZKfQ","36","https://www.youtube.com/playlist?list=PLycor1XF7S9HVMnWxndl27HgZJM5S8wRT","Guruprasad Gp"
"14","325:47:28","Hum Log","Hum Log — Hum Log | Episode 24 | India's First Hindi TV Serial | Ashok Kumar, Seema Bhargava, Vinod & Jayshri","https://www.youtube.com/watch?v=83K0Id3kzAY","1345","https://www.youtube.com/playlist?list=PLaNSOkABhCUE","Goldmines Movies"
"14","326:09:53","Swabhimaan","Swabhimaan — Swabhimaan | Episode 321 | Ashutosh Rana, Manoj Bajpayee | Classic Indian TV Serial","https://www.youtube.com/watch?v=6wDwxX612sc","1328","https://www.youtube.com/playlist?list=PLZeNWB9l7494","Classic Indian TV Serials"
"14","326:32:01","Alif Laila","Alif Laila — अलीबाबा ने कैसे चोरो की चाल नाकामयाब की !! Alif Laila Episode : 45 !! Sagar Picture !! 1080p","https://www.youtube.com/watch?v=wGlgSmFeaiQ","1392","https://www.youtube.com/playlist?list=PLqmdsOwstpJfOtjWGMFTGMruqQV7C5XoL","Sagar Pictures"
"14","326:55:13","Chandrakanta","Chandrakanta — Chandrakanta 1994 Episode 52 LONE WARRIOR","https://www.youtube.com/watch?v=U62R3qhy1yo","1187","https://www.youtube.com/playlist?list=PLKfQh0u-9j2YaM54LNfASdQYllxsoU05a","lone warrior"
"14","327:15:00","Swabhimaan","Swabhimaan — Swabhimaan | Episode 322 | Ashutosh Rana, Manoj Bajpayee | Classic Indian TV Serial","https://www.youtube.com/watch?v=ud8JOGN-eeY","1218","https://www.youtube.com/playlist?list=PLZeNWB9l7494","Classic Indian TV Serials"
"14","327:35:18","The Sword of Tipu Sultan","The Sword of Tipu Sultan — Tipu Sultan | Full Episode 22 | Sanjay Khan, Dipika Chikhlia, Swapnil Joshi | Dangal TV Gathaa","https://www.youtube.com/watch?v=8NnVCb3Skss","2626","https://www.youtube.com/playlist?list=PLL8R100698ndzARBsLB6Z8jYs_52cDJJ7","Dangal TV Replay"
"14","328:19:04","Shri Krishna","Shri Krishna — Sri Krishna EP 88 - श्री कृष्ण का बलराम को मनाना | HQ WIDE SCREEN | English Subtitles","https://www.youtube.com/watch?v=PmSnjTTx1yo","2366","https://www.youtube.com/playlist?list=PLFPJRCFRDARR9IkjkVi6O9ue5DjKiKtkI","Tilak"
"14","328:58:30","Swabhimaan","Swabhimaan — Swabhimaan | Episode 323 | Ashutosh Rana, Manoj Bajpayee | Classic Indian TV Serial","https://www.youtube.com/watch?v=HAt9EJHw9XA","1263","https://www.youtube.com/playlist?list=PLZeNWB9l7494","Classic Indian TV Serials"
"14","329:19:33","Tehkikaat","Tehkikaat — Tehkikaat तहकीकात | Jealousi Turns Blood - Crime Serial | Ranjeet, Saurabh Shukla, Vijay A. | EP 19","https://www.youtube.com/watch?v=y8e-LiHdtm8","1127","https://www.youtube.com/playlist?list=PLImQCagB5etA0FMEJ7yrWIUBCzxgOBikn","Raj Rishi Serials"
"14","329:38:20","Vintage ads","Vintage ads — 1986: Indian Tinplate","https://www.youtube.com/watch?v=tSHJuPJiais","31","https://www.youtube.com/playlist?list=PLycor1XF7S9HVMnWxndl27HgZJM5S8wRT","Guruprasad Gp"
"14","329:38:51","Swabhimaan","Swabhimaan — Swabhimaan | Episode 324 | Ashutosh Rana, Manoj Bajpayee | Classic Indian TV Serial","https://www.youtube.com/watch?v=fHNmiavMCPo","1359","https://www.youtube.com/playlist?list=PLZeNWB9l7494","Classic Indian TV Serials"
"14","330:01:30","Bharat Ek Khoj","Bharat Ek Khoj — Bharat Ek Khoj | Episode-23 | The Chola Empire, Part II","https://www.youtube.com/watch?v=KoCjW5tUBik","2084","https://www.youtube.com/playlist?list=PLqtVCj5iilH4w0Y8KBB4fqBu25T0sGhXG","Prasar Bharati Archives"
"14","330:36:14","Swabhimaan","Swabhimaan — Swabhimaan | Episode 325 | Ashutosh Rana, Manoj Bajpayee | Classic Indian TV Serial","https://www.youtube.com/watch?v=FimVLh2DiAo","1263","https://www.youtube.com/playlist?list=PLZeNWB9l7494","Classic Indian TV Serials"
"14","330:57:17","Shri Krishna","Shri Krishna — Sri Krishna EP 89 - ब्राह्मण ने किया श्री कृष्ण का अपमान | HQ WIDE SCREEN | English Subtitles","https://www.youtube.com/watch?v=cctbSWQbwAE","2771","https://www.youtube.com/playlist?list=PLFPJRCFRDARR9IkjkVi6O9ue5DjKiKtkI","Tilak"
"14","331:43:28","The Great Maratha","The Great Maratha — The Great Maratha | Full Episode 17 | Irrfan Khan, Pankaj Dheer | Dangal TV Gathaa","https://www.youtube.com/watch?v=k0JznJv4vCI","2588","https://www.youtube.com/playlist?list=PLL8R100698nc9lYCs25j4FrcGDyqdtq_B","Dangal TV Replay"
"14","332:26:36","Vintage ads","Vintage ads — 1987: Atlas Concorde Cycle","https://www.youtube.com/watch?v=ym82-0-Lv3Y","32","https://www.youtube.com/playlist?list=PLycor1XF7S9HVMnWxndl27HgZJM5S8wRT","Guruprasad Gp"
"14","332:27:08","Swabhimaan","Swabhimaan — Swabhimaan | Episode 326 | Ashutosh Rana, Manoj Bajpayee | Classic Indian TV Serial","https://www.youtube.com/watch?v=I82lIsbwfDc","1279","https://www.youtube.com/playlist?list=PLZeNWB9l7494","Classic Indian TV Serials"
"14","332:48:27","Swabhimaan","Swabhimaan — Swabhimaan | Episode 327 | Ashutosh Rana, Manoj Bajpayee | Classic Indian TV Serial","https://www.youtube.com/watch?v=Vx5EtnijoxY","1262","https://www.youtube.com/playlist?list=PLZeNWB9l7494","Classic Indian TV Serials"
"14","333:09:29","Chandrakanta","Chandrakanta — Chandrakanta 1994 Episode 53 LONE WARRIOR","https://www.youtube.com/watch?v=V878co5gCFU","1112","https://www.youtube.com/playlist?list=PLKfQh0u-9j2YaM54LNfASdQYllxsoU05a","lone warrior"
"14","333:28:01","Chanakya","Chanakya — चाणक्य Official | Episode 21- Part -1 | Directed & Acted by Dr. Chandraprakash Dwivedi","https://www.youtube.com/watch?v=IkxmjHPc_7w","1474","https://www.youtube.com/playlist?list=PLY-qGtGftCjm1_tDxT2TsDAXXC2p-iutt","Chanakya_theofficial"
"14","333:52:35","Chanakya","Chanakya — चाणक्य Official | Episode 21- Part -2 | Directed & Acted by Dr. Chandraprakash Dwivedi","https://www.youtube.com/watch?v=LRzwl2lV-E0","1347","https://www.youtube.com/playlist?list=PLY-qGtGftCjm1_tDxT2TsDAXXC2p-iutt","Chanakya_theofficial"
"14","334:15:02","Swabhimaan","Swabhimaan — Swabhimaan | Episode 328 | Ashutosh Rana, Manoj Bajpayee | Classic Indian TV Serial","https://www.youtube.com/watch?v=0J4-6tvPMp0","1257","https://www.youtube.com/playlist?list=PLZeNWB9l7494","Classic Indian TV Serials"
"14","334:35:59","Vintage ads","Vintage ads — 1991: Femina Magazine TV Advertisement - Wedding Night","https://www.youtube.com/watch?v=8lomK7JWUvE","102","https://www.youtube.com/playlist?list=PLycor1XF7S9HVMnWxndl27HgZJM5S8wRT","Guruprasad Gp"
"14","334:37:41","Shri Krishna","Shri Krishna — Sri Krishna EP 90 - अर्जुन का यमलोक जाना और ब्रह्मास्त्र चलाना | HQ WIDE SCREEN | English Subtitles","https://www.youtube.com/watch?v=VZ4jA2TOnKU","2701","https://www.youtube.com/playlist?list=PLFPJRCFRDARR9IkjkVi6O9ue5DjKiKtkI","Tilak"
"14","335:22:42","Swabhimaan","Swabhimaan — Swabhimaan | Episode 329 | Ashutosh Rana, Manoj Bajpayee | Classic Indian TV Serial","https://www.youtube.com/watch?v=sQNm21RPTGQ","1205","https://www.youtube.com/playlist?list=PLZeNWB9l7494","Classic Indian TV Serials"
"14","335:42:47","Udaan","Udaan — Udaan DD national Serial Episode 12 Doordarshan #दूरदर्शन उड़ान #डीडीनेशनल सीरियल ओल्ड मेमरीज","https://www.youtube.com/watch?v=B3cW0zFkmJk","1225","https://www.youtube.com/playlist?list=PLFSBneXK-Uv8l6Fs99d5HyhaMlW8q8tWk","Doordarshan Serial"
"15","336:03:12","Swabhimaan","Swabhimaan — Swabhimaan | Episode 330 | Ashutosh Rana, Manoj Bajpayee | Classic Indian TV Serial","https://www.youtube.com/watch?v=TTdfWT0ZIpU","1263","https://www.youtube.com/playlist?list=PLZeNWB9l7494","Classic Indian TV Serials"
"15","336:24:15","Alif Laila","Alif Laila — चोरो के सरदार ने अलीबाबा को कैसे नई चाल में फसाया Episode : 46 Alif Laila Superhit Serial","https://www.youtube.com/watch?v=96o2-EykooY","1354","https://www.youtube.com/playlist?list=PLqmdsOwstpJfOtjWGMFTGMruqQV7C5XoL","Sagar Pictures"
"15","336:46:49","Dekh Bhai Dekh","Dekh Bhai Dekh — Dekh Bhai Dekh episode 23 part 1","https://www.youtube.com/watch?v=dLYseXHyN2s","451","https://www.youtube.com/playlist?list=UUYdB1nhxEAtjp-TLnv5utzg","LBEstudio"
"15","336:54:20","Dekh Bhai Dekh","Dekh Bhai Dekh — Dekh Bhai Dekh episode 23 part 2","https://www.youtube.com/watch?v=mqEq7ZSC2oY","451","https://www.youtube.com/playlist?list=UUYdB1nhxEAtjp-TLnv5utzg","LBEstudio"
"15","337:01:51","Dekh Bhai Dekh","Dekh Bhai Dekh — Dekh Bhai Dekh episode 23 part 3","https://www.youtube.com/watch?v=_UwbCsAmaCE","458","https://www.youtube.com/playlist?list=UUYdB1nhxEAtjp-TLnv5utzg","LBEstudio"
"15","337:09:29","Swabhimaan","Swabhimaan — Swabhimaan | Episode 331 | Ashutosh Rana, Manoj Bajpayee | Classic Indian TV Serial","https://www.youtube.com/watch?v=RJ7GmVM3seM","1271","https://www.youtube.com/playlist?list=PLZeNWB9l7494","Classic Indian TV Serials"
"15","337:30:40","Surabhi","Surabhi — Surabhi | सुरभि  : Ep - 25","https://www.youtube.com/watch?v=GgYICwWrsAU","1456","https://www.youtube.com/playlist?list=PLUiMfS6qzIMzE8lgWFaQ3qvVFCCONXALQ","Doordarshan National"
"15","337:54:56","Swabhimaan","Swabhimaan — Swabhimaan | Episode 332 | Ashutosh Rana, Manoj Bajpayee | Classic Indian TV Serial","https://www.youtube.com/watch?v=Zl1QjnzS5Mc","1366","https://www.youtube.com/playlist?list=PLZeNWB9l7494","Classic Indian TV Serials"
"15","338:17:42","Shri Krishna","Shri Krishna — Sri Krishna EP 91 - दुर्योधन की गुरुदक्षिणा | HQ WIDE SCREEN | English Subtitles","https://www.youtube.com/watch?v=TgNl4mQxJVA","2757","https://www.youtube.com/playlist?list=PLFPJRCFRDARR9IkjkVi6O9ue5DjKiKtkI","Tilak"
"15","339:03:39","Chandrakanta","Chandrakanta — Chandrakanta 1994 Episode 54 LONE WARRIOR","https://www.youtube.com/watch?v=y6L2JY4lLio","1167","https://www.youtube.com/playlist?list=PLKfQh0u-9j2YaM54LNfASdQYllxsoU05a","lone warrior"
"15","339:23:06","Swabhimaan","Swabhimaan — Swabhimaan | Episode 333 | Ashutosh Rana, Manoj Bajpayee | Classic Indian TV Serial","https://www.youtube.com/watch?v=ds3I-luBlGg","1275","https://www.youtube.com/playlist?list=PLZeNWB9l7494","Classic Indian TV Serials"
"15","339:44:21","Nukkad","Nukkad — Nukkad   Episode #11   Problems at Nukkad   Best Old TV Show","https://www.youtube.com/watch?v=PWS52qd4JOo","1320","https://www.youtube.com/playlist?list=PLDXzvDkBVqqSGYLZPlZQfl_Vn-JmuiTDN","movie clips"
"15","340:06:21","Hum Log","Hum Log — Hum Log | Episode 25 | India's First Hindi TV Serial | Ashok Kumar, Seema Bhargava, Vinod & Jayshri","https://www.youtube.com/watch?v=_sIxw4E5MzA","1362","https://www.youtube.com/playlist?list=PLaNSOkABhCUE","Goldmines Movies"
"15","340:29:03","Swabhimaan","Swabhimaan — Swabhimaan | Episode 334 | Ashutosh Rana, Manoj Bajpayee | Classic Indian TV Serial","https://www.youtube.com/watch?v=HS4e5KN9T8s","1270","https://www.youtube.com/playlist?list=PLZeNWB9l7494","Classic Indian TV Serials"
"15","340:50:13","Bharat Ek Khoj","Bharat Ek Khoj — Bharat Ek Khoj | Episode-24 | Delhi Sultanate & The Arrival of Turk-Afghans & Prithviraj Raso(I)","https://www.youtube.com/watch?v=a_OnQ-Fwe7Q","2881","https://www.youtube.com/playlist?list=PLqtVCj5iilH4w0Y8KBB4fqBu25T0sGhXG","Prasar Bharati Archives"
"15","341:38:14","Swabhimaan","Swabhimaan — Swabhimaan | Episode 335 | Ashutosh Rana, Manoj Bajpayee | Classic Indian TV Serial","https://www.youtube.com/watch?v=7o-A_gUi7J0","1184","https://www.youtube.com/playlist?list=PLZeNWB9l7494","Classic Indian TV Serials"
"15","341:57:58","Shri Krishna","Shri Krishna — Sri Krishna EP 92 - अर्जुन और सुभद्रा का द्वारिका में विवाह | HQ WIDE SCREEN | English Subtitles","https://www.youtube.com/watch?v=CTP8MAMpzlg","2651","https://www.youtube.com/playlist?list=PLFPJRCFRDARR9IkjkVi6O9ue5DjKiKtkI","Tilak"
"15","342:42:09","Swabhimaan","Swabhimaan — Swabhimaan | Episode 336 | Ashutosh Rana, Manoj Bajpayee | Classic Indian TV Serial","https://www.youtube.com/watch?v=a-OA8Y-4SJU","1327","https://www.youtube.com/playlist?list=PLZeNWB9l7494","Classic Indian TV Serials"
"15","343:04:16","Tehkikaat","Tehkikaat — Tehkikaat तहकीकात | Jealousi Turns Blood - Crime Serial | Ranjeet, Saurabh Shukla, Vijay A. | EP 20","https://www.youtube.com/watch?v=MvNfh7f4_WY","1473","https://www.youtube.com/playlist?list=PLImQCagB5etA0FMEJ7yrWIUBCzxgOBikn","Raj Rishi Serials"
"15","343:28:49","Swabhimaan","Swabhimaan — Swabhimaan | Episode 337 | Ashutosh Rana, Manoj Bajpayee | Classic Indian TV Serial","https://www.youtube.com/watch?v=cqrJqwV0Uzk","1282","https://www.youtube.com/playlist?list=PLZeNWB9l7494","Classic Indian TV Serials"
"15","343:50:11","The Sword of Tipu Sultan","The Sword of Tipu Sultan — Tipu Sultan | Full Episode 23 | Sanjay Khan, Dipika Chikhlia, Swapnil Joshi | Dangal TV Gathaa","https://www.youtube.com/watch?v=qnseYNzINHc","2452","https://www.youtube.com/playlist?list=PLL8R100698ndzARBsLB6Z8jYs_52cDJJ7","Dangal TV Replay"
"15","344:31:03","Vintage ads","Vintage ads — 1987: Hamdard Cinkara - Javed Jaffrey","https://www.youtube.com/watch?v=9lG9WvidYMU","65","https://www.youtube.com/playlist?list=PLycor1XF7S9HVMnWxndl27HgZJM5S8wRT","Guruprasad Gp"
"15","344:32:08","Swabhimaan","Swabhimaan — Swabhimaan | Episode 338 | Ashutosh Rana, Manoj Bajpayee | Classic Indian TV Serial","https://www.youtube.com/watch?v=VT6P_B7TZZQ","1320","https://www.youtube.com/playlist?list=PLZeNWB9l7494","Classic Indian TV Serials"
"15","344:54:08","Chandrakanta","Chandrakanta — Chandrakanta 1994 Episode 55 LONE WARRIOR","https://www.youtube.com/watch?v=7WUU3cMmi7A","1167","https://www.youtube.com/playlist?list=PLKfQh0u-9j2YaM54LNfASdQYllxsoU05a","lone warrior"
"15","345:13:35","Shri Krishna","Shri Krishna — Sri Krishna EP 93 - श्री कृष्ण पर लगा चुराने का आरोप | HQ WIDE SCREEN | English Subtitles","https://www.youtube.com/watch?v=WEnvGYADnho","2813","https://www.youtube.com/playlist?list=PLFPJRCFRDARR9IkjkVi6O9ue5DjKiKtkI","Tilak"
"15","346:00:28","Alif Laila","Alif Laila — सिंदबाद जहाजी की कहानी !! Alif Laila Episode : 48 !! Superhit Serial !! Sagar Picture","https://www.youtube.com/watch?v=mtZ7X85JxYQ","1216","https://www.youtube.com/playlist?list=PLqmdsOwstpJfOtjWGMFTGMruqQV7C5XoL","Sagar Pictures"
"15","346:20:44","Swabhimaan","Swabhimaan — Swabhimaan | Episode 339 | Ashutosh Rana, Manoj Bajpayee | Classic Indian TV Serial","https://www.youtube.com/watch?v=iMJg2UAs9KY","1248","https://www.youtube.com/playlist?list=PLZeNWB9l7494","Classic Indian TV Serials"
"15","346:41:32","Flop Show","Flop Show — Jaspal Bhatti's Flop Show | Ph.D. Scholar |  Ep #05","https://www.youtube.com/watch?v=JCy9BfqMw2c","1554","https://www.youtube.com/playlist?list=PLUiMfS6qzIMyisp9Ks0FxE9Ba4EpLQm0Z","Doordarshan National"
"15","347:07:26","Swabhimaan","Swabhimaan — Swabhimaan | Episode 340 | Ashutosh Rana, Manoj Bajpayee | Classic Indian TV Serial","https://www.youtube.com/watch?v=L5R1W8_BJv8","1284","https://www.youtube.com/playlist?list=PLZeNWB9l7494","Classic Indian TV Serials"
"15","347:28:50","Swabhimaan","Swabhimaan — Swabhimaan | Episode 341 | Ashutosh Rana, Manoj Bajpayee | Classic Indian TV Serial","https://www.youtube.com/watch?v=zUonIMxO3SU","1324","https://www.youtube.com/playlist?list=PLZeNWB9l7494","Classic Indian TV Serials"
"15","347:50:54","Om Namah Shivay","Om Namah Shivay — जालंधर ने भगवान शिव को देवी पार्वती को उन्हें सौंपने के लिए कहा | Om Namah Shivay TV Serial | Ep130","https://www.youtube.com/watch?v=h00vfF6flsY","1081","https://www.youtube.com/playlist?list=PL5A5QJkW7MkuEgaSMSlkmc51V_jBHv6fO","Saregama Bhakti"
"15","348:08:55","Swabhimaan","Swabhimaan — Swabhimaan | Episode 342 | Ashutosh Rana, Manoj Bajpayee | Classic Indian TV Serial","https://www.youtube.com/watch?v=Lvj6_AKyg0Q","1253","https://www.youtube.com/playlist?list=PLZeNWB9l7494","Classic Indian TV Serials"
"15","348:29:48","Shri Krishna","Shri Krishna — Sri Krishna EP 94 - श्री कृष्ण का जामवंती और सत्यभामा से विवाह | HQ WIDE SCREEN | English Subtitles","https://www.youtube.com/watch?v=cO0kdlrrMsQ","2825","https://www.youtube.com/playlist?list=PLFPJRCFRDARR9IkjkVi6O9ue5DjKiKtkI","Tilak"
"15","349:16:53","Junoon","Junoon — Junoon | Maha Episode 43 | Neil Mini Aur Keshav Ka Hua Jhagda","https://www.youtube.com/watch?v=67uzYvBxnlA","1593","https://www.youtube.com/playlist?list=PLrkDcuaB2OX_ZuAo48tg5pEa2BjdoM8Y2","Cinevista Entertainment"
"15","349:43:26","Chanakya","Chanakya — चाणक्य Official | Episode 22- Part -1 | Directed & Acted by Dr. Chandraprakash Dwivedi","https://www.youtube.com/watch?v=TTFFTkruXPQ","1567","https://www.youtube.com/playlist?list=PLY-qGtGftCjm1_tDxT2TsDAXXC2p-iutt","Chanakya_theofficial"
"15","350:09:33","Chanakya","Chanakya — चाणक्य Official | Episode 22- Part -2 | Directed & Acted by Dr. Chandraprakash Dwivedi","https://www.youtube.com/watch?v=tGuiGr9UDmg","1399","https://www.youtube.com/playlist?list=PLY-qGtGftCjm1_tDxT2TsDAXXC2p-iutt","Chanakya_theofficial"
"15","350:32:52","Vintage ads","Vintage ads — 1985: Dabur Lal Dant Manjan","https://www.youtube.com/watch?v=Pa_r1R5Blpw","68","https://www.youtube.com/playlist?list=PLycor1XF7S9HVMnWxndl27HgZJM5S8wRT","Guruprasad Gp"
"15","350:34:00","Swabhimaan","Swabhimaan — Swabhimaan | Episode 343 | Ashutosh Rana, Manoj Bajpayee | Classic Indian TV Serial","https://www.youtube.com/watch?v=l7DcCUB6Foo","1275","https://www.youtube.com/playlist?list=PLZeNWB9l7494","Classic Indian TV Serials"
"15","350:55:15","Circus","Circus — Shahrukh Khan starrer Circus - Ep #09","https://www.youtube.com/watch?v=9wVXEks2rCc","1489","https://www.youtube.com/playlist?list=PLUiMfS6qzIMzAqteEcp055VDYpgZDbeyT","Doordarshan National"
"15","351:20:04","Wagle Ki Duniya","Wagle Ki Duniya — WAGLE KI DUNIYA - Episode 06 - Beemaar | DD EXCLUSIVE","https://www.youtube.com/watch?v=BLNfmqdhQcw","1424","https://www.youtube.com/playlist?list=PL5TZ-0sMyEgVQcbG4E10bBeGcQEQ3WR-S","90's Ki Yaadein"
"15","351:43:48","The Great Maratha","The Great Maratha — The Great Maratha | Full Episode 18 | Irrfan Khan, Pankaj Dheer | Dangal TV Gathaa","https://www.youtube.com/watch?v=SvtElGpemWE","2312","https://www.youtube.com/playlist?list=PLL8R100698nc9lYCs25j4FrcGDyqdtq_B","Dangal TV Replay"
"15","352:22:20","Chandrakanta","Chandrakanta — Chandrakanta 1994 Episode 56 LONE WARRIOR","https://www.youtube.com/watch?v=joCT6KyFrlQ","1167","https://www.youtube.com/playlist?list=PLKfQh0u-9j2YaM54LNfASdQYllxsoU05a","lone warrior"
"15","352:41:47","Swabhimaan","Swabhimaan — Swabhimaan | Episode 344 | Ashutosh Rana, Manoj Bajpayee | Classic Indian TV Serial","https://www.youtube.com/watch?v=vfQz2rVmNVk","1253","https://www.youtube.com/playlist?list=PLZeNWB9l7494","Classic Indian TV Serials"
"15","353:02:40","Dekh Bhai Dekh","Dekh Bhai Dekh — Dekh Bhai Dekh episode 24 part 1","https://www.youtube.com/watch?v=nghg9UqBdyk","451","https://www.youtube.com/playlist?list=UUYdB1nhxEAtjp-TLnv5utzg","LBEstudio"
"15","353:10:11","Dekh Bhai Dekh","Dekh Bhai Dekh — Dekh Bhai Dekh episode 24 part 2","https://www.youtube.com/watch?v=bes96r1fM1s","451","https://www.youtube.com/playlist?list=UUYdB1nhxEAtjp-TLnv5utzg","LBEstudio"
"15","353:17:42","Dekh Bhai Dekh","Dekh Bhai Dekh — Dekh Bhai Dekh episode 24 part 3","https://www.youtube.com/watch?v=rd1DriUAJT4","468","https://www.youtube.com/playlist?list=UUYdB1nhxEAtjp-TLnv5utzg","LBEstudio"
"15","353:25:30","Surabhi","Surabhi — Surabhi | सुरभि : Ep - 26","https://www.youtube.com/watch?v=a_g9Bh7o4Xs","1453","https://www.youtube.com/playlist?list=PLUiMfS6qzIMzE8lgWFaQ3qvVFCCONXALQ","Doordarshan National"
"15","353:49:43","Swabhimaan","Swabhimaan — Swabhimaan | Episode 345 | Ashutosh Rana, Manoj Bajpayee | Classic Indian TV Serial","https://www.youtube.com/watch?v=QPY19Cd0NMc","1190","https://www.youtube.com/playlist?list=PLZeNWB9l7494","Classic Indian TV Serials"
"15","354:09:33","Shri Krishna","Shri Krishna — Sri Krishna EP 95 - नरकासुर वध | HQ WIDE SCREEN | English Subtitles","https://www.youtube.com/watch?v=nk-N-m3viGQ","2785","https://www.youtube.com/playlist?list=PLFPJRCFRDARR9IkjkVi6O9ue5DjKiKtkI","Tilak"
"15","354:55:58","Vikram Aur Betaal","Vikram Aur Betaal — रामानंद सागर कृत विक्रम और बेताल भाग 12 - भागवती और उसकी बेटी धनवती की कहानी","https://www.youtube.com/watch?v=f9KyzsDV0NU","1396","https://www.youtube.com/playlist?list=PL-eaGjSO6F70C3-LkA3kEqAIHkdDLhI6Q","Tilak Kathayein"
"15","355:19:14","Swabhimaan","Swabhimaan — Swabhimaan | Episode 346 | Ashutosh Rana, Manoj Bajpayee | Classic Indian TV Serial","https://www.youtube.com/watch?v=OEYtIekHQYM","1196","https://www.youtube.com/playlist?list=PLZeNWB9l7494","Classic Indian TV Serials"
"15","355:39:10","Hum Log","Hum Log — Hum Log | Episode 26 | India's First Hindi TV Serial | Ashok Kumar, Seema Bhargava, Vinod & Jayshri","https://www.youtube.com/watch?v=HISwSFoUgws","1307","https://www.youtube.com/playlist?list=PLaNSOkABhCUE","Goldmines Movies"
"15","356:00:57","Alif Laila","Alif Laila — सिंदबाद ने कैसे दुश्मनो से अपने जहाज़ को बचाया- Episode : 49 | Alif Laila Sagar Picture","https://www.youtube.com/watch?v=45AWMRBz59A","1313","https://www.youtube.com/playlist?list=PLqmdsOwstpJfOtjWGMFTGMruqQV7C5XoL","Sagar Pictures"
"15","356:22:50","Swabhimaan","Swabhimaan — Swabhimaan | Episode 347 | Ashutosh Rana, Manoj Bajpayee | Classic Indian TV Serial","https://www.youtube.com/watch?v=RVtXo9qq96Q","1312","https://www.youtube.com/playlist?list=PLZeNWB9l7494","Classic Indian TV Serials"
"15","356:44:42","Bharat Ek Khoj","Bharat Ek Khoj — Bharat Ek Khoj | Episode-25 | Delhi Sultanate Part II, Prithviraj Raso (II) & Alauddin Khilji","https://www.youtube.com/watch?v=UECF6IE1MNc","2510","https://www.youtube.com/playlist?list=PLqtVCj5iilH4w0Y8KBB4fqBu25T0sGhXG","Prasar Bharati Archives"
"15","357:26:32","Swabhimaan","Swabhimaan — Swabhimaan | Episode 348 | Ashutosh Rana, Manoj Bajpayee | Classic Indian TV Serial","https://www.youtube.com/watch?v=HqSyJjqoKEI","1198","https://www.youtube.com/playlist?list=PLZeNWB9l7494","Classic Indian TV Serials"
"15","357:46:30","Vintage ads","Vintage ads — 1996: Kingfisher West Indies -  Oo La La La Le O","https://www.youtube.com/watch?v=vLxeNZcQDwA","63","https://www.youtube.com/playlist?list=PLycor1XF7S9HVMnWxndl27HgZJM5S8wRT","Guruprasad Gp"
"15","357:47:33","Swabhimaan","Swabhimaan — Swabhimaan | Episode 349 | Ashutosh Rana, Manoj Bajpayee | Classic Indian TV Serial","https://www.youtube.com/watch?v=nrdllwbC-PE","1060","https://www.youtube.com/playlist?list=PLZeNWB9l7494","Classic Indian TV Serials"
"15","358:05:13","Shri Krishna","Shri Krishna — Sri Krishna EP 96 - श्री कृष्ण और इंद्र देव का युद्ध | HQ WIDE SCREEN | English Subtitles","https://www.youtube.com/watch?v=x4KRJ3evl7E","2791","https://www.youtube.com/playlist?list=PLFPJRCFRDARR9IkjkVi6O9ue5DjKiKtkI","Tilak"
"15","358:51:44","Byomkesh Bakshi","Byomkesh Bakshi — Byomkesh Bakshi: Ep#14 - Aadim Shatru - Part II","https://www.youtube.com/watch?v=gKzHcph0lnI","2320","https://www.youtube.com/playlist?list=PLUiMfS6qzIMxiHu2N2Px1ISp5vxCm3PMo","Doordarshan National"
"15","359:30:24","Chandrakanta","Chandrakanta — Chandrakanta 1994 Episode 57 LONE WARRIOR","https://www.youtube.com/watch?v=lYRf4unADsA","1167","https://www.youtube.com/playlist?list=PLKfQh0u-9j2YaM54LNfASdQYllxsoU05a","lone warrior"
"15","359:49:51","Swabhimaan","Swabhimaan — Swabhimaan | Episode 350 | Ashutosh Rana, Manoj Bajpayee | Classic Indian TV Serial","https://www.youtube.com/watch?v=BKLNr-v1ByY","1344","https://www.youtube.com/playlist?list=PLZeNWB9l7494","Classic Indian TV Serials"
"16","360:12:15","Swabhimaan","Swabhimaan — Swabhimaan | Episode 351 | Ashutosh Rana, Manoj Bajpayee | Classic Indian TV Serial","https://www.youtube.com/watch?v=rVU-TYlNaeY","1275","https://www.youtube.com/playlist?list=PLZeNWB9l7494","Classic Indian TV Serials"
"16","360:33:30","The Sword of Tipu Sultan","The Sword of Tipu Sultan — Tipu Sultan | Full Episode 24 | Sanjay Khan, Dipika Chikhlia, Swapnil Joshi | Dangal TV Gathaa","https://www.youtube.com/watch?v=JVsjR5PwUqs","2562","https://www.youtube.com/playlist?list=PLL8R100698ndzARBsLB6Z8jYs_52cDJJ7","Dangal TV Replay"
"16","361:16:12","Swabhimaan","Swabhimaan — Swabhimaan | Episode 352 | Ashutosh Rana, Manoj Bajpayee | Classic Indian TV Serial","https://www.youtube.com/watch?v=i1g_AYiKsHA","1253","https://www.youtube.com/playlist?list=PLZeNWB9l7494","Classic Indian TV Serials"
"16","361:37:05","Shri Krishna","Shri Krishna — Sri Krishna EP 97 - सत्यभामा ने किया श्री कृष्ण का दान | HQ WIDE SCREEN | English Subtitles","https://www.youtube.com/watch?v=mIX_tWUwARY","2836","https://www.youtube.com/playlist?list=PLFPJRCFRDARR9IkjkVi6O9ue5DjKiKtkI","Tilak"
"16","362:24:21","Swabhimaan","Swabhimaan — Swabhimaan | Episode 353 | Ashutosh Rana, Manoj Bajpayee | Classic Indian TV Serial","https://www.youtube.com/watch?v=Y6d93mKHGYs","1198","https://www.youtube.com/playlist?list=PLZeNWB9l7494","Classic Indian TV Serials"
"16","362:44:19","Tehkikaat","Tehkikaat — Tehkikaat तहकीकात | Jealousi Turns Blood - Crime Serial | Ranjeet, Saurabh Shukla, Vijay A. | EP 21","https://www.youtube.com/watch?v=eLN11-0LRe8","1274","https://www.youtube.com/playlist?list=PLImQCagB5etA0FMEJ7yrWIUBCzxgOBikn","Raj Rishi Serials"
"16","363:05:33","Swabhimaan","Swabhimaan — Swabhimaan | Episode 354 | Ashutosh Rana, Manoj Bajpayee | Classic Indian TV Serial","https://www.youtube.com/watch?v=7hvnyZ6ao6Q","1212","https://www.youtube.com/playlist?list=PLZeNWB9l7494","Classic Indian TV Serials"
"16","363:25:45","Vintage ads","Vintage ads — 1987: Champs from Carona - Kids Shoes","https://www.youtube.com/watch?v=daS_veCD4Rs","32","https://www.youtube.com/playlist?list=PLycor1XF7S9HVMnWxndl27HgZJM5S8wRT","Guruprasad Gp"
"16","363:26:17","Swabhimaan","Swabhimaan — Swabhimaan | Episode 355 | Ashutosh Rana, Manoj Bajpayee | Classic Indian TV Serial","https://www.youtube.com/watch?v=CSywGvQhcmI","1282","https://www.youtube.com/playlist?list=PLZeNWB9l7494","Classic Indian TV Serials"
"16","363:47:39","Alif Laila","Alif Laila — जलपरियों को जिन्न्न से बचाने के लिया सिंदबाद सामने आया | Alif Laila Episode : 50 |अलिफ़ लैला की कहानी","https://www.youtube.com/watch?v=1WnFTUaSyxI","1334","https://www.youtube.com/playlist?list=PLqmdsOwstpJfOtjWGMFTGMruqQV7C5XoL","Sagar Pictures"
"16","364:09:53","Chandrakanta","Chandrakanta — Chandrakanta 1994 Episode 58 LONE WARRIOR","https://www.youtube.com/watch?v=76gr1fz9SE8","1167","https://www.youtube.com/playlist?list=PLKfQh0u-9j2YaM54LNfASdQYllxsoU05a","lone warrior"
"16","364:29:20","Swabhimaan","Swabhimaan — Swabhimaan | Episode 356 | Ashutosh Rana, Manoj Bajpayee | Classic Indian TV Serial","https://www.youtube.com/watch?v=G9n3pNwgLbg","1211","https://www.youtube.com/playlist?list=PLZeNWB9l7494","Classic Indian TV Serials"
"16","364:49:31","Shri Krishna","Shri Krishna — Sri Krishna EP 98 - सत्यभामा ने किया श्री कृष्ण का दान | HQ WIDE SCREEN | English Subtitles","https://www.youtube.com/watch?v=H4pxAw3Q3kU","2875","https://www.youtube.com/playlist?list=PLFPJRCFRDARR9IkjkVi6O9ue5DjKiKtkI","Tilak"
"16","365:37:26","Surabhi","Surabhi — Surabhi | सुरभि : Ep - 27","https://www.youtube.com/watch?v=pLcOMUtXsw8","1430","https://www.youtube.com/playlist?list=PLUiMfS6qzIMzE8lgWFaQ3qvVFCCONXALQ","Doordarshan National"
"16","366:01:16","Swabhimaan","Swabhimaan — Swabhimaan | Episode 357 | Ashutosh Rana, Manoj Bajpayee | Classic Indian TV Serial","https://www.youtube.com/watch?v=l5UkfgzMLJk","1325","https://www.youtube.com/playlist?list=PLZeNWB9l7494","Classic Indian TV Serials"
"16","366:23:21","Vintage ads","Vintage ads — 1991: Bajaj Sunny Zip","https://www.youtube.com/watch?v=rSdYbXCuhR4","48","https://www.youtube.com/playlist?list=PLycor1XF7S9HVMnWxndl27HgZJM5S8wRT","Guruprasad Gp"
"16","366:24:09","Udaan","Udaan — Udaan DD National serial episode 14 doordarshan  उड़ान डीडी नेशनल सीरियल दूरदर्शन","https://www.youtube.com/watch?v=QrRvvQ43YfY","1717","https://www.youtube.com/playlist?list=PLFSBneXK-Uv8l6Fs99d5HyhaMlW8q8tWk","Doordarshan Serial"
"16","366:52:46","Swabhimaan","Swabhimaan — Swabhimaan | Episode 358| Ashutosh Rana, Manoj Bajpayee | Classic Indian TV Serial","https://www.youtube.com/watch?v=DS_I4dgf9mY","1205","https://www.youtube.com/playlist?list=PLZeNWB9l7494","Classic Indian TV Serials"
"16","367:12:51","Dekh Bhai Dekh","Dekh Bhai Dekh — Dekh Bhai Dekh episode 25 part 1","https://www.youtube.com/watch?v=uMYl8LgU5Tc","451","https://www.youtube.com/playlist?list=UUYdB1nhxEAtjp-TLnv5utzg","LBEstudio"
"16","367:20:22","Dekh Bhai Dekh","Dekh Bhai Dekh — Dekh Bhai Dekh episode 25 part 2","https://www.youtube.com/watch?v=i01ZIHiq9C4","451","https://www.youtube.com/playlist?list=UUYdB1nhxEAtjp-TLnv5utzg","LBEstudio"
"16","367:27:53","Dekh Bhai Dekh","Dekh Bhai Dekh — Dekh Bhai Dekh episode 25 part 3","https://www.youtube.com/watch?v=AZf-3sLVd2k","464","https://www.youtube.com/playlist?list=UUYdB1nhxEAtjp-TLnv5utzg","LBEstudio"
"16","367:35:37","Swabhimaan","Swabhimaan — Swabhimaan | Episode 359 | Ashutosh Rana, Manoj Bajpayee | Classic Indian TV Serial","https://www.youtube.com/watch?v=pK0fFXRLcOY","1226","https://www.youtube.com/playlist?list=PLZeNWB9l7494","Classic Indian TV Serials"
"16","367:56:03","Hum Log","Hum Log — Hum Log | Episode 27 | India's First Hindi TV Serial | Ashok Kumar, Seema Bhargava, Vinod & Jayshri","https://www.youtube.com/watch?v=PjPoOhA-Nr8","1376","https://www.youtube.com/playlist?list=PLaNSOkABhCUE","Goldmines Movies"
"16","368:18:59","Chanakya","Chanakya — चाणक्य Official | Episode 23- Part -1 | Directed & Acted by Dr. Chandraprakash Dwivedi","https://www.youtube.com/watch?v=qtp2ApEh3vA","1278","https://www.youtube.com/playlist?list=PLY-qGtGftCjm1_tDxT2TsDAXXC2p-iutt","Chanakya_theofficial"
"16","368:40:17","Chanakya","Chanakya — चाणक्य Official | Episode 23- Part -2 | Directed & Acted by Dr. Chandraprakash Dwivedi","https://www.youtube.com/watch?v=X4YO5faS6qY","1376","https://www.youtube.com/playlist?list=PLY-qGtGftCjm1_tDxT2TsDAXXC2p-iutt","Chanakya_theofficial"
"16","369:03:13","The Great Maratha","The Great Maratha — The Great Maratha | Full Episode 19 | Irrfan Khan, Pankaj Dheer | Dangal TV Gathaa","https://www.youtube.com/watch?v=wsRFCSRGcpQ","2662","https://www.youtube.com/playlist?list=PLL8R100698nc9lYCs25j4FrcGDyqdtq_B","Dangal TV Replay"
"16","369:47:35","Shri Krishna","Shri Krishna — Sri Krishna EP 99 - श्री कृष्ण के परम भक्त सुदामा की कथा | HQ WIDE SCREEN | English Subtitles","https://www.youtube.com/watch?v=S8fn-1-iQV8","2893","https://www.youtube.com/playlist?list=PLFPJRCFRDARR9IkjkVi6O9ue5DjKiKtkI","Tilak"
"16","370:35:48","Bharat Ek Khoj","Bharat Ek Khoj — Bharat Ek Khoj | Episode-26 | Delhi Sultanate, Part III, Padmavat & The Tughlak Dynasty","https://www.youtube.com/watch?v=J8gb843kXZs","2731","https://www.youtube.com/playlist?list=PLqtVCj5iilH4w0Y8KBB4fqBu25T0sGhXG","Prasar Bharati Archives"
"16","371:21:19","Swabhimaan","Swabhimaan — Swabhimaan | Episode 360 | Ashutosh Rana, Manoj Bajpayee | Classic Indian TV Serial","https://www.youtube.com/watch?v=HPhu5_67VsY","1240","https://www.youtube.com/playlist?list=PLZeNWB9l7494","Classic Indian TV Serials"
"16","371:41:59","Swabhimaan","Swabhimaan — Swabhimaan | Episode 361 | Ashutosh Rana, Manoj Bajpayee | Classic Indian TV Serial","https://www.youtube.com/watch?v=iZlHzlirXZE","1308","https://www.youtube.com/playlist?list=PLZeNWB9l7494","Classic Indian TV Serials"
"16","372:03:47","Vintage ads","Vintage ads — 1992: Novino Gold Batteries","https://www.youtube.com/watch?v=k61F1JZhYho","32","https://www.youtube.com/playlist?list=PLycor1XF7S9HVMnWxndl27HgZJM5S8wRT","Guruprasad Gp"
"16","372:04:19","Chandrakanta","Chandrakanta — Chandrakanta 1994 Episode 59 LONE WARRIOR","https://www.youtube.com/watch?v=GpGW0ifpRAI","1090","https://www.youtube.com/playlist?list=PLKfQh0u-9j2YaM54LNfASdQYllxsoU05a","lone warrior"
"16","372:22:29","Malgudi Days","Malgudi Days — Malgudi Days (Hindi) - मालगुडी डेज़ (हिंदी) - The Vendor of Sweets - Part 1 - मिठाईवाला","https://www.youtube.com/watch?v=wNEj_s3uaGk","1255","https://www.youtube.com/playlist?list=PLIhvrpwTgKyrXD3jx9PSxMaP7_j53RmXS","Ultra TV Series"
"16","372:43:24","Swabhimaan","Swabhimaan — Swabhimaan | Episode 362 | Ashutosh Rana, Manoj Bajpayee | Classic Indian TV Serial","https://www.youtube.com/watch?v=mfuMhhYYURI","1199","https://www.youtube.com/playlist?list=PLZeNWB9l7494","Classic Indian TV Serials"
"16","373:03:23","Swabhimaan","Swabhimaan — Swabhimaan | Episode 363 | Ashutosh Rana, Manoj Bajpayee | Classic Indian TV Serial","https://www.youtube.com/watch?v=rBElYTtxqBg","1235","https://www.youtube.com/playlist?list=PLZeNWB9l7494","Classic Indian TV Serials"
"16","373:23:58","Shri Krishna","Shri Krishna — Sri Krishna EP 100 - सुदामा और श्री कृष्ण की मित्रता | HQ WIDE SCREEN | English Subtitles","https://www.youtube.com/watch?v=LaPhDKamRY8","2785","https://www.youtube.com/playlist?list=PLFPJRCFRDARR9IkjkVi6O9ue5DjKiKtkI","Tilak"
"16","374:10:23","Swabhimaan","Swabhimaan — Swabhimaan | Episode 364 | Ashutosh Rana, Manoj Bajpayee | Classic Indian TV Serial","https://www.youtube.com/watch?v=Gly_5TQZ4AE","1182","https://www.youtube.com/playlist?list=PLZeNWB9l7494","Classic Indian TV Serials"
"16","374:30:05","Vintage ads","Vintage ads — 1985: Woodwards Gripe Water","https://www.youtube.com/watch?v=HOGGy2zskKk","33","https://www.youtube.com/playlist?list=PLycor1XF7S9HVMnWxndl27HgZJM5S8wRT","Guruprasad Gp"
"16","374:30:38","Alif Laila","Alif Laila — तलवार ऐ सुलेमानी ने सिंदबाद को कैसे जिताया Episode :51 | Alif Laila Superhit Serial | अलिफ़ लैला","https://www.youtube.com/watch?v=aV9GWfapIRo","1295","https://www.youtube.com/playlist?list=PLqmdsOwstpJfOtjWGMFTGMruqQV7C5XoL","Sagar Pictures"
"16","374:52:13","Swabhimaan","Swabhimaan — Swabhimaan | Episode 365 | Ashutosh Rana, Manoj Bajpayee | Classic Indian TV Serial","https://www.youtube.com/watch?v=NzlyGCt9d08","1154","https://www.youtube.com/playlist?list=PLZeNWB9l7494","Classic Indian TV Serials"
"16","375:11:27","Swabhimaan","Swabhimaan — Swabhimaan | Episode 366 | Ashutosh Rana, Manoj Bajpayee | Classic Indian TV Serial","https://www.youtube.com/watch?v=UBQ7XPSmN2g","1207","https://www.youtube.com/playlist?list=PLZeNWB9l7494","Classic Indian TV Serials"
"16","375:31:34","Nukkad","Nukkad — Nukkad   Episode #12   Robber at Nukkad   Best TV Show","https://www.youtube.com/watch?v=xJSZ3--9ku0","1320","https://www.youtube.com/playlist?list=PLDXzvDkBVqqSGYLZPlZQfl_Vn-JmuiTDN","movie clips"
"16","375:53:34","The Sword of Tipu Sultan","The Sword of Tipu Sultan — Tipu Sultan | Full Episode 25 | Sanjay Khan, Dipika Chikhlia, Swapnil Joshi | Dangal TV Gathaa","https://www.youtube.com/watch?v=JNmDwGt4Gqk","2377","https://www.youtube.com/playlist?list=PLL8R100698ndzARBsLB6Z8jYs_52cDJJ7","Dangal TV Replay"
"16","376:33:11","Shri Krishna","Shri Krishna — Sri Krishna EP 101 -  सुदामा और चक्रधर पहुँचे राजा के दरबार | HQ WIDE SCREEN | English Subtitles","https://www.youtube.com/watch?v=maruTg3jd_A","2829","https://www.youtube.com/playlist?list=PLFPJRCFRDARR9IkjkVi6O9ue5DjKiKtkI","Tilak"
"16","377:20:20","Swabhimaan","Swabhimaan — Swabhimaan | Episode 367 | Ashutosh Rana, Manoj Bajpayee | Classic Indian TV Serial","https://www.youtube.com/watch?v=KURD-vAGKaE","1259","https://www.youtube.com/playlist?list=PLZeNWB9l7494","Classic Indian TV Serials"
"16","377:41:19","Chandrakanta","Chandrakanta — Chandrakanta 1994 Episode 60","https://www.youtube.com/watch?v=IQUSAjU4atM","1187","https://www.youtube.com/playlist?list=PLKfQh0u-9j2YaM54LNfASdQYllxsoU05a","lone warrior"
"16","378:01:06","Vintage ads","Vintage ads — 1985: Surf - Lalitaji","https://www.youtube.com/watch?v=Xv_jsTWB-W0","55","https://www.youtube.com/playlist?list=PLycor1XF7S9HVMnWxndl27HgZJM5S8wRT","Guruprasad Gp"
"16","378:02:01","Swabhimaan","Swabhimaan — Swabhimaan | Episode 368 | Ashutosh Rana, Manoj Bajpayee | Classic Indian TV Serial","https://www.youtube.com/watch?v=RUfzBg_OVq4","1278","https://www.youtube.com/playlist?list=PLZeNWB9l7494","Classic Indian TV Serials"
"16","378:23:19","Tehkikaat","Tehkikaat — Tehkikaat तहकीकात | Jealousi Turns Blood - Crime Serial | Ranjeet, Saurabh Shukla, Vijay A. | EP 22","https://www.youtube.com/watch?v=iWN9snCqYkA","1395","https://www.youtube.com/playlist?list=PLImQCagB5etA0FMEJ7yrWIUBCzxgOBikn","Raj Rishi Serials"
"16","378:46:34","Swabhimaan","Swabhimaan — Swabhimaan | Episode 369 | Ashutosh Rana, Manoj Bajpayee | Classic Indian TV Serial","https://www.youtube.com/watch?v=_wQ7rpV4EKg","1274","https://www.youtube.com/playlist?list=PLZeNWB9l7494","Classic Indian TV Serials"
"16","379:07:48","Surabhi","Surabhi — Surabhi | सुरभि : Ep - 28","https://www.youtube.com/watch?v=3rat4RSNlxM","1444","https://www.youtube.com/playlist?list=PLUiMfS6qzIMzE8lgWFaQ3qvVFCCONXALQ","Doordarshan National"
"16","379:31:52","Swabhimaan","Swabhimaan — Swabhimaan | Episode 370 | Ashutosh Rana, Manoj Bajpayee | Classic Indian TV Serial","https://www.youtube.com/watch?v=mcz9-POS-RY","1218","https://www.youtube.com/playlist?list=PLZeNWB9l7494","Classic Indian TV Serials"
"16","379:52:10","Shri Krishna","Shri Krishna — Sri Krishna EP 102 - सुदामा चला श्री कृष्ण से मिलने | HQ WIDE SCREEN | English Subtitles","https://www.youtube.com/watch?v=dto8ve-lIN4","2834","https://www.youtube.com/playlist?list=PLFPJRCFRDARR9IkjkVi6O9ue5DjKiKtkI","Tilak"
"16","380:39:24","Swabhimaan","Swabhimaan — Swabhimaan | Episode 371 | Ashutosh Rana, Manoj Bajpayee | Classic Indian TV Serial","https://www.youtube.com/watch?v=ArjFyLaV0nw","1169","https://www.youtube.com/playlist?list=PLZeNWB9l7494","Classic Indian TV Serials"
"16","380:58:53","Fauji","Fauji — Fauji Episode 7 | Shah Rukh Khan's Television Debut (1989) | SRK's First-Ever TV Serial Appearance","https://www.youtube.com/watch?v=2sN39X3sE8k","1460","https://www.youtube.com/playlist?list=PLYqSow41YJ2I","Goldmines Bollywood"
"16","381:23:13","Byomkesh Bakshi","Byomkesh Bakshi — Byomkesh Bakshi: Ep# 15  - Aag aur Patanga","https://www.youtube.com/watch?v=Lce6PEGDWA0","2468","https://www.youtube.com/playlist?list=PLUiMfS6qzIMxiHu2N2Px1ISp5vxCm3PMo","Doordarshan National"
"16","382:04:21","Vintage ads","Vintage ads — 1988: Kawasaki Bajaj KB-100 RTZ","https://www.youtube.com/watch?v=OZnzhEQhB2w","33","https://www.youtube.com/playlist?list=PLycor1XF7S9HVMnWxndl27HgZJM5S8wRT","Guruprasad Gp"
"16","382:04:54","Swabhimaan","Swabhimaan — Swabhimaan | Episode 372 | Ashutosh Rana, Manoj Bajpayee | Classic Indian TV Serial","https://www.youtube.com/watch?v=DxqfrlmAIv0","1283","https://www.youtube.com/playlist?list=PLZeNWB9l7494","Classic Indian TV Serials"
"16","382:26:17","Dekh Bhai Dekh","Dekh Bhai Dekh — Dekh Bhai Dekh episode 26 part 1","https://www.youtube.com/watch?v=UvMQV_CxFrQ","451","https://www.youtube.com/playlist?list=UUYdB1nhxEAtjp-TLnv5utzg","LBEstudio"
"16","382:33:48","Dekh Bhai Dekh","Dekh Bhai Dekh — Dekh Bhai Dekh episode 26 part 2","https://www.youtube.com/watch?v=5uZw9wliRZ8","451","https://www.youtube.com/playlist?list=UUYdB1nhxEAtjp-TLnv5utzg","LBEstudio"
"16","382:41:19","Dekh Bhai Dekh","Dekh Bhai Dekh — Dekh Bhai Dekh episode 26 part 3","https://www.youtube.com/watch?v=OvjUsp82WWM","455","https://www.youtube.com/playlist?list=UUYdB1nhxEAtjp-TLnv5utzg","LBEstudio"
"16","382:48:54","Hum Log","Hum Log — Hum Log | Episode 28 | India's First Hindi TV Serial | Ashok Kumar, Seema Bhargava, Vinod & Jayshri","https://www.youtube.com/watch?v=jxxMPL5xd-g","1252","https://www.youtube.com/playlist?list=PLaNSOkABhCUE","Goldmines Movies"
"16","383:09:46","Bharat Ek Khoj","Bharat Ek Khoj — Bharat Ek Khoj | Episode-27 | Synthesis","https://www.youtube.com/watch?v=J7iDXwIHpGo","3559","https://www.youtube.com/playlist?list=PLqtVCj5iilH4w0Y8KBB4fqBu25T0sGhXG","Prasar Bharati Archives"
"17","384:09:05","Chandrakanta","Chandrakanta — Chandrakanta 1994 Episode 61","https://www.youtube.com/watch?v=5s8PxQb1xAQ","1187","https://www.youtube.com/playlist?list=PLKfQh0u-9j2YaM54LNfASdQYllxsoU05a","lone warrior"
"17","384:28:52","Alif Laila","Alif Laila — अलिफ़ लैला की कहानी सुनो हमारी ज़ुबानी Episode 52 | Alif Laila | Superhit Serial |अलिफ़ लैला की कहानी","https://www.youtube.com/watch?v=HLGv2_iVpMI","1288","https://www.youtube.com/playlist?list=PLqmdsOwstpJfOtjWGMFTGMruqQV7C5XoL","Sagar Pictures"
"17","384:50:20","Swabhimaan","Swabhimaan — Swabhimaan | Episode 373 | Ashutosh Rana, Manoj Bajpayee | Classic Indian TV Serial","https://www.youtube.com/watch?v=GugHUCtOpSE","1243","https://www.youtube.com/playlist?list=PLZeNWB9l7494","Classic Indian TV Serials"
"17","385:11:03","Chanakya","Chanakya — चाणक्य Official | Episode 24- Part -1 | Directed & Acted by Dr. Chandraprakash Dwivedi","https://www.youtube.com/watch?v=GmEe2ynd1Pg","1377","https://www.youtube.com/playlist?list=PLY-qGtGftCjm1_tDxT2TsDAXXC2p-iutt","Chanakya_theofficial"
"17","385:34:00","Chanakya","Chanakya — चाणक्य Official | Episode 24- Part -2 | Directed & Acted by Dr. Chandraprakash Dwivedi","https://www.youtube.com/watch?v=QlmAU89I5uY","1462","https://www.youtube.com/playlist?list=PLY-qGtGftCjm1_tDxT2TsDAXXC2p-iutt","Chanakya_theofficial"
"17","385:58:22","Swabhimaan","Swabhimaan — Swabhimaan | Episode 374 | Ashutosh Rana, Manoj Bajpayee | Classic Indian TV Serial","https://www.youtube.com/watch?v=WBEQ5t7MBls","1207","https://www.youtube.com/playlist?list=PLZeNWB9l7494","Classic Indian TV Serials"
"17","386:18:29","Shri Krishna","Shri Krishna — Sri Krishna EP 103 - सुदामा के लिए श्री कृष्ण बने मुरली मनोहर | HQ WIDE SCREEN | English Subtitles","https://www.youtube.com/watch?v=J1IVboDUdZ8","2819","https://www.youtube.com/playlist?list=PLFPJRCFRDARR9IkjkVi6O9ue5DjKiKtkI","Tilak"
"17","387:05:28","Om Namah Shivay","Om Namah Shivay — हिरण्यकश्यप प्रह्लाद को चट्टान से नीचे फेंकने का आदेश देता है। Om Namah Shivay TV Serial | Ep 153","https://www.youtube.com/watch?v=l9YciZ6Wl7U","1351","https://www.youtube.com/playlist?list=PL5A5QJkW7MkuEgaSMSlkmc51V_jBHv6fO","Saregama Bhakti"
"17","387:27:59","Vintage ads","Vintage ads — 1985: Bombay Dyeing - Dressed to Kill","https://www.youtube.com/watch?v=ULhqoS96-nk","93","https://www.youtube.com/playlist?list=PLycor1XF7S9HVMnWxndl27HgZJM5S8wRT","Guruprasad Gp"
"17","387:29:32","Swabhimaan","Swabhimaan — Swabhimaan | Episode 375 | Ashutosh Rana, Manoj Bajpayee | Classic Indian TV Serial","https://www.youtube.com/watch?v=irynLZnO2kE","1217","https://www.youtube.com/playlist?list=PLZeNWB9l7494","Classic Indian TV Serials"
"17","387:49:49","Vikram Aur Betaal","Vikram Aur Betaal — रामानंद सागर कृत विक्रम और बेताल भाग 13 - बेताल ने सुनाई राजा रुपदत्त और राक्षस की काहनी","https://www.youtube.com/watch?v=vc63a1isbng","1391","https://www.youtube.com/playlist?list=PL-eaGjSO6F70C3-LkA3kEqAIHkdDLhI6Q","Tilak Kathayein"
"17","388:13:00","Swabhimaan","Swabhimaan — Swabhimaan | Episode 376 | Ashutosh Rana, Manoj Bajpayee | Classic Indian TV Serial","https://www.youtube.com/watch?v=mp9I7hMb5VM","1168","https://www.youtube.com/playlist?list=PLZeNWB9l7494","Classic Indian TV Serials"
"17","388:32:28","Swabhimaan","Swabhimaan — Swabhimaan | Episode 377 | Ashutosh Rana, Manoj Bajpayee | Classic Indian TV Serial","https://www.youtube.com/watch?v=zp6daflOR0I","1151","https://www.youtube.com/playlist?list=PLZeNWB9l7494","Classic Indian TV Serials"
"17","388:51:39","Shri Krishna","Shri Krishna — Sri Krishna EP 104 - श्री कृष्ण ने की सुदामा की सेवा | HQ WIDE SCREEN | English Subtitles","https://www.youtube.com/watch?v=Wi_JUzTKLvc","2781","https://www.youtube.com/playlist?list=PLFPJRCFRDARR9IkjkVi6O9ue5DjKiKtkI","Tilak"
"17","389:38:00","The Great Maratha","The Great Maratha — The Great Maratha | Full Episode 20 | Irrfan Khan, Pankaj Dheer | Dangal TV Gathaa","https://www.youtube.com/watch?v=WljJJaFE03E","2542","https://www.youtube.com/playlist?list=PLL8R100698nc9lYCs25j4FrcGDyqdtq_B","Dangal TV Replay"
"17","390:20:22","Swabhimaan","Swabhimaan — Swabhimaan | Episode 378 | Ashutosh Rana, Manoj Bajpayee | Classic Indian TV Serial","https://www.youtube.com/watch?v=ZIZiGbxD73s","1198","https://www.youtube.com/playlist?list=PLZeNWB9l7494","Classic Indian TV Serials"
"17","390:40:20","Swabhimaan","Swabhimaan — Swabhimaan | Episode 379 | Ashutosh Rana, Manoj Bajpayee | Classic Indian TV Serial","https://www.youtube.com/watch?v=nMxCSyUt2Ic","1139","https://www.youtube.com/playlist?list=PLZeNWB9l7494","Classic Indian TV Serials"
"17","390:59:19","Chandrakanta","Chandrakanta — Chandrakanta 1994 Episode 62","https://www.youtube.com/watch?v=ZrGXNOufF_4","1187","https://www.youtube.com/playlist?list=PLKfQh0u-9j2YaM54LNfASdQYllxsoU05a","lone warrior"
"17","391:19:06","The Sword of Tipu Sultan","The Sword of Tipu Sultan — Tipu Sultan | Full Episode 26 | Sanjay Khan, Dipika Chikhlia, Swapnil Joshi | Dangal TV Gathaa","https://www.youtube.com/watch?v=YQCjBfpv5ck","2581","https://www.youtube.com/playlist?list=PLL8R100698ndzARBsLB6Z8jYs_52cDJJ7","Dangal TV Replay"
"17","392:02:07","Swabhimaan","Swabhimaan — Swabhimaan | Episode 380 | Ashutosh Rana, Manoj Bajpayee | Classic Indian TV Serial","https://www.youtube.com/watch?v=f0fZCtKchlM","1270","https://www.youtube.com/playlist?list=PLZeNWB9l7494","Classic Indian TV Serials"
"17","392:23:17","Swabhimaan","Swabhimaan — Swabhimaan | Episode 381 | Ashutosh Rana, Manoj Bajpayee | Classic Indian TV Serial","https://www.youtube.com/watch?v=BAIC2B2gZ9c","1255","https://www.youtube.com/playlist?list=PLZeNWB9l7494","Classic Indian TV Serials"
"17","392:44:12","Shri Krishna","Shri Krishna — Sri Krishna EP 105  - सुदामा पहुँच श्री कृष्ण की द्वारिका | HQ WIDE SCREEN | English Subtitles","https://www.youtube.com/watch?v=1EVYk2Xwt1U","2811","https://www.youtube.com/playlist?list=PLFPJRCFRDARR9IkjkVi6O9ue5DjKiKtkI","Tilak"
"17","393:31:03","Alif Laila","Alif Laila — सिंदबाद को जादूगर और जादूगरनी ने कैसे फसाया Episode 53 | Alif Laila Sagar Picture | अलिफ़ लैला","https://www.youtube.com/watch?v=ycnbsbkaS1E","1255","https://www.youtube.com/playlist?list=PLqmdsOwstpJfOtjWGMFTGMruqQV7C5XoL","Sagar Pictures"
"17","393:51:58","Swabhimaan","Swabhimaan — Swabhimaan | Episode 382 | Ashutosh Rana, Manoj Bajpayee | Classic Indian TV Serial","https://www.youtube.com/watch?v=ofK42DIz8zM","1182","https://www.youtube.com/playlist?list=PLZeNWB9l7494","Classic Indian TV Serials"
"17","394:11:40","Surabhi","Surabhi — Surabhi | सुरभि  : Ep - 29","https://www.youtube.com/watch?v=yJhJJDT1AYQ","1411","https://www.youtube.com/playlist?list=PLUiMfS6qzIMzE8lgWFaQ3qvVFCCONXALQ","Doordarshan National"
"17","394:35:11","Swabhimaan","Swabhimaan — Swabhimaan | Episode 383 | Ashutosh Rana, Manoj Bajpayee | Classic Indian TV Serial","https://www.youtube.com/watch?v=CoBDViQXFSU","1242","https://www.youtube.com/playlist?list=PLZeNWB9l7494","Classic Indian TV Serials"
"17","394:55:53","Vintage ads","Vintage ads — 1997: Dinesh Suiting - Lion in Restaurant","https://www.youtube.com/watch?v=qm_YPinscqk","32","https://www.youtube.com/playlist?list=PLycor1XF7S9HVMnWxndl27HgZJM5S8wRT","Guruprasad Gp"
"17","394:56:25","Circus","Circus — Shahrukh Khan starrer Circus - Ep #10","https://www.youtube.com/watch?v=vqk_CSEa0_0","1495","https://www.youtube.com/playlist?list=PLUiMfS6qzIMzAqteEcp055VDYpgZDbeyT","Doordarshan National"
"17","395:21:20","Swabhimaan","Swabhimaan — Swabhimaan | Episode 384 | Ashutosh Rana, Manoj Bajpayee | Classic Indian TV Serial","https://www.youtube.com/watch?v=H8TgL9ujthU","1236","https://www.youtube.com/playlist?list=PLZeNWB9l7494","Classic Indian TV Serials"
"17","395:41:56","Hum Log","Hum Log — Hum Log | Episode 29 | India's First Hindi TV Serial | Ashok Kumar, Seema Bhargava, Vinod & Jayshri","https://www.youtube.com/watch?v=5iRcbMXXM0c","1348","https://www.youtube.com/playlist?list=PLaNSOkABhCUE","Goldmines Movies"
"17","396:04:24","Shri Krishna","Shri Krishna — Sri Krishna EP 106 - श्री कृष्ण सुदामा मिलन | HQ WIDE SCREEN | English Subtitles","https://www.youtube.com/watch?v=JjZ2ey7R4GQ","2864","https://www.youtube.com/playlist?list=PLFPJRCFRDARR9IkjkVi6O9ue5DjKiKtkI","Tilak"
"17","396:52:08","Swabhimaan","Swabhimaan — Swabhimaan | Episode 385 | Ashutosh Rana, Manoj Bajpayee | Classic Indian TV Serial","https://www.youtube.com/watch?v=hX9wP5cXYPU","1401","https://www.youtube.com/playlist?list=PLZeNWB9l7494","Classic Indian TV Serials"
"17","397:15:29","Chandrakanta","Chandrakanta — Chandrakanta 1994 Episode 63 LONE WARRIOR","https://www.youtube.com/watch?v=WjHff8X8dcE","1187","https://www.youtube.com/playlist?list=PLKfQh0u-9j2YaM54LNfASdQYllxsoU05a","lone warrior"
"17","397:35:16","Vintage ads","Vintage ads — 1998: London Pilsner","https://www.youtube.com/watch?v=OCHBjEjaYRo","31","https://www.youtube.com/playlist?list=PLycor1XF7S9HVMnWxndl27HgZJM5S8wRT","Guruprasad Gp"
"17","397:35:47","Tehkikaat","Tehkikaat — Tehkikaat तहकीकात | Jealousi Turns Blood - Crime Serial | Ranjeet, Saurabh Shukla, Vijay A. | EP 23","https://www.youtube.com/watch?v=ldoSybtth2Y","1351","https://www.youtube.com/playlist?list=PLImQCagB5etA0FMEJ7yrWIUBCzxgOBikn","Raj Rishi Serials"
"17","397:58:18","Swabhimaan","Swabhimaan — Swabhimaan | Episode 386 | Ashutosh Rana, Manoj Bajpayee | Classic Indian TV Serial","https://www.youtube.com/watch?v=gh1jNxjvoHk","995","https://www.youtube.com/playlist?list=PLZeNWB9l7494","Classic Indian TV Serials"
"17","398:14:53","Dekh Bhai Dekh","Dekh Bhai Dekh — Dekh Bhai Dekh episode 27 part 1","https://www.youtube.com/watch?v=-c2JKLi4FJc","451","https://www.youtube.com/playlist?list=UUYdB1nhxEAtjp-TLnv5utzg","LBEstudio"
"17","398:22:24","Dekh Bhai Dekh","Dekh Bhai Dekh — Dekh Bhai Dekh episode 27 part 2","https://www.youtube.com/watch?v=W_6YR2HtRss","451","https://www.youtube.com/playlist?list=UUYdB1nhxEAtjp-TLnv5utzg","LBEstudio"
"17","398:29:55","Dekh Bhai Dekh","Dekh Bhai Dekh — Dekh Bhai Dekh episode 27 part 3","https://www.youtube.com/watch?v=XTKsicrffc8","462","https://www.youtube.com/playlist?list=UUYdB1nhxEAtjp-TLnv5utzg","LBEstudio"
"17","398:37:37","Swabhimaan","Swabhimaan — Swabhimaan | Episode 387 | Ashutosh Rana, Manoj Bajpayee | Classic Indian TV Serial","https://www.youtube.com/watch?v=VVHJEh9KkYM","1003","https://www.youtube.com/playlist?list=PLZeNWB9l7494","Classic Indian TV Serials"
"17","398:54:20","Swabhimaan","Swabhimaan — Swabhimaan | Episode 388 | Ashutosh Rana, Manoj Bajpayee | Classic Indian TV Serial","https://www.youtube.com/watch?v=RummQlyiCMI","1160","https://www.youtube.com/playlist?list=PLZeNWB9l7494","Classic Indian TV Serials"
"17","399:13:40","Shri Krishna","Shri Krishna — Sri Krishna EP 107  - श्री कृष्ण ने खाए सुदामा के कनदमूल | HQ WIDE SCREEN | English Subtitles","https://www.youtube.com/watch?v=zuWb4e6oJY0","2836","https://www.youtube.com/playlist?list=PLFPJRCFRDARR9IkjkVi6O9ue5DjKiKtkI","Tilak"
"17","400:00:56","Vintage ads","Vintage ads — Hero Honda Splendor","https://www.youtube.com/watch?v=mH5y-xEsfS0","31","https://www.youtube.com/playlist?list=PLycor1XF7S9HVMnWxndl27HgZJM5S8wRT","Guruprasad Gp"
"17","400:01:27","Swabhimaan","Swabhimaan — Swabhimaan | Episode 389 | Ashutosh Rana, Manoj Bajpayee | Classic Indian TV Serial","https://www.youtube.com/watch?v=aw9BOnZkK1A","1055","https://www.youtube.com/playlist?list=PLZeNWB9l7494","Classic Indian TV Serials"
"17","400:19:02","Swabhimaan","Swabhimaan — Swabhimaan | Episode 390 | Ashutosh Rana, Manoj Bajpayee | Classic Indian TV Serial","https://www.youtube.com/watch?v=I6n6pAJ-9mo","1289","https://www.youtube.com/playlist?list=PLZeNWB9l7494","Classic Indian TV Serials"
"17","400:40:31","Chanakya","Chanakya — चाणक्य Official | Episode 25- Part -1 | Directed & Acted by Dr. Chandraprakash Dwivedi","https://www.youtube.com/watch?v=rtSes7eUKkc","1431","https://www.youtube.com/playlist?list=PLY-qGtGftCjm1_tDxT2TsDAXXC2p-iutt","Chanakya_theofficial"
"17","401:04:22","Chanakya","Chanakya — चाणक्य Official | Episode 25- Part -2 | Directed & Acted by Dr. Chandraprakash Dwivedi","https://www.youtube.com/watch?v=lxfUbFyHJs8","1484","https://www.youtube.com/playlist?list=PLY-qGtGftCjm1_tDxT2TsDAXXC2p-iutt","Chanakya_theofficial"
"17","401:29:06","Bharat Ek Khoj","Bharat Ek Khoj — Bharat Ek Khoj | Episode-28 | The Vijayanagar Empire","https://www.youtube.com/watch?v=t_4Cx90m2_4","3553","https://www.youtube.com/playlist?list=PLqtVCj5iilH4w0Y8KBB4fqBu25T0sGhXG","Prasar Bharati Archives"
"17","402:28:19","Alif Laila","Alif Laila — शैतान को खुश करने के लिए जादूगर ने चली ऐसी चाल Episode 54 | Alif Laila Superhit Serial | अलिफ़ लैला","https://www.youtube.com/watch?v=eOeHng2kPlc","1240","https://www.youtube.com/playlist?list=PLqmdsOwstpJfOtjWGMFTGMruqQV7C5XoL","Sagar Pictures"
"17","402:48:59","Junoon","Junoon — 30 साल पुराना दर्द  | Junoon Episode 244 | Punit Issar","https://www.youtube.com/watch?v=5j_ziLb761U","1247","https://www.youtube.com/playlist?list=PLrkDcuaB2OX_ZuAo48tg5pEa2BjdoM8Y2","Cinevista Entertainment"
"17","403:09:46","Swabhimaan","Swabhimaan — Swabhimaan | Episode 391 | Ashutosh Rana, Manoj Bajpayee | Classic Indian TV Serial","https://www.youtube.com/watch?v=_Ko8up7LPoI","1283","https://www.youtube.com/playlist?list=PLZeNWB9l7494","Classic Indian TV Serials"
"17","403:31:09","Chandrakanta","Chandrakanta — Chandrakanta 1994 Episode 64","https://www.youtube.com/watch?v=j70kEg34YtQ","1128","https://www.youtube.com/playlist?list=PLKfQh0u-9j2YaM54LNfASdQYllxsoU05a","lone warrior"
"17","403:49:57","Vintage ads","Vintage ads — Hero Honda ""We Care"" initiative","https://www.youtube.com/watch?v=RdBp4JEiCcg","15","https://www.youtube.com/playlist?list=PLycor1XF7S9HVMnWxndl27HgZJM5S8wRT","Guruprasad Gp"
"17","403:50:12","Swabhimaan","Swabhimaan — Swabhimaan | Episode 392 | Ashutosh Rana, Manoj Bajpayee | Classic Indian TV Serial","https://www.youtube.com/watch?v=2hhuSdv7lAw","1205","https://www.youtube.com/playlist?list=PLZeNWB9l7494","Classic Indian TV Serials"
"17","404:10:17","Shri Krishna","Shri Krishna — Sri Krishna EP 108 - वसुंधरा को मिला लक्ष्मी माता वरदान | HQ WIDE SCREEN | English Subtitles","https://www.youtube.com/watch?v=MXkkDRsc01o","2855","https://www.youtube.com/playlist?list=PLFPJRCFRDARR9IkjkVi6O9ue5DjKiKtkI","Tilak"
"17","404:57:52","Swabhimaan","Swabhimaan — Swabhimaan | Episode 393 | Ashutosh Rana, Manoj Bajpayee | Classic Indian TV Serial","https://www.youtube.com/watch?v=gHl9xzObag8","1339","https://www.youtube.com/playlist?list=PLZeNWB9l7494","Classic Indian TV Serials"
"17","405:20:11","Vintage ads","Vintage ads — Hero Honda CBZ commercial 3","https://www.youtube.com/watch?v=qkKSTM4GnM8","30","https://www.youtube.com/playlist?list=PLycor1XF7S9HVMnWxndl27HgZJM5S8wRT","Guruprasad Gp"
"17","405:20:41","Swabhimaan","Swabhimaan — Swabhimaan | Episode 394 | Ashutosh Rana, Manoj Bajpayee | Classic Indian TV Serial","https://www.youtube.com/watch?v=wF8jRE0LtVQ","1205","https://www.youtube.com/playlist?list=PLZeNWB9l7494","Classic Indian TV Serials"
"17","405:40:46","Swabhimaan","Swabhimaan — Swabhimaan | Episode 395 | Ashutosh Rana, Manoj Bajpayee | Classic Indian TV Serial","https://www.youtube.com/watch?v=jLQ0XOSHqbo","1211","https://www.youtube.com/playlist?list=PLZeNWB9l7494","Classic Indian TV Serials"
"17","406:00:57","The Sword of Tipu Sultan","The Sword of Tipu Sultan — Tipu Sultan | Full Episode 27 | Sanjay Khan, Dipika Chikhlia, Swapnil Joshi | Dangal TV Gathaa","https://www.youtube.com/watch?v=K_opD9EvPtE","2535","https://www.youtube.com/playlist?list=PLL8R100698ndzARBsLB6Z8jYs_52cDJJ7","Dangal TV Replay"
"17","406:43:12","Surabhi","Surabhi — Surabhi | सुरभि  : Ep - 30","https://www.youtube.com/watch?v=hVqxrG-WJDQ","1452","https://www.youtube.com/playlist?list=PLUiMfS6qzIMzE8lgWFaQ3qvVFCCONXALQ","Doordarshan National"
"17","407:07:24","Byomkesh Bakshi","Byomkesh Bakshi — Byomkesh Bakshi: Ep#16  Vansh Ka Khoon","https://www.youtube.com/watch?v=GrVT_ynauHw","2444","https://www.youtube.com/playlist?list=PLUiMfS6qzIMxiHu2N2Px1ISp5vxCm3PMo","Doordarshan National"
"17","407:48:08","Vintage ads","Vintage ads — Hero Honda CBZ commercial 2","https://www.youtube.com/watch?v=gMuZCe6W3jw","58","https://www.youtube.com/playlist?list=PLycor1XF7S9HVMnWxndl27HgZJM5S8wRT","Guruprasad Gp"
"17","407:49:06","Shri Krishna","Shri Krishna — Sri Krishna EP 109 - सुदामा की अपने गाँव में वापसी | HQ WIDE SCREEN | English Subtitles","https://www.youtube.com/watch?v=0dFyt9DzVLg","2885","https://www.youtube.com/playlist?list=PLFPJRCFRDARR9IkjkVi6O9ue5DjKiKtkI","Tilak"
"18","408:37:11","Swabhimaan","Swabhimaan — Swabhimaan | Episode 396 | Ashutosh Rana, Manoj Bajpayee | Classic Indian TV Serial","https://www.youtube.com/watch?v=8bv31QXaLYw","1128","https://www.youtube.com/playlist?list=PLZeNWB9l7494","Classic Indian TV Serials"
"18","408:55:59","The Great Maratha","The Great Maratha — The Great Maratha | Full Episode 21 | Irrfan Khan, Pankaj Dheer | Dangal TV Gathaa","https://www.youtube.com/watch?v=2IhASJzaud0","2541","https://www.youtube.com/playlist?list=PLL8R100698nc9lYCs25j4FrcGDyqdtq_B","Dangal TV Replay"
"18","409:38:20","Swabhimaan","Swabhimaan — Swabhimaan | Episode 397 | Ashutosh Rana, Manoj Bajpayee | Classic Indian TV Serial","https://www.youtube.com/watch?v=eJIeOWXKW8k","1305","https://www.youtube.com/playlist?list=PLZeNWB9l7494","Classic Indian TV Serials"
"18","410:00:05","Chandrakanta","Chandrakanta — Chandrakanta 1994 Episode 65","https://www.youtube.com/watch?v=Zwk4ZFbtIQ4","1294","https://www.youtube.com/playlist?list=PLKfQh0u-9j2YaM54LNfASdQYllxsoU05a","lone warrior"
"18","410:21:39","Udaan","Udaan — Udaan dd national episode 15  उड़ान डीडी नेशनल सीरियल एपिसोड 15 doordarshan दूरदर्शन","https://www.youtube.com/watch?v=Eo4vp05YRhM","1720","https://www.youtube.com/playlist?list=PLFSBneXK-Uv8l6Fs99d5HyhaMlW8q8tWk","Doordarshan Serial"
"18","410:50:19","Swabhimaan","Swabhimaan — Swabhimaan | Episode 398 | Ashutosh Rana, Manoj Bajpayee | Classic Indian TV Serial","https://www.youtube.com/watch?v=_Fi7IbMFkVc","1124","https://www.youtube.com/playlist?list=PLZeNWB9l7494","Classic Indian TV Serials"
"18","411:09:03","Hum Log","Hum Log — Hum Log | Episode 30 | India's First Hindi TV Serial | Ashok Kumar, Seema Bhargava, Vinod & Jayshri","https://www.youtube.com/watch?v=CyemLtGP_1w","1246","https://www.youtube.com/playlist?list=PLaNSOkABhCUE","Goldmines Movies"
"18","411:29:49","Alif Laila","Alif Laila — सिंदबाद के कैसे अपने दिमाग से राजा को बचाया | Alif Laila Episode 55 | Alif Laila |अलिफ़ लैला की कहानी","https://www.youtube.com/watch?v=gTwaFrjkCBo","1297","https://www.youtube.com/playlist?list=PLqmdsOwstpJfOtjWGMFTGMruqQV7C5XoL","Sagar Pictures"
"18","411:51:26","Swabhimaan","Swabhimaan — Swabhimaan | Episode 399 | Ashutosh Rana, Manoj Bajpayee | Classic Indian TV Serial","https://www.youtube.com/watch?v=XYP3ZMFkIo4","950","https://www.youtube.com/playlist?list=PLZeNWB9l7494","Classic Indian TV Serials"
"18","412:07:16","Shri Krishna","Shri Krishna — Sri Krishna EP 110 - श्री कृष्ण पुत्र प्रद्युम्न की जनम कथा | HQ WIDE SCREEN | English Subtitles","https://www.youtube.com/watch?v=hTswMYjMyok","2741","https://www.youtube.com/playlist?list=PLFPJRCFRDARR9IkjkVi6O9ue5DjKiKtkI","Tilak"
"18","412:52:57","Nukkad","Nukkad — Nukkad   Episode #13   Fairytale at Nukkad   Best Tv Show","https://www.youtube.com/watch?v=IgpQJ7wP3bw","1371","https://www.youtube.com/playlist?list=PLDXzvDkBVqqSGYLZPlZQfl_Vn-JmuiTDN","movie clips"
"18","413:15:48","Swabhimaan","Swabhimaan — Swabhimaan | Episode 400 | Ashutosh Rana, Manoj Bajpayee | Classic Indian TV Serial","https://www.youtube.com/watch?v=M16cj58wkBk","992","https://www.youtube.com/playlist?list=PLZeNWB9l7494","Classic Indian TV Serials"
"18","413:32:20","Dekh Bhai Dekh","Dekh Bhai Dekh — Dekh Bhai Dekh episode 28 part 1","https://www.youtube.com/watch?v=JCbJ7EFftYI","331","https://www.youtube.com/playlist?list=UUYdB1nhxEAtjp-TLnv5utzg","LBEstudio"
"18","413:37:51","Dekh Bhai Dekh","Dekh Bhai Dekh — Dekh Bhai Dekh episode 28 part 2","https://www.youtube.com/watch?v=tPOIub3g-4Y","331","https://www.youtube.com/playlist?list=UUYdB1nhxEAtjp-TLnv5utzg","LBEstudio"
"18","413:43:22","Dekh Bhai Dekh","Dekh Bhai Dekh — Dekh Bhai Dekh episode 28 part 3","https://www.youtube.com/watch?v=UwLJQIPEviE","376","https://www.youtube.com/playlist?list=UUYdB1nhxEAtjp-TLnv5utzg","LBEstudio"
"18","413:49:38","Swabhimaan","Swabhimaan — Swabhimaan | Episode 401 | Ashutosh Rana, Manoj Bajpayee | Classic Indian TV Serial","https://www.youtube.com/watch?v=2T4Qotk_Ziw","1318","https://www.youtube.com/playlist?list=PLZeNWB9l7494","Classic Indian TV Serials"
"18","414:11:36","Vintage ads","Vintage ads — Old Bajaj Caliber ad","https://www.youtube.com/watch?v=FO6LZJn7PMg","91","https://www.youtube.com/playlist?list=PLycor1XF7S9HVMnWxndl27HgZJM5S8wRT","Guruprasad Gp"
"18","414:13:07","Swabhimaan","Swabhimaan — Swabhimaan | Episode 402 | Ashutosh Rana, Manoj Bajpayee | Classic Indian TV Serial","https://www.youtube.com/watch?v=fFIRr0MU2c8","1222","https://www.youtube.com/playlist?list=PLZeNWB9l7494","Classic Indian TV Serials"
"18","414:33:29","Swabhimaan","Swabhimaan — Swabhimaan | Episode 403| Ashutosh Rana, Manoj Bajpayee | Classic Indian TV Serial","https://www.youtube.com/watch?v=V1xRu09WpDA","1194","https://www.youtube.com/playlist?list=PLZeNWB9l7494","Classic Indian TV Serials"
"18","414:53:23","Tehkikaat","Tehkikaat — Tehkikaat तहकीकात | Jealousi Turns Blood - Crime Serial | Ranjeet, Saurabh Shukla, Vijay A. | EP 24","https://www.youtube.com/watch?v=sz0Eq4rtgt4","1139","https://www.youtube.com/playlist?list=PLImQCagB5etA0FMEJ7yrWIUBCzxgOBikn","Raj Rishi Serials"
"18","415:12:22","Shri Krishna","Shri Krishna — Sri Krishna EP 111 - कामदेव ने की शिवजी की तपस्या भंग | HQ WIDE SCREEN | English Subtitles","https://www.youtube.com/watch?v=bTt6CvmKZl0","2859","https://www.youtube.com/playlist?list=PLFPJRCFRDARR9IkjkVi6O9ue5DjKiKtkI","Tilak"
"18","416:00:01","Swabhimaan","Swabhimaan — Swabhimaan | Episode 404 | Ashutosh Rana, Manoj Bajpayee | Classic Indian TV Serial","https://www.youtube.com/watch?v=yaGF527yGTo","1195","https://www.youtube.com/playlist?list=PLZeNWB9l7494","Classic Indian TV Serials"
"18","416:19:56","Chandrakanta","Chandrakanta — Chandrakanta 1994 Episode 66","https://www.youtube.com/watch?v=55GbUnoojiY","1294","https://www.youtube.com/playlist?list=PLKfQh0u-9j2YaM54LNfASdQYllxsoU05a","lone warrior"
"18","416:41:30","Swabhimaan","Swabhimaan — Swabhimaan | Episode 405 | Ashutosh Rana, Manoj Bajpayee | Classic Indian TV Serial","https://www.youtube.com/watch?v=1QLqXAHE0Rc","1367","https://www.youtube.com/playlist?list=PLZeNWB9l7494","Classic Indian TV Serials"
"18","417:04:17","Vikram Aur Betaal","Vikram Aur Betaal — रामानंद सागर कृत विक्रम और बेताल भाग 14 - मधुमालती का कौन बनेगा पति","https://www.youtube.com/watch?v=YE55W7sue_Y","1404","https://www.youtube.com/playlist?list=PL-eaGjSO6F70C3-LkA3kEqAIHkdDLhI6Q","Tilak Kathayein"
"18","417:27:41","Swabhimaan","Swabhimaan — Swabhimaan | Episode 406 | Ashutosh Rana, Manoj Bajpayee | Classic Indian TV Serial","https://www.youtube.com/watch?v=S_7KIISI47Y","1320","https://www.youtube.com/playlist?list=PLZeNWB9l7494","Classic Indian TV Serials"
"18","417:49:41","Chanakya","Chanakya — चाणक्य Official | Episode 26- Part -1 | Directed & Acted by Dr. Chandraprakash Dwivedi","https://www.youtube.com/watch?v=W_wP8BBITY4","1432","https://www.youtube.com/playlist?list=PLY-qGtGftCjm1_tDxT2TsDAXXC2p-iutt","Chanakya_theofficial"
"18","418:13:33","Chanakya","Chanakya — चाणक्य Official | Episode 26- Part -2 | Directed & Acted by Dr. Chandraprakash Dwivedi","https://www.youtube.com/watch?v=cKflTHn_zCU","1558","https://www.youtube.com/playlist?list=PLY-qGtGftCjm1_tDxT2TsDAXXC2p-iutt","Chanakya_theofficial"
"18","418:39:31","Shri Krishna","Shri Krishna — Sri Krishna EP 112 - शमभरसुर मायासुर का द्वारिका पर हमला करना | HQ WIDE SCREEN | English Subtitles","https://www.youtube.com/watch?v=6RdfOU14PeM","2863","https://www.youtube.com/playlist?list=PLFPJRCFRDARR9IkjkVi6O9ue5DjKiKtkI","Tilak"
"18","419:27:14","Swabhimaan","Swabhimaan — Swabhimaan | Episode 407 | Ashutosh Rana, Manoj Bajpayee | Classic Indian TV Serial","https://www.youtube.com/watch?v=v8ZSPyXWwWA","1223","https://www.youtube.com/playlist?list=PLZeNWB9l7494","Classic Indian TV Serials"
"18","419:47:37","Alif Laila","Alif Laila — जब हीरे की खोज में मौत की वादी की और चल पड़ा सिंदबाद Episode : 56 | Alif Laila | Superhit Serial","https://www.youtube.com/watch?v=IrWarPqSBss","1262","https://www.youtube.com/playlist?list=PLqmdsOwstpJfOtjWGMFTGMruqQV7C5XoL","Sagar Pictures"
"18","420:08:39","Bharat Ek Khoj","Bharat Ek Khoj — Bharat Ek Khoj | Episode-29 | Feudalism in India","https://www.youtube.com/watch?v=-cMoQKriUwY","2559","https://www.youtube.com/playlist?list=PLqtVCj5iilH4w0Y8KBB4fqBu25T0sGhXG","Prasar Bharati Archives"
"18","420:51:18","Swabhimaan","Swabhimaan — Swabhimaan | Episode 408 | Ashutosh Rana, Manoj Bajpayee | Classic Indian TV Serial","https://www.youtube.com/watch?v=hJ3uqXwQYig","1176","https://www.youtube.com/playlist?list=PLZeNWB9l7494","Classic Indian TV Serials"
"18","421:10:54","Wagle Ki Duniya","Wagle Ki Duniya — Wagle Ki Duniya - Episode 07 - Bribe | DD EXCLUSIVE","https://www.youtube.com/watch?v=_9zB1jGS9H8","1356","https://www.youtube.com/playlist?list=PL5TZ-0sMyEgVQcbG4E10bBeGcQEQ3WR-S","90's Ki Yaadein"
"18","421:33:30","Surabhi","Surabhi — Surabhi | सुरभि  : Ep - 31","https://www.youtube.com/watch?v=6ZPPgC1LRcs","1446","https://www.youtube.com/playlist?list=PLUiMfS6qzIMzE8lgWFaQ3qvVFCCONXALQ","Doordarshan National"
"18","421:57:36","Swabhimaan","Swabhimaan — Swabhimaan | Episode 409 | Ashutosh Rana, Manoj Bajpayee | Classic Indian TV Serial","https://www.youtube.com/watch?v=xGuUfueo6X4","1293","https://www.youtube.com/playlist?list=PLZeNWB9l7494","Classic Indian TV Serials"
"18","422:19:09","Vintage ads","Vintage ads — Very Old ad of Bajaj","https://www.youtube.com/watch?v=GCxA0Ga_XIo","30","https://www.youtube.com/playlist?list=PLycor1XF7S9HVMnWxndl27HgZJM5S8wRT","Guruprasad Gp"
"18","422:19:39","Swabhimaan","Swabhimaan — Swabhimaan | Episode 410 | Ashutosh Rana, Manoj Bajpayee | Classic Indian TV Serial","https://www.youtube.com/watch?v=zMovHhy7a2U","1334","https://www.youtube.com/playlist?list=PLZeNWB9l7494","Classic Indian TV Serials"
"18","422:41:53","The Sword of Tipu Sultan","The Sword of Tipu Sultan — Tipu Sultan | Full Episode 28 | Sanjay Khan, Dipika Chikhlia, Swapnil Joshi | Dangal TV Gathaa","https://www.youtube.com/watch?v=D4QFLUTgnHk","2434","https://www.youtube.com/playlist?list=PLL8R100698ndzARBsLB6Z8jYs_52cDJJ7","Dangal TV Replay"
"18","423:22:27","Chandrakanta","Chandrakanta — Chandrakanta 1994 Episode 67 LONE WARRIOR","https://www.youtube.com/watch?v=tapex9Dx4IQ","1294","https://www.youtube.com/playlist?list=PLKfQh0u-9j2YaM54LNfASdQYllxsoU05a","lone warrior"
"18","423:44:01","Shri Krishna","Shri Krishna — Sri Krishna EP 113 - प्रद्युम्न का नामकरण | HQ WIDE SCREEN | English Subtitles","https://www.youtube.com/watch?v=vK5k01iTByg","2782","https://www.youtube.com/playlist?list=PLFPJRCFRDARR9IkjkVi6O9ue5DjKiKtkI","Tilak"
"18","424:30:23","Hum Log","Hum Log — Hum Log | Episode 31 | India's First Hindi TV Serial | Ashok Kumar, Seema Bhargava, Vinod & Jayshri","https://www.youtube.com/watch?v=l-UJun-876E","1356","https://www.youtube.com/playlist?list=PLaNSOkABhCUE","Goldmines Movies"
"18","424:52:59","Swabhimaan","Swabhimaan — Swabhimaan | Episode 411 | Ashutosh Rana, Manoj Bajpayee | Classic Indian TV Serial","https://www.youtube.com/watch?v=OW3vTilZQpM","1298","https://www.youtube.com/playlist?list=PLZeNWB9l7494","Classic Indian TV Serials"
"18","425:14:37","Dekh Bhai Dekh","Dekh Bhai Dekh — Dekh Bhai Dekh episode 29 part 1","https://www.youtube.com/watch?v=jza7lSdSCOU","571","https://www.youtube.com/playlist?list=UUYdB1nhxEAtjp-TLnv5utzg","LBEstudio"
"18","425:24:08","Dekh Bhai Dekh","Dekh Bhai Dekh — Dekh Bhai Dekh episode 29 part 2","https://www.youtube.com/watch?v=hPq98yo1fdQ","571","https://www.youtube.com/playlist?list=UUYdB1nhxEAtjp-TLnv5utzg","LBEstudio"
"18","425:33:39","Dekh Bhai Dekh","Dekh Bhai Dekh — Dekh Bhai Dekh episode 29 part 3","https://www.youtube.com/watch?v=t1nnifkDoCM","573","https://www.youtube.com/playlist?list=UUYdB1nhxEAtjp-TLnv5utzg","LBEstudio"
"18","425:43:12","Vintage ads","Vintage ads — Yamaha Escorts ad","https://www.youtube.com/watch?v=16Kk0wnoeCM","31","https://www.youtube.com/playlist?list=PLycor1XF7S9HVMnWxndl27HgZJM5S8wRT","Guruprasad Gp"
"18","425:43:43","Swabhimaan","Swabhimaan — Swabhimaan | Episode 412 | Ashutosh Rana, Manoj Bajpayee | Classic Indian TV Serial","https://www.youtube.com/watch?v=ciDTuYNHTDk","1233","https://www.youtube.com/playlist?list=PLZeNWB9l7494","Classic Indian TV Serials"
"18","426:04:16","Swabhimaan","Swabhimaan — Swabhimaan | Episode 413 | Ashutosh Rana, Manoj Bajpayee | Classic Indian TV Serial","https://www.youtube.com/watch?v=8xFW8h7Xnq0","1203","https://www.youtube.com/playlist?list=PLZeNWB9l7494","Classic Indian TV Serials"
"18","426:24:19","Shri Krishna","Shri Krishna — Sri Krishna EP 114 - शम्भ्रासुर ने किया प्रद्युम्न का हरण | HQ WIDE SCREEN | English Subtitles","https://www.youtube.com/watch?v=cDM6bwPpKuw","2787","https://www.youtube.com/playlist?list=PLFPJRCFRDARR9IkjkVi6O9ue5DjKiKtkI","Tilak"
"18","427:10:46","The Great Maratha","The Great Maratha — The Great Maratha | Full Episode 22 | Irrfan Khan, Pankaj Dheer | Dangal TV Gathaa","https://www.youtube.com/watch?v=vYFjV3gDEQo","2599","https://www.youtube.com/playlist?list=PLL8R100698nc9lYCs25j4FrcGDyqdtq_B","Dangal TV Replay"
"18","427:54:05","Swabhimaan","Swabhimaan — Swabhimaan | Episode 414 | Ashutosh Rana, Manoj Bajpayee | Classic Indian TV Serial","https://www.youtube.com/watch?v=X3Qmp_5E9e4","1323","https://www.youtube.com/playlist?list=PLZeNWB9l7494","Classic Indian TV Serials"
"18","428:16:08","Vintage ads","Vintage ads — Yamaha RXZ commercial","https://www.youtube.com/watch?v=dR1J3uLmd80","30","https://www.youtube.com/playlist?list=PLycor1XF7S9HVMnWxndl27HgZJM5S8wRT","Guruprasad Gp"
"18","428:16:38","Swabhimaan","Swabhimaan — Swabhimaan | Episode 415 | Ashutosh Rana, Manoj Bajpayee | Classic Indian TV Serial","https://www.youtube.com/watch?v=sy-Ha6XpVc4","1302","https://www.youtube.com/playlist?list=PLZeNWB9l7494","Classic Indian TV Serials"
"18","428:38:20","Alif Laila","Alif Laila — सिंदबाद के जहाजी सफर की अनोखी दास्ताँ Episode : 57 Alif Laila | Sagar Picture","https://www.youtube.com/watch?v=Y0uUIzXVj-Y","1214","https://www.youtube.com/playlist?list=PLqmdsOwstpJfOtjWGMFTGMruqQV7C5XoL","Sagar Pictures"
"18","428:58:34","Swabhimaan","Swabhimaan — Swabhimaan | Episode 416 | Ashutosh Rana, Manoj Bajpayee | Classic Indian TV Serial","https://www.youtube.com/watch?v=tNgQ63yhB9c","1324","https://www.youtube.com/playlist?list=PLZeNWB9l7494","Classic Indian TV Serials"
"18","429:20:38","Om Namah Shivay","Om Namah Shivay — देवी पार्वती क्रोधित भगवान शिव कैलाश से गायब हो जाती हैं। Om Namah Shivay TV Serial | Ep 160","https://www.youtube.com/watch?v=gWohzUNQVE4","1357","https://www.youtube.com/playlist?list=PL5A5QJkW7MkuEgaSMSlkmc51V_jBHv6fO","Saregama Bhakti"
"18","429:43:15","Tehkikaat","Tehkikaat — Tehkikaat तहकीकात | Jealousi Turns Blood - Crime Serial | Ranjeet, Saurabh Shukla, Vijay A. | EP 25","https://www.youtube.com/watch?v=74TpERSM8_A","1189","https://www.youtube.com/playlist?list=PLImQCagB5etA0FMEJ7yrWIUBCzxgOBikn","Raj Rishi Serials"
"18","430:03:04","Chandrakanta","Chandrakanta — Chandrakanta 1994 Episode 68 LONE WARRIOR","https://www.youtube.com/watch?v=oRgpHzgymQg","1294","https://www.youtube.com/playlist?list=PLKfQh0u-9j2YaM54LNfASdQYllxsoU05a","lone warrior"
"18","430:24:38","Vintage ads","Vintage ads — Bajaj 4s Champion TV ad 2","https://www.youtube.com/watch?v=KdmNeFkWaGQ","30","https://www.youtube.com/playlist?list=PLycor1XF7S9HVMnWxndl27HgZJM5S8wRT","Guruprasad Gp"
"18","430:25:08","Swabhimaan","Swabhimaan — Swabhimaan | Episode 417 | Ashutosh Rana, Manoj Bajpayee | Classic Indian TV Serial","https://www.youtube.com/watch?v=ZGAyja4yaNI","1324","https://www.youtube.com/playlist?list=PLZeNWB9l7494","Classic Indian TV Serials"
"18","430:47:12","Shri Krishna","Shri Krishna — Sri Krishna EP 115 - बलराम ने अपने हल से रोका नदियों का प्रवाह | HQ WIDE SCREEN | English Subtitles","https://www.youtube.com/watch?v=Mc2vFKtoUvM","2774","https://www.youtube.com/playlist?list=PLFPJRCFRDARR9IkjkVi6O9ue5DjKiKtkI","Tilak"
"18","431:33:26","Swabhimaan","Swabhimaan — Swabhimaan | Episode 418 | Ashutosh Rana, Manoj Bajpayee | Classic Indian TV Serial","https://www.youtube.com/watch?v=lS75JnPetWI","1324","https://www.youtube.com/playlist?list=PLZeNWB9l7494","Classic Indian TV Serials"
"18","431:55:30","Byomkesh Bakshi","Byomkesh Bakshi — Byomkesh Bakshi: Ep#17 - Necklace","https://www.youtube.com/watch?v=8-rbR3d72A4","2452","https://www.youtube.com/playlist?list=PLUiMfS6qzIMxiHu2N2Px1ISp5vxCm3PMo","Doordarshan National"
"19","432:36:22","Swabhimaan","Swabhimaan — Swabhimaan | Episode 419 | Ashutosh Rana, Manoj Bajpayee | Classic Indian TV Serial","https://www.youtube.com/watch?v=OK5aH0UfOT0","1198","https://www.youtube.com/playlist?list=PLZeNWB9l7494","Classic Indian TV Serials"
"19","432:56:20","Vintage ads","Vintage ads — Bajaj 4s Champion TV ad 1","https://www.youtube.com/watch?v=tzbRqdVcOiQ","31","https://www.youtube.com/playlist?list=PLycor1XF7S9HVMnWxndl27HgZJM5S8wRT","Guruprasad Gp"
"19","432:56:51","Bharat Ek Khoj","Bharat Ek Khoj — Bharat Ek Khoj | Episode-30 | The Fall of Vijayanagar","https://www.youtube.com/watch?v=8mMFIvxAyXI","3128","https://www.youtube.com/playlist?list=PLqtVCj5iilH4w0Y8KBB4fqBu25T0sGhXG","Prasar Bharati Archives"
"19","433:48:59","Swabhimaan","Swabhimaan — Swabhimaan | Episode 420 | Ashutosh Rana, Manoj Bajpayee | Classic Indian TV Serial","https://www.youtube.com/watch?v=MWlA-0vToks","1339","https://www.youtube.com/playlist?list=PLZeNWB9l7494","Classic Indian TV Serials"
"19","434:11:18","Flop Show","Flop Show — Jaspal Bhatti's Flop Show | Meetings |  Ep 6","https://www.youtube.com/watch?v=WiW9WiWV0RY","1531","https://www.youtube.com/playlist?list=PLUiMfS6qzIMyisp9Ks0FxE9Ba4EpLQm0Z","Doordarshan National"
"19","434:36:49","Shri Krishna","Shri Krishna — Sri Krishna EP 116 - प्रद्युम्न मिला भानामती को | HQ WIDE SCREEN | English Subtitles","https://www.youtube.com/watch?v=JbtHkP-M6Cw","2873","https://www.youtube.com/playlist?list=PLFPJRCFRDARR9IkjkVi6O9ue5DjKiKtkI","Tilak"
"19","435:24:42","Surabhi","Surabhi — Surabhi | सुरभि  : Ep - 32","https://www.youtube.com/watch?v=5E8ykzXKCn4","1460","https://www.youtube.com/playlist?list=PLUiMfS6qzIMzE8lgWFaQ3qvVFCCONXALQ","Doordarshan National"
"19","435:49:02","Swabhimaan","Swabhimaan — Swabhimaan | Episode 421 | Ashutosh Rana, Manoj Bajpayee | Classic Indian TV Serial","https://www.youtube.com/watch?v=bs-AXHfgYiQ","1326","https://www.youtube.com/playlist?list=PLZeNWB9l7494","Classic Indian TV Serials"
"19","436:11:08","Vintage ads","Vintage ads — Bajaj M80 ad","https://www.youtube.com/watch?v=e0T2GZajT0A","45","https://www.youtube.com/playlist?list=PLycor1XF7S9HVMnWxndl27HgZJM5S8wRT","Guruprasad Gp"
"19","436:11:53","Swabhimaan","Swabhimaan — Swabhimaan | Episode 423 | Ashutosh Rana, Manoj Bajpayee | Classic Indian TV Serial","https://www.youtube.com/watch?v=G1YaZkLQqbg","1186","https://www.youtube.com/playlist?list=PLZeNWB9l7494","Classic Indian TV Serials"
"19","436:31:39","Chandrakanta","Chandrakanta — Chandrakanta 1994 Episode 69 LONE WARRIOR","https://www.youtube.com/watch?v=VDQx2QE5kJA","1236","https://www.youtube.com/playlist?list=PLKfQh0u-9j2YaM54LNfASdQYllxsoU05a","lone warrior"
"19","436:52:15","Chanakya","Chanakya — चाणक्य Official | Episode 27- Part -1 | Directed & Acted by Dr. Chandraprakash Dwivedi","https://www.youtube.com/watch?v=NkjLThgz_ME","1413","https://www.youtube.com/playlist?list=PLY-qGtGftCjm1_tDxT2TsDAXXC2p-iutt","Chanakya_theofficial"
"19","437:15:48","Chanakya","Chanakya — चाणक्य Official | Episode 27- Part -2 | Directed & Acted by Dr. Chandraprakash Dwivedi","https://www.youtube.com/watch?v=jiGoNcbrgJ4","1482","https://www.youtube.com/playlist?list=PLY-qGtGftCjm1_tDxT2TsDAXXC2p-iutt","Chanakya_theofficial"
"19","437:40:30","Swabhimaan","Swabhimaan — Swabhimaan | Episode 424 | Ashutosh Rana, Manoj Bajpayee | Classic Indian TV Serial","https://www.youtube.com/watch?v=dmeYxFkmzPM","1268","https://www.youtube.com/playlist?list=PLZeNWB9l7494","Classic Indian TV Serials"
"19","438:01:38","Hum Log","Hum Log — Hum Log | Episode 32 | India's First Hindi TV Serial | Ashok Kumar, Seema Bhargava, Vinod & Jayshri","https://www.youtube.com/watch?v=xKQdtmdUAKA","1328","https://www.youtube.com/playlist?list=PLaNSOkABhCUE","Goldmines Movies"
"19","438:23:46","Alif Laila","Alif Laila — सिंदबाद ने तूफ़ान से जहाज को कैसे बचाया |Episode : 58 |Alif Laila Superhit Serial","https://www.youtube.com/watch?v=bnt45HtjKso","1392","https://www.youtube.com/playlist?list=PLqmdsOwstpJfOtjWGMFTGMruqQV7C5XoL","Sagar Pictures"
"19","438:46:58","The Sword of Tipu Sultan","The Sword of Tipu Sultan — Tipu Sultan | Full Episode 29 | Sanjay Khan, Dipika Chikhlia, Swapnil Joshi | Dangal TV Gathaa","https://www.youtube.com/watch?v=O-SIJ2kyohw","2666","https://www.youtube.com/playlist?list=PLL8R100698ndzARBsLB6Z8jYs_52cDJJ7","Dangal TV Replay"
"19","439:31:24","Shri Krishna","Shri Krishna — Sri Krishna EP 117 - राजगुरु ने शम्भ्रासुर को दिया प्रद्युम्न को मारने का आदेश | HQ WIDE SCREEN","https://www.youtube.com/watch?v=0OTayT-c5CQ","2817","https://www.youtube.com/playlist?list=PLFPJRCFRDARR9IkjkVi6O9ue5DjKiKtkI","Tilak"
"19","440:18:21","Swabhimaan","Swabhimaan — Swabhimaan | Episode 425 | Ashutosh Rana, Manoj Bajpayee | Classic Indian TV Serial","https://www.youtube.com/watch?v=DPUgfdkMqEA","1279","https://www.youtube.com/playlist?list=PLZeNWB9l7494","Classic Indian TV Serials"
"19","440:39:40","Circus","Circus — Shahrukh Khan starrer Circus - Ep #11","https://www.youtube.com/watch?v=D5ovJAE53W8","1457","https://www.youtube.com/playlist?list=PLUiMfS6qzIMzAqteEcp055VDYpgZDbeyT","Doordarshan National"
"19","441:03:57","Swabhimaan","Swabhimaan — Swabhimaan | Episode 426 | Ashutosh Rana, Manoj Bajpayee | Classic Indian TV Serial","https://www.youtube.com/watch?v=oMRmdl-_osE","1194","https://www.youtube.com/playlist?list=PLZeNWB9l7494","Classic Indian TV Serials"
"19","441:23:51","Vintage ads","Vintage ads — TVS Suzuki Fiero Ad 2","https://www.youtube.com/watch?v=WGgD0wDmaIA","21","https://www.youtube.com/playlist?list=PLycor1XF7S9HVMnWxndl27HgZJM5S8wRT","Guruprasad Gp"
"19","441:24:12","Swabhimaan","Swabhimaan — Swabhimaan | Episode 427  | Ashutosh Rana, Manoj Bajpayee | Classic Indian TV Serial","https://www.youtube.com/watch?v=FII0hKeCBEY","1274","https://www.youtube.com/playlist?list=PLZeNWB9l7494","Classic Indian TV Serials"
"19","441:45:26","Swabhimaan","Swabhimaan — Swabhimaan | Episode 428 | Ashutosh Rana, Manoj Bajpayee | Classic Indian TV Serial","https://www.youtube.com/watch?v=U4O66XSEHlc","1325","https://www.youtube.com/playlist?list=PLZeNWB9l7494","Classic Indian TV Serials"
"19","442:07:31","Shri Krishna","Shri Krishna — Sri Krishna EP 118 - भानामती की पिछले जनम की कथा | HQ WIDE SCREEN | English Subtitles","https://www.youtube.com/watch?v=-vTG6TFXtCc","2871","https://www.youtube.com/playlist?list=PLFPJRCFRDARR9IkjkVi6O9ue5DjKiKtkI","Tilak"
"19","442:55:22","Vintage ads","Vintage ads — TVS Suzuki Fiero Ad 1","https://www.youtube.com/watch?v=NksisH7oS3U","60","https://www.youtube.com/playlist?list=PLycor1XF7S9HVMnWxndl27HgZJM5S8wRT","Guruprasad Gp"
"19","442:56:22","Junoon","Junoon — सब कुछ जला देगी ये नफरत की आग | JUNOON | Full Episode 245 | Punit Issar Archana Puran Singh","https://www.youtube.com/watch?v=8zYUs_D2zV4","1290","https://www.youtube.com/playlist?list=PLrkDcuaB2OX_ZuAo48tg5pEa2BjdoM8Y2","Cinevista Entertainment"
"19","443:17:52","Swabhimaan","Swabhimaan — Swabhimaan | Episode 429 | Ashutosh Rana, Manoj Bajpayee | Classic Indian TV Serial","https://www.youtube.com/watch?v=Xjgv7UapjvY","1296","https://www.youtube.com/playlist?list=PLZeNWB9l7494","Classic Indian TV Serials"
"19","443:39:28","Dekh Bhai Dekh","Dekh Bhai Dekh — Dekh Bhai Dekh episode 30 part 1","https://www.youtube.com/watch?v=ZiOuhtjvkUg","481","https://www.youtube.com/playlist?list=UUYdB1nhxEAtjp-TLnv5utzg","LBEstudio"
"19","443:47:29","Dekh Bhai Dekh","Dekh Bhai Dekh — Dekh Bhai Dekh episode 30 part 2","https://www.youtube.com/watch?v=yH9ku-Wb-G4","500","https://www.youtube.com/playlist?list=UUYdB1nhxEAtjp-TLnv5utzg","LBEstudio"
"19","443:55:49","Dekh Bhai Dekh","Dekh Bhai Dekh — Dekh Bhai Dekh episode 30 part 3","https://www.youtube.com/watch?v=K-P2-tEospQ","460","https://www.youtube.com/playlist?list=UUYdB1nhxEAtjp-TLnv5utzg","LBEstudio"
"19","444:03:29","Chandrakanta","Chandrakanta — Chandrakanta 1994 Episode 70 Lone warrior","https://www.youtube.com/watch?v=kJvT628RI0c","1148","https://www.youtube.com/playlist?list=PLKfQh0u-9j2YaM54LNfASdQYllxsoU05a","lone warrior"
"19","444:22:37","Swabhimaan","Swabhimaan — Swabhimaan | Episode 430 | Ashutosh Rana, Manoj Bajpayee | Classic Indian TV Serial","https://www.youtube.com/watch?v=HKyUL4oIngc","1303","https://www.youtube.com/playlist?list=PLZeNWB9l7494","Classic Indian TV Serials"
"19","444:44:20","Swabhimaan","Swabhimaan — Swabhimaan | Episode 431 | Ashutosh Rana, Manoj Bajpayee | Classic Indian TV Serial","https://www.youtube.com/watch?v=a6XbqsxMZcY","1151","https://www.youtube.com/playlist?list=PLZeNWB9l7494","Classic Indian TV Serials"
"19","445:03:31","Tehkikaat","Tehkikaat — Tehkikaat तहकीकात | Jealousi Turns Blood - Crime Serial | Ranjeet, Saurabh Shukla, Vijay A. | EP 26","https://www.youtube.com/watch?v=uFCPMgpq5mM","1252","https://www.youtube.com/playlist?list=PLImQCagB5etA0FMEJ7yrWIUBCzxgOBikn","Raj Rishi Serials"
"19","445:24:23","Shri Krishna","Shri Krishna — Sri Krishna EP 119 - भानामती की रसायन विद्या | HQ WIDE SCREEN | English Subtitles","https://www.youtube.com/watch?v=Pw8lcQiWP9M","2879","https://www.youtube.com/playlist?list=PLFPJRCFRDARR9IkjkVi6O9ue5DjKiKtkI","Tilak"
"19","446:12:22","Swabhimaan","Swabhimaan — Swabhimaan | Episode 432 | Ashutosh Rana, Manoj Bajpayee | Classic Indian TV Serial","https://www.youtube.com/watch?v=qKGTC_HU-_k","1177","https://www.youtube.com/playlist?list=PLZeNWB9l7494","Classic Indian TV Serials"
"19","446:31:59","The Great Maratha","The Great Maratha — The Great Maratha | Full Episode 23 | Irrfan Khan, Pankaj Dheer | Dangal TV Gathaa","https://www.youtube.com/watch?v=d7sja74IUng","2399","https://www.youtube.com/playlist?list=PLL8R100698nc9lYCs25j4FrcGDyqdtq_B","Dangal TV Replay"
"19","447:11:58","Swabhimaan","Swabhimaan — Swabhimaan | Episode 433 | Ashutosh Rana, Manoj Bajpayee | Classic Indian TV Serial","https://www.youtube.com/watch?v=Mke6qZ37WdE","1191","https://www.youtube.com/playlist?list=PLZeNWB9l7494","Classic Indian TV Serials"
"19","447:31:49","Alif Laila","Alif Laila — सिंदबाद ने कैसे शैतानी ताक़तों का सामना किया Episode : 59 |Alif Laila Sagar Picture","https://www.youtube.com/watch?v=TMR00NnIJZg","1346","https://www.youtube.com/playlist?list=PLqmdsOwstpJfOtjWGMFTGMruqQV7C5XoL","Sagar Pictures"
"19","447:54:15","Vintage ads","Vintage ads — Bajaj Wind 125 ad","https://www.youtube.com/watch?v=ResZDz_6lR8","62","https://www.youtube.com/playlist?list=PLycor1XF7S9HVMnWxndl27HgZJM5S8wRT","Guruprasad Gp"
"19","447:55:17","Fauji","Fauji — Fauji Episode 8 | Shah Rukh Khan's Television Debut (1989) | SRK's First-Ever TV Serial Appearance","https://www.youtube.com/watch?v=W3jyAO_hJwM","1423","https://www.youtube.com/playlist?list=PLYqSow41YJ2I","Goldmines Bollywood"
"19","448:19:00","Swabhimaan","Swabhimaan — Swabhimaan | Episode 434 | Ashutosh Rana, Manoj Bajpayee | Classic Indian TV Serial","https://www.youtube.com/watch?v=nYrTZEmfcmI","1175","https://www.youtube.com/playlist?list=PLZeNWB9l7494","Classic Indian TV Serials"
"19","448:38:35","Nukkad","Nukkad — Nukkad   Episode #14   Guru & teacher realize their mistake   Best Tv Show","https://www.youtube.com/watch?v=aQgIuoMWOCI","1489","https://www.youtube.com/playlist?list=PLDXzvDkBVqqSGYLZPlZQfl_Vn-JmuiTDN","movie clips"
"19","449:03:24","Surabhi","Surabhi — Surabhi | सुरभि  : Ep - 33","https://www.youtube.com/watch?v=ZD338DkJR_8","1477","https://www.youtube.com/playlist?list=PLUiMfS6qzIMzE8lgWFaQ3qvVFCCONXALQ","Doordarshan National"
"19","449:28:01","Swabhimaan","Swabhimaan — Swabhimaan | Episode 435 | Ashutosh Rana, Manoj Bajpayee | Classic Indian TV Serial","https://www.youtube.com/watch?v=i6PQGKlSIhc","1257","https://www.youtube.com/playlist?list=PLZeNWB9l7494","Classic Indian TV Serials"
"19","449:48:58","Bharat Ek Khoj","Bharat Ek Khoj — Bharat Ek Khoj | Episode-31 | Rana Sanga, Ibrahim Lodi and Babur","https://www.youtube.com/watch?v=nO3GyhgZ8Tg","2972","https://www.youtube.com/playlist?list=PLqtVCj5iilH4w0Y8KBB4fqBu25T0sGhXG","Prasar Bharati Archives"
"19","450:38:30","Vikram Aur Betaal","Vikram Aur Betaal — रामानंद सागर कृत विक्रम और बेताल भाग 15 - मनुकुमार बना मनुकुमारी अपनी प्रेमिका चंद्रप्रभा के लिए","https://www.youtube.com/watch?v=kxt_m-WRYCk","1416","https://www.youtube.com/playlist?list=PL-eaGjSO6F70C3-LkA3kEqAIHkdDLhI6Q","Tilak Kathayein"
"19","451:02:06","Shri Krishna","Shri Krishna — Sri Krishna EP 120  - भानामती ने किया प्रद्युम्न पर रसायन विद्या का इस्तेमाल | HQ WIDE SCREEN","https://www.youtube.com/watch?v=GtLEkohX-Ls","2803","https://www.youtube.com/playlist?list=PLFPJRCFRDARR9IkjkVi6O9ue5DjKiKtkI","Tilak"
"19","451:48:49","Chandrakanta","Chandrakanta — Chandrakanta 1994 Episode 71","https://www.youtube.com/watch?v=YXP3i82ytsA","1148","https://www.youtube.com/playlist?list=PLKfQh0u-9j2YaM54LNfASdQYllxsoU05a","lone warrior"
"19","452:07:57","Swabhimaan","Swabhimaan — Swabhimaan | Episode 436 | Ashutosh Rana, Manoj Bajpayee | Classic Indian TV Serial","https://www.youtube.com/watch?v=Mqoj3lBxqpQ","1223","https://www.youtube.com/playlist?list=PLZeNWB9l7494","Classic Indian TV Serials"
"19","452:28:20","Swabhimaan","Swabhimaan — Swabhimaan | Episode 437 | Ashutosh Rana, Manoj Bajpayee | Classic Indian TV Serial","https://www.youtube.com/watch?v=LNkRU5RxIYw","1194","https://www.youtube.com/playlist?list=PLZeNWB9l7494","Classic Indian TV Serials"
"19","452:48:14","Hum Log","Hum Log — Hum Log | Episode 33 | India's First Hindi TV Serial | Ashok Kumar, Seema Bhargava, Vinod & Jayshri","https://www.youtube.com/watch?v=9vik9v33Sco","1256","https://www.youtube.com/playlist?list=PLaNSOkABhCUE","Goldmines Movies"
"19","453:09:10","Udaan","Udaan — Udaan DD national Serial Episode 16 Doordarshan #ddnational दूरदर्शन उड़ान डीडी नेशनल सीरियल","https://www.youtube.com/watch?v=jFTDCqpRpn4","1719","https://www.youtube.com/playlist?list=PLFSBneXK-Uv8l6Fs99d5HyhaMlW8q8tWk","Doordarshan Serial"
"19","453:37:49","Swabhimaan","Swabhimaan — Swabhimaan | Episode 438 | Ashutosh Rana, Manoj Bajpayee | Classic Indian TV Serial","https://www.youtube.com/watch?v=h904rT8ivzM","1268","https://www.youtube.com/playlist?list=PLZeNWB9l7494","Classic Indian TV Serials"
"19","453:58:57","Swabhimaan","Swabhimaan — Swabhimaan | Episode 439 | Ashutosh Rana, Manoj Bajpayee | Classic Indian TV Serial","https://www.youtube.com/watch?v=q2_cwqioZtU","1247","https://www.youtube.com/playlist?list=PLZeNWB9l7494","Classic Indian TV Serials"
"19","454:19:44","Shri Krishna","Shri Krishna — Sri Krishna EP 121 - भानामती ने किया प्रद्युम्न पर रसायन विद्या का प्रयोग | HQ WIDE SCREEN","https://www.youtube.com/watch?v=NF42rjo5Lkk","2827","https://www.youtube.com/playlist?list=PLFPJRCFRDARR9IkjkVi6O9ue5DjKiKtkI","Tilak"
"19","455:06:51","Vintage ads","Vintage ads — centre shock TV commercial","https://www.youtube.com/watch?v=5FMqLhoXbbs","41","https://www.youtube.com/playlist?list=PLycor1XF7S9HVMnWxndl27HgZJM5S8wRT","Guruprasad Gp"
"19","455:07:32","Chanakya","Chanakya — चाणक्य Official | Episode 28- Part -1 | Directed & Acted by Dr. Chandraprakash Dwivedi","https://www.youtube.com/watch?v=wb0axt8nOtM","1457","https://www.youtube.com/playlist?list=PLY-qGtGftCjm1_tDxT2TsDAXXC2p-iutt","Chanakya_theofficial"
"19","455:31:49","Chanakya","Chanakya — चाणक्य Official | Episode 28- Part -2 | Directed & Acted by Dr. Chandraprakash Dwivedi","https://www.youtube.com/watch?v=eCVPNQlEh6w","1463","https://www.youtube.com/playlist?list=PLY-qGtGftCjm1_tDxT2TsDAXXC2p-iutt","Chanakya_theofficial"
"19","455:56:12","Swabhimaan","Swabhimaan — Swabhimaan | Episode 440 | Ashutosh Rana, Manoj Bajpayee | Classic Indian TV Serial","https://www.youtube.com/watch?v=yMHPFg_i03Y","1279","https://www.youtube.com/playlist?list=PLZeNWB9l7494","Classic Indian TV Serials"
"20","456:17:31","The Sword of Tipu Sultan","The Sword of Tipu Sultan — Tipu Sultan | Full Episode 30 | Sanjay Khan, Dipika Chikhlia, Swapnil Joshi | Dangal TV Gathaa","https://www.youtube.com/watch?v=yW15mFsocoU","2475","https://www.youtube.com/playlist?list=PLL8R100698ndzARBsLB6Z8jYs_52cDJJ7","Dangal TV Replay"
"20","456:58:46","Swabhimaan","Swabhimaan — Swabhimaan | Episode 441 | Ashutosh Rana, Manoj Bajpayee | Classic Indian TV Serial","https://www.youtube.com/watch?v=8h8WLQVW5ho","1314","https://www.youtube.com/playlist?list=PLZeNWB9l7494","Classic Indian TV Serials"
"20","457:20:40","Chandrakanta","Chandrakanta — Chandrakanta 1994 Episode 72","https://www.youtube.com/watch?v=VLfUppbVCuU","1148","https://www.youtube.com/playlist?list=PLKfQh0u-9j2YaM54LNfASdQYllxsoU05a","lone warrior"
"20","457:39:48","Swabhimaan","Swabhimaan — Swabhimaan | Episode 442 | Ashutosh Rana, Manoj Bajpayee | Classic Indian TV Serial","https://www.youtube.com/watch?v=djmksljwKsY","1327","https://www.youtube.com/playlist?list=PLZeNWB9l7494","Classic Indian TV Serials"
"20","458:01:55","Byomkesh Bakshi","Byomkesh Bakshi — Byomkesh Bakshi: Ep#18 - Amrit Ki Maut","https://www.youtube.com/watch?v=UR7Vcm1G9P4","2435","https://www.youtube.com/playlist?list=PLUiMfS6qzIMxiHu2N2Px1ISp5vxCm3PMo","Doordarshan National"
"20","458:42:30","Shri Krishna","Shri Krishna — Sri Krishna EP 122 - प्रद्युम्न रति मिलन | HQ WIDE SCREEN | English Subtitles","https://www.youtube.com/watch?v=xhp99AGEQmo","2807","https://www.youtube.com/playlist?list=PLFPJRCFRDARR9IkjkVi6O9ue5DjKiKtkI","Tilak"
"20","459:29:17","Alif Laila","Alif Laila — तिलिस्मी कहानिया !! सिंदबाद को मिली दूसरी मुसीबत Episode : 60 Alif Laila SuperHit Serial","https://www.youtube.com/watch?v=z8I-O4tEgg4","1310","https://www.youtube.com/playlist?list=PLqmdsOwstpJfOtjWGMFTGMruqQV7C5XoL","Sagar Pictures"
"20","459:51:07","Vintage ads","Vintage ads — 1985-90: Godrej Storwel TV ads (Godrej Storewell Steel Almirah Wardrobe)","https://www.youtube.com/watch?v=lMESVqsszno","129","https://www.youtube.com/playlist?list=PLycor1XF7S9HVMnWxndl27HgZJM5S8wRT","Guruprasad Gp"
"20","459:53:16","Swabhimaan","Swabhimaan — Swabhimaan | Episode 443 | Ashutosh Rana, Manoj Bajpayee | Classic Indian TV Serial","https://www.youtube.com/watch?v=QyWiCH4e5nA","1251","https://www.youtube.com/playlist?list=PLZeNWB9l7494","Classic Indian TV Serials"
"20","460:14:07","Dekh Bhai Dekh","Dekh Bhai Dekh — Dekh Bhai Dekh episode 31 part 1","https://www.youtube.com/watch?v=406sq7zHppY","451","https://www.youtube.com/playlist?list=UUYdB1nhxEAtjp-TLnv5utzg","LBEstudio"
"20","460:21:38","Dekh Bhai Dekh","Dekh Bhai Dekh — Dekh Bhai Dekh episode 31 part 2","https://www.youtube.com/watch?v=i9AYCdVccl8","451","https://www.youtube.com/playlist?list=UUYdB1nhxEAtjp-TLnv5utzg","LBEstudio"
"20","460:29:09","Dekh Bhai Dekh","Dekh Bhai Dekh — Dekh Bhai Dekh episode 31 part 3","https://www.youtube.com/watch?v=h3USmVYYp4Q","462","https://www.youtube.com/playlist?list=UUYdB1nhxEAtjp-TLnv5utzg","LBEstudio"
"20","460:36:51","Swabhimaan","Swabhimaan — Swabhimaan | Episode 444 | Ashutosh Rana, Manoj Bajpayee | Classic Indian TV Serial","https://www.youtube.com/watch?v=jMBMrrFYyww","1284","https://www.youtube.com/playlist?list=PLZeNWB9l7494","Classic Indian TV Serials"
"20","460:58:15","Swabhimaan","Swabhimaan — Swabhimaan | Episode 445 | Ashutosh Rana, Manoj Bajpayee | Classic Indian TV Serial","https://www.youtube.com/watch?v=kQ-tBOF5ni0","1311","https://www.youtube.com/playlist?list=PLZeNWB9l7494","Classic Indian TV Serials"
"20","461:20:06","Shri Krishna","Shri Krishna — Sri Krishna EP 123 - प्रद्युम्न की मायावी विधा समूर्ण होना | HQ WIDE SCREEN | English Subtitles","https://www.youtube.com/watch?v=WJ0nXUjfTSc","2796","https://www.youtube.com/playlist?list=PLFPJRCFRDARR9IkjkVi6O9ue5DjKiKtkI","Tilak"
"20","462:06:42","Swabhimaan","Swabhimaan — Swabhimaan | Episode 446 | Ashutosh Rana, Manoj Bajpayee | Classic Indian TV Serial","https://www.youtube.com/watch?v=7CowNuhGZDo","1314","https://www.youtube.com/playlist?list=PLZeNWB9l7494","Classic Indian TV Serials"
"20","462:28:36","Tehkikaat","Tehkikaat — Tehkikaat तहकीकात | Jealousi Turns Blood - Crime Serial | Ranjeet, Saurabh Shukla, Vijay A. | EP 27","https://www.youtube.com/watch?v=ljnV1NI0xD4","1117","https://www.youtube.com/playlist?list=PLImQCagB5etA0FMEJ7yrWIUBCzxgOBikn","Raj Rishi Serials"
"20","462:47:13","Chandrakanta","Chandrakanta — Chandrakanta 1994 Episode 73","https://www.youtube.com/watch?v=HZHywT5MB5o","1148","https://www.youtube.com/playlist?list=PLKfQh0u-9j2YaM54LNfASdQYllxsoU05a","lone warrior"
"20","463:06:21","Swabhimaan","Swabhimaan — Swabhimaan | Episode 447 | Ashutosh Rana, Manoj Bajpayee | Classic Indian TV Serial","https://www.youtube.com/watch?v=8qdI3qw0BO8","1330","https://www.youtube.com/playlist?list=PLZeNWB9l7494","Classic Indian TV Serials"
"20","463:28:31","Surabhi","Surabhi — Surabhi | सुरभि  : Ep - 34","https://www.youtube.com/watch?v=Bt29qkASH7s","1464","https://www.youtube.com/playlist?list=PLUiMfS6qzIMzE8lgWFaQ3qvVFCCONXALQ","Doordarshan National"
"20","463:52:55","Swabhimaan","Swabhimaan — Swabhimaan | Episode 448 | Ashutosh Rana, Manoj Bajpayee | Classic Indian TV Serial","https://www.youtube.com/watch?v=J8yq97PWxZ0","1163","https://www.youtube.com/playlist?list=PLZeNWB9l7494","Classic Indian TV Serials"
"20","464:12:18","The Great Maratha","The Great Maratha — The Great Maratha | Full Episode 24 | Irrfan Khan, Pankaj Dheer | Dangal TV Gathaa","https://www.youtube.com/watch?v=3508GkMup08","2354","https://www.youtube.com/playlist?list=PLL8R100698nc9lYCs25j4FrcGDyqdtq_B","Dangal TV Replay"
"20","464:51:32","Hum Log","Hum Log — Hum Log | Episode 34 | India's First Hindi TV Serial | Ashok Kumar, Seema Bhargava, Vinod & Jayshri","https://www.youtube.com/watch?v=0QL_QJQUetw","1310","https://www.youtube.com/playlist?list=PLaNSOkABhCUE","Goldmines Movies"
"20","465:13:22","Bharat Ek Khoj","Bharat Ek Khoj — Bharat Ek Khoj | Episode-32 | Akbar, Part I","https://www.youtube.com/watch?v=LF8xIKOsbo0","3557","https://www.youtube.com/playlist?list=PLqtVCj5iilH4w0Y8KBB4fqBu25T0sGhXG","Prasar Bharati Archives"
"20","466:12:39","Swabhimaan","Swabhimaan — Swabhimaan | Episode 449 | Ashutosh Rana, Manoj Bajpayee | Classic Indian TV Serial","https://www.youtube.com/watch?v=Tdu4uXSfncQ","1182","https://www.youtube.com/playlist?list=PLZeNWB9l7494","Classic Indian TV Serials"
"20","466:32:21","Shri Krishna","Shri Krishna — Sri Krishna EP 124 - विकटासुर का वध  | HQ WIDE SCREEN | English Subtitles","https://www.youtube.com/watch?v=3e9R20PRqUo","2901","https://www.youtube.com/playlist?list=PLFPJRCFRDARR9IkjkVi6O9ue5DjKiKtkI","Tilak"
"20","467:20:42","Swabhimaan","Swabhimaan — Swabhimaan | Episode 450 | Ashutosh Rana, Manoj Bajpayee | Classic Indian TV Serial","https://www.youtube.com/watch?v=hDeSAEJNavQ","1324","https://www.youtube.com/playlist?list=PLZeNWB9l7494","Classic Indian TV Serials"
"20","467:42:46","Swabhimaan","Swabhimaan — Swabhimaan | Episode 451 | Ashutosh Rana, Manoj Bajpayee | Classic Indian TV Serial","https://www.youtube.com/watch?v=U0hQ-juEoJo","1241","https://www.youtube.com/playlist?list=PLZeNWB9l7494","Classic Indian TV Serials"
"20","468:03:27","Alif Laila","Alif Laila — ज़ालिम खलकाश मर के भी हुआ ज़िंदा Episode : 61 |Alif Laila |Super Hit Serial","https://www.youtube.com/watch?v=pXwvUa2B6XU","1279","https://www.youtube.com/playlist?list=PLqmdsOwstpJfOtjWGMFTGMruqQV7C5XoL","Sagar Pictures"
"20","468:24:46","Swabhimaan","Swabhimaan — Swabhimaan | Episode 452 | Ashutosh Rana, Manoj Bajpayee | Classic Indian TV Serial","https://www.youtube.com/watch?v=_ccJiHnLjNg","1197","https://www.youtube.com/playlist?list=PLZeNWB9l7494","Classic Indian TV Serials"
"20","468:44:43","Chandrakanta","Chandrakanta — Chandrakanta 1994 Episode 74","https://www.youtube.com/watch?v=ZjtcWVQM7Kw","1148","https://www.youtube.com/playlist?list=PLKfQh0u-9j2YaM54LNfASdQYllxsoU05a","lone warrior"
"20","469:03:51","Shri Krishna","Shri Krishna — Sri Krishna EP 125 - प्रद्युम्न ने शम्भ्रासुर के विजय स्तंभ को किया नष्ट | HQ WIDE SCREEN","https://www.youtube.com/watch?v=KzQ_58ZAhSM","2776","https://www.youtube.com/playlist?list=PLFPJRCFRDARR9IkjkVi6O9ue5DjKiKtkI","Tilak"
"20","469:50:07","Swabhimaan","Swabhimaan — Swabhimaan | Episode 453 | Ashutosh Rana, Manoj Bajpayee | Classic Indian TV Serial","https://www.youtube.com/watch?v=f-onPou_i7E","1327","https://www.youtube.com/playlist?list=PLZeNWB9l7494","Classic Indian TV Serials"
"20","470:12:14","Vintage ads","Vintage ads — 1983: Limca - Drink Straight from the Bottle","https://www.youtube.com/watch?v=F-_u0_vo_Rk","152","https://www.youtube.com/playlist?list=PLycor1XF7S9HVMnWxndl27HgZJM5S8wRT","Guruprasad Gp"
"20","470:14:46","The Sword of Tipu Sultan","The Sword of Tipu Sultan — Tipu Sultan | Full Episode 31 | Sanjay Khan, Dipika Chikhlia, Swapnil Joshi | Dangal TV Gathaa","https://www.youtube.com/watch?v=UHGhVkMJapM","2489","https://www.youtube.com/playlist?list=PLL8R100698ndzARBsLB6Z8jYs_52cDJJ7","Dangal TV Replay"
"20","470:56:15","Swabhimaan","Swabhimaan — Swabhimaan | Episode 454 | Ashutosh Rana, Manoj Bajpayee | Classic Indian TV Serial","https://www.youtube.com/watch?v=P9JSpNzuvLo","1192","https://www.youtube.com/playlist?list=PLZeNWB9l7494","Classic Indian TV Serials"
"20","471:16:07","Swabhimaan","Swabhimaan — Swabhimaan | Episode 455 | Ashutosh Rana, Manoj Bajpayee | Classic Indian TV Serial","https://www.youtube.com/watch?v=wBWL3q7XtBM","1195","https://www.youtube.com/playlist?list=PLZeNWB9l7494","Classic Indian TV Serials"
"20","471:36:02","Chanakya","Chanakya — चाणक्य Official | Episode 29- Part -1 | Directed & Acted by Dr. Chandraprakash Dwivedi","https://www.youtube.com/watch?v=LKq4hp4wv_A","1589","https://www.youtube.com/playlist?list=PLY-qGtGftCjm1_tDxT2TsDAXXC2p-iutt","Chanakya_theofficial"
"20","472:02:31","Chanakya","Chanakya — चाणक्य Official | Episode 29- Part -2 | Directed & Acted by Dr. Chandraprakash Dwivedi","https://www.youtube.com/watch?v=bQ3XYxWSQio","1543","https://www.youtube.com/playlist?list=PLY-qGtGftCjm1_tDxT2TsDAXXC2p-iutt","Chanakya_theofficial"
"20","472:28:14","Swabhimaan","Swabhimaan — Swabhimaan | Episode 456 | Ashutosh Rana, Manoj Bajpayee | Classic Indian TV Serial","https://www.youtube.com/watch?v=Bbpngawfkxo","1299","https://www.youtube.com/playlist?list=PLZeNWB9l7494","Classic Indian TV Serials"
"20","472:49:53","Shri Krishna","Shri Krishna — Sri Krishna EP 126 - प्रद्युम्न और शम्भ्रासुर के पुत्रों में युद्ध | HQ WIDE SCREEN","https://www.youtube.com/watch?v=KQJr4XC9zGI","2781","https://www.youtube.com/playlist?list=PLFPJRCFRDARR9IkjkVi6O9ue5DjKiKtkI","Tilak"
"20","473:36:14","Swabhimaan","Swabhimaan — Swabhimaan | Episode 457 | Ashutosh Rana, Manoj Bajpayee | Classic Indian TV Serial","https://www.youtube.com/watch?v=H4H2WcnxIsE","1209","https://www.youtube.com/playlist?list=PLZeNWB9l7494","Classic Indian TV Serials"
"20","473:56:23","Dekh Bhai Dekh","Dekh Bhai Dekh — Dekh Bhai Dekh episode 32 part 1","https://www.youtube.com/watch?v=ONvaF-n6IQw","451","https://www.youtube.com/playlist?list=UUYdB1nhxEAtjp-TLnv5utzg","LBEstudio"
"20","474:03:54","Dekh Bhai Dekh","Dekh Bhai Dekh — Dekh Bhai Dekh episode 32 part 2","https://www.youtube.com/watch?v=xjfA_FaumQU","451","https://www.youtube.com/playlist?list=UUYdB1nhxEAtjp-TLnv5utzg","LBEstudio"
"20","474:11:25","Dekh Bhai Dekh","Dekh Bhai Dekh — Dekh Bhai Dekh episode 32 part 3","https://www.youtube.com/watch?v=_ukxqpRdJ2Y","465","https://www.youtube.com/playlist?list=UUYdB1nhxEAtjp-TLnv5utzg","LBEstudio"
"20","474:19:10","Om Namah Shivay","Om Namah Shivay — भगवान विष्णु नारद को सांत्वना देते हैं | Om Namah Shivay TV Serial | Episode 187","https://www.youtube.com/watch?v=pLzUMTo4u4Q","1222","https://www.youtube.com/playlist?list=PL5A5QJkW7MkuEgaSMSlkmc51V_jBHv6fO","Saregama Bhakti"
"20","474:39:32","Swabhimaan","Swabhimaan — Swabhimaan | Episode 458 | Ashutosh Rana, Manoj Bajpayee | Classic Indian TV Serial","https://www.youtube.com/watch?v=7uyEYdo18VU","1158","https://www.youtube.com/playlist?list=PLZeNWB9l7494","Classic Indian TV Serials"
"20","474:58:50","Chandrakanta","Chandrakanta — Chandrakanta 1994 Episode 75","https://www.youtube.com/watch?v=_0a7jPZ2dZk","1105","https://www.youtube.com/playlist?list=PLKfQh0u-9j2YaM54LNfASdQYllxsoU05a","lone warrior"
"20","475:17:15","Swabhimaan","Swabhimaan — Swabhimaan | Episode 460 | Ashutosh Rana, Manoj Bajpayee | Classic Indian TV Serial","https://www.youtube.com/watch?v=hyf2ahkfkEo","1265","https://www.youtube.com/playlist?list=PLZeNWB9l7494","Classic Indian TV Serials"
"20","475:38:20","Tehkikaat","Tehkikaat — Tehkikaat तहकीकात | Jealousi Turns Blood - Crime Serial | Ranjeet, Saurabh Shukla, Vijay A. | EP 28","https://www.youtube.com/watch?v=7aeIC5kX5NU","1249","https://www.youtube.com/playlist?list=PLImQCagB5etA0FMEJ7yrWIUBCzxgOBikn","Raj Rishi Serials"
"20","475:59:09","Alif Laila","Alif Laila — सिंदबाद के कैसे बचाया सुन्दर राजकुमारी को Episode : 62 Alif Laila | Original Full HD","https://www.youtube.com/watch?v=ZWOSsOAdLSs","1366","https://www.youtube.com/playlist?list=PLqmdsOwstpJfOtjWGMFTGMruqQV7C5XoL","Sagar Pictures"
"20","476:21:55","Shri Krishna","Shri Krishna — Sri Krishna EP 127 - कुंभकेतु और प्रद्युम्न के बीच युद्ध | HQ WIDE SCREEN | English Subtitles","https://www.youtube.com/watch?v=eBKIezeMfFE","2872","https://www.youtube.com/playlist?list=PLFPJRCFRDARR9IkjkVi6O9ue5DjKiKtkI","Tilak"
"20","477:09:47","Swabhimaan","Swabhimaan — Swabhimaan | Episode 461 | Ashutosh Rana, Manoj Bajpayee | Classic Indian TV Serial","https://www.youtube.com/watch?v=AMfYqkCdN94","1200","https://www.youtube.com/playlist?list=PLZeNWB9l7494","Classic Indian TV Serials"
"20","477:29:47","Surabhi","Surabhi — Surabhi | सुरभि  : Ep - 35","https://www.youtube.com/watch?v=jpuhz9Ufw9E","1449","https://www.youtube.com/playlist?list=PLUiMfS6qzIMzE8lgWFaQ3qvVFCCONXALQ","Doordarshan National"
"20","477:53:56","Swabhimaan","Swabhimaan — Swabhimaan | Episode 462 | Ashutosh Rana, Manoj Bajpayee | Classic Indian TV Serial","https://www.youtube.com/watch?v=xMcotizddko","1172","https://www.youtube.com/playlist?list=PLZeNWB9l7494","Classic Indian TV Serials"
"20","478:13:28","Hum Log","Hum Log — Hum Log | Episode 35 | India's First Hindi TV Serial | Ashok Kumar, Seema Bhargava, Vinod & Jayshri","https://www.youtube.com/watch?v=ohgBN8-fTEQ","1358","https://www.youtube.com/playlist?list=PLaNSOkABhCUE","Goldmines Movies"
"20","478:36:06","Swabhimaan","Swabhimaan — Swabhimaan | Episode 463 | Ashutosh Rana, Manoj Bajpayee | Classic Indian TV Serial","https://www.youtube.com/watch?v=RRuI8GWDhyo","1192","https://www.youtube.com/playlist?list=PLZeNWB9l7494","Classic Indian TV Serials"
"20","478:55:58","Swabhimaan","Swabhimaan — Swabhimaan | Episode 464 | Ashutosh Rana, Manoj Bajpayee | Classic Indian TV Serial","https://www.youtube.com/watch?v=44_4TY02WPc","1241","https://www.youtube.com/playlist?list=PLZeNWB9l7494","Classic Indian TV Serials"
"20","479:16:39","Shri Krishna","Shri Krishna — Sri Krishna EP 128 - प्रद्युम्न ने किया कुंभकेतु का वध | HQ WIDE SCREEN | English Subtitles","https://www.youtube.com/watch?v=qemEtXp8gy0","2807","https://www.youtube.com/playlist?list=PLFPJRCFRDARR9IkjkVi6O9ue5DjKiKtkI","Tilak"
"21","480:03:26","Chandrakanta","Chandrakanta — Chandrakanta 1994 Episode 76 LONE WARRIOR","https://www.youtube.com/watch?v=UogepS5XoGo","1003","https://www.youtube.com/playlist?list=PLKfQh0u-9j2YaM54LNfASdQYllxsoU05a","lone warrior"
"21","480:20:09","Swabhimaan","Swabhimaan — Swabhimaan | Episode 465 | Ashutosh Rana, Manoj Bajpayee | Classic Indian TV Serial","https://www.youtube.com/watch?v=yMXzl4xk3Pc","1233","https://www.youtube.com/playlist?list=PLZeNWB9l7494","Classic Indian TV Serials"
"21","480:40:42","Circus","Circus — Shahrukh Khan starrer Circus - Ep #12","https://www.youtube.com/watch?v=y3ReQHI2kU8","1458","https://www.youtube.com/playlist?list=PLUiMfS6qzIMzAqteEcp055VDYpgZDbeyT","Doordarshan National"
"21","481:05:00","Vikram Aur Betaal","Vikram Aur Betaal — रामानंद सागर कृत विक्रम और बेताल भाग 16 - राजा वल्लभ और उसकी व्यर्थ राजकोष को उड़ाने की कथा","https://www.youtube.com/watch?v=ex722UHMd80","1391","https://www.youtube.com/playlist?list=PL-eaGjSO6F70C3-LkA3kEqAIHkdDLhI6Q","Tilak Kathayein"
"21","481:28:11","Malgudi Days","Malgudi Days — Malgudi Days (Hindi) - मालगुडी डेज़ (हिंदी) - The Vendor of Sweets (Part 2) - मिठाईवाला","https://www.youtube.com/watch?v=qc0NYcq-1nU","1244","https://www.youtube.com/playlist?list=PLIhvrpwTgKyrXD3jx9PSxMaP7_j53RmXS","Ultra TV Series"
"21","481:48:55","Swabhimaan","Swabhimaan — Swabhimaan | Episode 466 | Ashutosh Rana, Manoj Bajpayee | Classic Indian TV Serial","https://www.youtube.com/watch?v=lZaqsvQG2D0","1310","https://www.youtube.com/playlist?list=PLZeNWB9l7494","Classic Indian TV Serials"
"21","482:10:45","The Great Maratha","The Great Maratha — The Great Maratha | Full Episode 25 | Irrfan Khan, Pankaj Dheer | Dangal TV Gathaa","https://www.youtube.com/watch?v=rDqNIWxkbTc","2655","https://www.youtube.com/playlist?list=PLL8R100698nc9lYCs25j4FrcGDyqdtq_B","Dangal TV Replay"
"21","482:55:00","Byomkesh Bakshi","Byomkesh Bakshi — Byomkesh Bakshi: Ep#19 - Pahari Rahasya","https://www.youtube.com/watch?v=gtqkVL0Ijgk","2408","https://www.youtube.com/playlist?list=PLUiMfS6qzIMxiHu2N2Px1ISp5vxCm3PMo","Doordarshan National"
"21","483:35:08","Bharat Ek Khoj","Bharat Ek Khoj — Bharat Ek Khoj | Episode-33 | Akbar, Part II","https://www.youtube.com/watch?v=ZCCuQU852cA","3529","https://www.youtube.com/playlist?list=PLqtVCj5iilH4w0Y8KBB4fqBu25T0sGhXG","Prasar Bharati Archives"
"21","484:33:57","Swabhimaan","Swabhimaan — Swabhimaan | Episode 467 | Ashutosh Rana, Manoj Bajpayee | Classic Indian TV Serial","https://www.youtube.com/watch?v=LxffwB60LGg","1187","https://www.youtube.com/playlist?list=PLZeNWB9l7494","Classic Indian TV Serials"
"21","484:53:44","Swabhimaan","Swabhimaan — Swabhimaan | Episode 468 | Ashutosh Rana, Manoj Bajpayee | Classic Indian TV Serial","https://www.youtube.com/watch?v=0-iZbCnlNXo","1321","https://www.youtube.com/playlist?list=PLZeNWB9l7494","Classic Indian TV Serials"
"21","485:15:45","Vintage ads","Vintage ads — 1985: Hero Honda CD100 - Young Salman Khan","https://www.youtube.com/watch?v=gVWp7O5PJ7U","73","https://www.youtube.com/playlist?list=PLycor1XF7S9HVMnWxndl27HgZJM5S8wRT","Guruprasad Gp"
"21","485:16:58","Shri Krishna","Shri Krishna — Sri Krishna EP 130 - शम्भ्रासुर का वद्ध | HQ WIDE SCREEN | English Subtitles","https://www.youtube.com/watch?v=Gspy7f4aIkA","2825","https://www.youtube.com/playlist?list=PLFPJRCFRDARR9IkjkVi6O9ue5DjKiKtkI","Tilak"
"21","486:04:03","Junoon","Junoon — घर वापसी या धोखा ? | Junoon Episode - 246 | Punit Issar Archana Puran Singh","https://www.youtube.com/watch?v=ZG2yBwJsRYo","1302","https://www.youtube.com/playlist?list=PLrkDcuaB2OX_ZuAo48tg5pEa2BjdoM8Y2","Cinevista Entertainment"
"21","486:25:45","Swabhimaan","Swabhimaan — Swabhimaan | Episode 469 | Ashutosh Rana, Manoj Bajpayee | Classic Indian TV Serial","https://www.youtube.com/watch?v=0mbrVgEtpfs","1332","https://www.youtube.com/playlist?list=PLZeNWB9l7494","Classic Indian TV Serials"
"21","486:47:57","The Sword of Tipu Sultan","The Sword of Tipu Sultan — Tipu Sultan | Full Episode 32 | Sanjay Khan, Dipika Chikhlia, Swapnil Joshi | Dangal TV Gathaa","https://www.youtube.com/watch?v=XJm80hhKGfI","2636","https://www.youtube.com/playlist?list=PLL8R100698ndzARBsLB6Z8jYs_52cDJJ7","Dangal TV Replay"
"21","487:31:53","Alif Laila","Alif Laila — सिंदबाद को जब शैतानो ने पकड़ लिया !! Alif Laila : Episode : 63 !! Original Full HD !! 1080p","https://www.youtube.com/watch?v=neDIxrkQ-cs","1271","https://www.youtube.com/playlist?list=PLqmdsOwstpJfOtjWGMFTGMruqQV7C5XoL","Sagar Pictures"
"21","487:53:04","Chandrakanta","Chandrakanta — Chandrakanta 1994 Episode 77 LONE WARRIOR","https://www.youtube.com/watch?v=3sLSF4k9epg","1148","https://www.youtube.com/playlist?list=PLKfQh0u-9j2YaM54LNfASdQYllxsoU05a","lone warrior"
"21","488:12:12","Swabhimaan","Swabhimaan — Swabhimaan | Episode 470 | Ashutosh Rana, Manoj Bajpayee | Classic Indian TV Serial","https://www.youtube.com/watch?v=SGtaPId7q68","1261","https://www.youtube.com/playlist?list=PLZeNWB9l7494","Classic Indian TV Serials"
"21","488:33:13","Wagle Ki Duniya","Wagle Ki Duniya — Wagle Ki Duniya - Episode 08 - Car | DD EXCLUSIVE","https://www.youtube.com/watch?v=2rUNNa1BTjA","1370","https://www.youtube.com/playlist?list=PL5TZ-0sMyEgVQcbG4E10bBeGcQEQ3WR-S","90's Ki Yaadein"
"21","488:56:03","Swabhimaan","Swabhimaan — Swabhimaan | Episode 471 | Ashutosh Rana, Manoj Bajpayee | Classic Indian TV Serial","https://www.youtube.com/watch?v=QwMD8YVVJwM","1190","https://www.youtube.com/playlist?list=PLZeNWB9l7494","Classic Indian TV Serials"
"21","489:15:53","Shri Krishna","Shri Krishna — Sri Krishna EP 131 - द्वापर युग में हनुमान जी से मिलने आए श्री कृष्ण | HQ WIDE SCREEN","https://www.youtube.com/watch?v=7mD0sW-NMug","2832","https://www.youtube.com/playlist?list=PLFPJRCFRDARR9IkjkVi6O9ue5DjKiKtkI","Tilak"
"21","490:03:05","Swabhimaan","Swabhimaan — Swabhimaan | Episode 472 | Ashutosh Rana, Manoj Bajpayee | Classic Indian TV Serial","https://www.youtube.com/watch?v=BPinIyxxm6A","1268","https://www.youtube.com/playlist?list=PLZeNWB9l7494","Classic Indian TV Serials"
"21","490:24:13","Nukkad","Nukkad — Nukkad   Episode #15   Hameed Comes To Nukkad   Best TV Show","https://www.youtube.com/watch?v=91CxeGkSKLs","1400","https://www.youtube.com/playlist?list=PLDXzvDkBVqqSGYLZPlZQfl_Vn-JmuiTDN","movie clips"
"21","490:47:33","Dekh Bhai Dekh","Dekh Bhai Dekh — Dekh Bhai Dekh episode 33 part 1","https://www.youtube.com/watch?v=88zvTtW7qGw","451","https://www.youtube.com/playlist?list=UUYdB1nhxEAtjp-TLnv5utzg","LBEstudio"
"21","490:55:04","Dekh Bhai Dekh","Dekh Bhai Dekh — Dekh Bhai Dekh episode 33 part 2","https://www.youtube.com/watch?v=FPDojIzqVqc","451","https://www.youtube.com/playlist?list=UUYdB1nhxEAtjp-TLnv5utzg","LBEstudio"
"21","491:02:35","Dekh Bhai Dekh","Dekh Bhai Dekh — Dekh Bhai Dekh episode 33 part 3","https://www.youtube.com/watch?v=fKYAjLgjpfI","458","https://www.youtube.com/playlist?list=UUYdB1nhxEAtjp-TLnv5utzg","LBEstudio"
"21","491:10:13","Swabhimaan","Swabhimaan — Swabhimaan | Episode 473 | Ashutosh Rana, Manoj Bajpayee | Classic Indian TV Serial","https://www.youtube.com/watch?v=vwB0uerkCtw","1280","https://www.youtube.com/playlist?list=PLZeNWB9l7494","Classic Indian TV Serials"
"21","491:31:33","Surabhi","Surabhi — Surabhi | सुरभि  : Ep - 36","https://www.youtube.com/watch?v=9QpWqqg-CAk","1418","https://www.youtube.com/playlist?list=PLUiMfS6qzIMzE8lgWFaQ3qvVFCCONXALQ","Doordarshan National"
"21","491:55:11","Swabhimaan","Swabhimaan — Swabhimaan | Episode 474 | Ashutosh Rana, Manoj Bajpayee | Classic Indian TV Serial","https://www.youtube.com/watch?v=3CGYeTh0Nq0","1168","https://www.youtube.com/playlist?list=PLZeNWB9l7494","Classic Indian TV Serials"
"21","492:14:39","Chanakya","Chanakya — चाणक्य Official | Episode 30 - Part -1 | Directed & Acted by Dr. Chandraprakash Dwivedi","https://www.youtube.com/watch?v=TLQq83GMsrQ","1596","https://www.youtube.com/playlist?list=PLY-qGtGftCjm1_tDxT2TsDAXXC2p-iutt","Chanakya_theofficial"
"21","492:41:15","Chanakya","Chanakya — चाणक्य Official | Episode 30 - Part -2 | Directed & Acted by Dr. Chandraprakash Dwivedi","https://www.youtube.com/watch?v=Hida1rgvH3Q","1563","https://www.youtube.com/playlist?list=PLY-qGtGftCjm1_tDxT2TsDAXXC2p-iutt","Chanakya_theofficial"
"21","493:07:18","Vintage ads","Vintage ads — 1988: Santoor Haldi Chandan Soap","https://www.youtube.com/watch?v=C7y8lg790pk","31","https://www.youtube.com/playlist?list=PLycor1XF7S9HVMnWxndl27HgZJM5S8wRT","Guruprasad Gp"
"21","493:07:49","Swabhimaan","Swabhimaan — Swabhimaan | Episode 475 | Ashutosh Rana, Manoj Bajpayee | Classic Indian TV Serial","https://www.youtube.com/watch?v=NfBkaZu_g-U","1274","https://www.youtube.com/playlist?list=PLZeNWB9l7494","Classic Indian TV Serials"
"21","493:29:03","Shri Krishna","Shri Krishna — Sri Krishna EP 132 - राजा पोंड्रक का अहंकार | HQ WIDE SCREEN | English Subtitles","https://www.youtube.com/watch?v=xqQ32-ciIE4","2820","https://www.youtube.com/playlist?list=PLFPJRCFRDARR9IkjkVi6O9ue5DjKiKtkI","Tilak"
"21","494:16:03","Tehkikaat","Tehkikaat — Tehkikaat तहकीकात | Jealousi Turns Blood - Crime Serial | Ranjeet, Saurabh Shukla, Vijay A. | EP 29","https://www.youtube.com/watch?v=eJFkjkO2PnQ","1165","https://www.youtube.com/playlist?list=PLImQCagB5etA0FMEJ7yrWIUBCzxgOBikn","Raj Rishi Serials"
"21","494:35:28","Chandrakanta","Chandrakanta — Chandrakanta 1994 Episode 78 LONE WARRIOR","https://www.youtube.com/watch?v=DuIG5ZnWqCw","1148","https://www.youtube.com/playlist?list=PLKfQh0u-9j2YaM54LNfASdQYllxsoU05a","lone warrior"
"21","494:54:36","Hum Log","Hum Log — Hum Log | Episode 36 | India's First Hindi TV Serial | Ashok Kumar, Seema Bhargava, Vinod & Jayshri","https://www.youtube.com/watch?v=-gBZoTa1vHo","1289","https://www.youtube.com/playlist?list=PLaNSOkABhCUE","Goldmines Movies"
"21","495:16:05","Swabhimaan","Swabhimaan — Swabhimaan | Episode 476 | Ashutosh Rana, Manoj Bajpayee | Classic Indian TV Serial","https://www.youtube.com/watch?v=wgEXgWvSmp4","1198","https://www.youtube.com/playlist?list=PLZeNWB9l7494","Classic Indian TV Serials"
"21","495:36:03","Swabhimaan","Swabhimaan — Swabhimaan | Episode 477 | Ashutosh Rana, Manoj Bajpayee | Classic Indian TV Serial","https://www.youtube.com/watch?v=Er01lBDlSu0","1180","https://www.youtube.com/playlist?list=PLZeNWB9l7494","Classic Indian TV Serials"
"21","495:55:43","Vintage ads","Vintage ads — 1990: Hostess Chips - No one can eat just one","https://www.youtube.com/watch?v=yjNbkXDhrbE","63","https://www.youtube.com/playlist?list=PLycor1XF7S9HVMnWxndl27HgZJM5S8wRT","Guruprasad Gp"
"21","495:56:46","Swabhimaan","Swabhimaan — Swabhimaan | Episode 478 | Ashutosh Rana, Manoj Bajpayee | Classic Indian TV Serial","https://www.youtube.com/watch?v=CQhlCLkH6sM","1194","https://www.youtube.com/playlist?list=PLZeNWB9l7494","Classic Indian TV Serials"
"21","496:16:40","Alif Laila","Alif Laila — सिंदबाद ने कैसे शैतानो को सबक सिखाया !! Alif laila Episode : 64 !! Original Full HD !! Sagar Picture","https://www.youtube.com/watch?v=lanBXOsjFko","1076","https://www.youtube.com/playlist?list=PLqmdsOwstpJfOtjWGMFTGMruqQV7C5XoL","Sagar Pictures"
"21","496:34:36","Udaan","Udaan — Udaan DD national serial episode 18 #doordarshan उड़ान दूरदर्शन सीरियल एपिसोड 18 डीडी नेशनल","https://www.youtube.com/watch?v=1FLMvsHRmb0","1735","https://www.youtube.com/playlist?list=PLFSBneXK-Uv8l6Fs99d5HyhaMlW8q8tWk","Doordarshan Serial"
"21","497:03:31","Shri Krishna","Shri Krishna — Sri Krishna EP 133 - हनुमान जी की चेतावनी | द्वित वानर प्रकोप | HQ WIDE SCREEN | English Subtitles","https://www.youtube.com/watch?v=gWgtiXmTbVA","2922","https://www.youtube.com/playlist?list=PLFPJRCFRDARR9IkjkVi6O9ue5DjKiKtkI","Tilak"
"21","497:52:13","Swabhimaan","Swabhimaan — Swabhimaan | Episode 479 | Ashutosh Rana, Manoj Bajpayee | Classic Indian TV Serial","https://www.youtube.com/watch?v=xd_Tunjjfuk","1333","https://www.youtube.com/playlist?list=PLZeNWB9l7494","Classic Indian TV Serials"
"21","498:14:26","Swabhimaan","Swabhimaan — Swabhimaan | Episode 480 | Ashutosh Rana, Manoj Bajpayee | Classic Indian TV Serial","https://www.youtube.com/watch?v=7syUcGyoVlQ","1198","https://www.youtube.com/playlist?list=PLZeNWB9l7494","Classic Indian TV Serials"
"21","498:34:24","Swabhimaan","Swabhimaan — Swabhimaan | Episode 481 | Ashutosh Rana, Manoj Bajpayee | Classic Indian TV Serial","https://www.youtube.com/watch?v=zVFtbDfVm50","1232","https://www.youtube.com/playlist?list=PLZeNWB9l7494","Classic Indian TV Serials"
"21","498:54:56","Chandrakanta","Chandrakanta — Chandrakanta 1994 Episode 79","https://www.youtube.com/watch?v=VTOUnW2aU_w","1148","https://www.youtube.com/playlist?list=PLKfQh0u-9j2YaM54LNfASdQYllxsoU05a","lone warrior"
"21","499:14:04","Swabhimaan","Swabhimaan — Swabhimaan | Episode 482 | Ashutosh Rana, Manoj Bajpayee | Classic Indian TV Serial","https://www.youtube.com/watch?v=aw4hjplMTIQ","1268","https://www.youtube.com/playlist?list=PLZeNWB9l7494","Classic Indian TV Serials"
"21","499:35:12","Shri Krishna","Shri Krishna — Sri Krishna EP 134 - वीरमणि पर पोंड्रक का अत्याचार  | HQ WIDE SCREEN | English Subtitles","https://www.youtube.com/watch?v=DI-KE7raSZc","2754","https://www.youtube.com/playlist?list=PLFPJRCFRDARR9IkjkVi6O9ue5DjKiKtkI","Tilak"
"21","500:21:06","Vintage ads","Vintage ads — 1989: Lipton Tree Top - Tetra Pak Juice","https://www.youtube.com/watch?v=kAyzuqUB8OM","79","https://www.youtube.com/playlist?list=PLycor1XF7S9HVMnWxndl27HgZJM5S8wRT","Guruprasad Gp"
"21","500:22:25","Swabhimaan","Swabhimaan — Swabhimaan | Episode 483 | Ashutosh Rana, Manoj Bajpayee | Classic Indian TV Serial","https://www.youtube.com/watch?v=9ElSWb7So7Y","1210","https://www.youtube.com/playlist?list=PLZeNWB9l7494","Classic Indian TV Serials"
"21","500:42:35","Bharat Ek Khoj","Bharat Ek Khoj — Bharat Ek Khoj | Episode-34 | Golden Hind","https://www.youtube.com/watch?v=pPVy35uvFHg","3234","https://www.youtube.com/playlist?list=PLqtVCj5iilH4w0Y8KBB4fqBu25T0sGhXG","Prasar Bharati Archives"
"21","501:36:29","Swabhimaan","Swabhimaan — Swabhimaan | Episode 484 | Ashutosh Rana, Manoj Bajpayee | Classic Indian TV Serial","https://www.youtube.com/watch?v=JpE1duUTpI8","1233","https://www.youtube.com/playlist?list=PLZeNWB9l7494","Classic Indian TV Serials"
"21","501:57:02","The Great Maratha","The Great Maratha — The Great Maratha | Full Episode 26 | Irrfan Khan, Pankaj Dheer | Dangal TV Gathaa","https://www.youtube.com/watch?v=KtKVHK22fkc","2618","https://www.youtube.com/playlist?list=PLL8R100698nc9lYCs25j4FrcGDyqdtq_B","Dangal TV Replay"
"21","502:40:40","The Sword of Tipu Sultan","The Sword of Tipu Sultan — Tipu Sultan | Full Episode 33 | Sanjay Khan, Dipika Chikhlia, Swapnil Joshi | Dangal TV Gathaa","https://www.youtube.com/watch?v=qP_riVD9pAA","2484","https://www.youtube.com/playlist?list=PLL8R100698ndzARBsLB6Z8jYs_52cDJJ7","Dangal TV Replay"
"21","503:22:04","Swabhimaan","Swabhimaan — Swabhimaan | Episode 485 | Ashutosh Rana, Manoj Bajpayee | Classic Indian TV Serial","https://www.youtube.com/watch?v=LnM3BtWDPqI","1401","https://www.youtube.com/playlist?list=PLZeNWB9l7494","Classic Indian TV Serials"
"21","503:45:25","Alif Laila","Alif Laila — शैतान हलकाश को ख़तम करने के सिंदबाद ने चली नई चाल Episode : 65 | Alif Laila | Original Full HD","https://www.youtube.com/watch?v=avhbnuCSm5I","1294","https://www.youtube.com/playlist?list=PLqmdsOwstpJfOtjWGMFTGMruqQV7C5XoL","Sagar Pictures"
"22","504:06:59","Shri Krishna","Shri Krishna — Sri Krishna EP 135  - हनुमान जी ने पोंड्र नगरी को किया ध्वस्त | HQ WIDE SCREEN | English Subtitles","https://www.youtube.com/watch?v=iDL_SrB_Bx8","2814","https://www.youtube.com/playlist?list=PLFPJRCFRDARR9IkjkVi6O9ue5DjKiKtkI","Tilak"
"22","504:53:53","Swabhimaan","Swabhimaan — Swabhimaan | Episode 486 | Ashutosh Rana, Manoj Bajpayee | Classic Indian TV Serial","https://www.youtube.com/watch?v=DRBK-voVEd8","1212","https://www.youtube.com/playlist?list=PLZeNWB9l7494","Classic Indian TV Serials"
"22","505:14:05","Surabhi","Surabhi — Surabhi | सुरभि  : Ep - 37","https://www.youtube.com/watch?v=0J84_zjQgw4","1445","https://www.youtube.com/playlist?list=PLUiMfS6qzIMzE8lgWFaQ3qvVFCCONXALQ","Doordarshan National"
"22","505:38:10","Dekh Bhai Dekh","Dekh Bhai Dekh — Dekh Bhai Dekh episode 34 part 1","https://www.youtube.com/watch?v=ivy7iKjGkYA","451","https://www.youtube.com/playlist?list=UUYdB1nhxEAtjp-TLnv5utzg","LBEstudio"
"22","505:45:41","Dekh Bhai Dekh","Dekh Bhai Dekh — Dekh Bhai Dekh episode 34 part 2","https://www.youtube.com/watch?v=IEvXoe1b7UQ","451","https://www.youtube.com/playlist?list=UUYdB1nhxEAtjp-TLnv5utzg","LBEstudio"
"22","505:53:12","Dekh Bhai Dekh","Dekh Bhai Dekh — Dekh Bhai Dekh episode 34 part 3","https://www.youtube.com/watch?v=zaE_Emn6MLA","437","https://www.youtube.com/playlist?list=UUYdB1nhxEAtjp-TLnv5utzg","LBEstudio"
"22","506:00:29","Swabhimaan","Swabhimaan — Swabhimaan | Episode 487 | Ashutosh Rana, Manoj Bajpayee | Classic Indian TV Serial","https://www.youtube.com/watch?v=t4qEB-C7Uyw","1353","https://www.youtube.com/playlist?list=PLZeNWB9l7494","Classic Indian TV Serials"
"22","506:23:02","Chandrakanta","Chandrakanta — Chandrakanta 1994 Episode 80","https://www.youtube.com/watch?v=y3T1ix5CWRE","1148","https://www.youtube.com/playlist?list=PLKfQh0u-9j2YaM54LNfASdQYllxsoU05a","lone warrior"
"22","506:42:10","Hum Log","Hum Log — Hum Log | Episode 37 | India's First Hindi TV Serial | Ashok Kumar, Seema Bhargava, Vinod & Jayshri","https://www.youtube.com/watch?v=gTol4Ja-FpU","1328","https://www.youtube.com/playlist?list=PLaNSOkABhCUE","Goldmines Movies"
"22","507:04:18","Swabhimaan","Swabhimaan — Swabhimaan | Episode 488 | Ashutosh Rana, Manoj Bajpayee | Classic Indian TV Serial","https://www.youtube.com/watch?v=fRzciZVFPYw","1345","https://www.youtube.com/playlist?list=PLZeNWB9l7494","Classic Indian TV Serials"
"22","507:26:43","Byomkesh Bakshi","Byomkesh Bakshi — Byomkesh Bakshi: Ep#20 Anjaan Khooni","https://www.youtube.com/watch?v=MMVhPBNiK8c","2421","https://www.youtube.com/playlist?list=PLUiMfS6qzIMxiHu2N2Px1ISp5vxCm3PMo","Doordarshan National"
"22","508:07:04","Shri Krishna","Shri Krishna — Sri Krishna EP 136 - बलराम ने किया द्वित वानर का वध | HQ WIDE SCREEN | English Subtitles","https://www.youtube.com/watch?v=vm6-MYN7twY","2821","https://www.youtube.com/playlist?list=PLFPJRCFRDARR9IkjkVi6O9ue5DjKiKtkI","Tilak"
"22","508:54:05","Swabhimaan","Swabhimaan — Swabhimaan | Episode 489 | Ashutosh Rana, Manoj Bajpayee | Classic Indian TV Serial","https://www.youtube.com/watch?v=wCxuQK127RE","1134","https://www.youtube.com/playlist?list=PLZeNWB9l7494","Classic Indian TV Serials"
"22","509:12:59","Tehkikaat","Tehkikaat — Tehkikaat तहकीकात | Jealousi Turns Blood - Crime Serial | Ranjeet, Saurabh Shukla, Vijay A. | EP 30","https://www.youtube.com/watch?v=DD_lOgn_row","1445","https://www.youtube.com/playlist?list=PLImQCagB5etA0FMEJ7yrWIUBCzxgOBikn","Raj Rishi Serials"
"22","509:37:04","Vintage ads","Vintage ads — 1989: Premier 118NE","https://www.youtube.com/watch?v=wdMQKvSybFo","31","https://www.youtube.com/playlist?list=PLycor1XF7S9HVMnWxndl27HgZJM5S8wRT","Guruprasad Gp"
"22","509:37:35","Swabhimaan","Swabhimaan — Swabhimaan | Episode 490 | Ashutosh Rana, Manoj Bajpayee | Classic Indian TV Serial","https://www.youtube.com/watch?v=AJmarNERpsM","1503","https://www.youtube.com/playlist?list=PLZeNWB9l7494","Classic Indian TV Serials"
"22","510:02:38","Swabhimaan","Swabhimaan — Swabhimaan | Episode 491 | Ashutosh Rana, Manoj Bajpayee | Classic Indian TV Serial","https://www.youtube.com/watch?v=Qo5N0R-zjB8","1397","https://www.youtube.com/playlist?list=PLZeNWB9l7494","Classic Indian TV Serials"
"22","510:25:55","Chanakya","Chanakya — चाणक्य Official | Episode 31 - Part -1 | Directed & Acted by Dr. Chandraprakash Dwivedi","https://www.youtube.com/watch?v=Vz47mwylLLo","1511","https://www.youtube.com/playlist?list=PLY-qGtGftCjm1_tDxT2TsDAXXC2p-iutt","Chanakya_theofficial"
"22","510:51:06","Chanakya","Chanakya — चाणक्य Official | Episode 31 - Part -2 | Directed & Acted by Dr. Chandraprakash Dwivedi","https://www.youtube.com/watch?v=teRKU5Zd5y4","1527","https://www.youtube.com/playlist?list=PLY-qGtGftCjm1_tDxT2TsDAXXC2p-iutt","Chanakya_theofficial"
"22","511:16:33","Vintage ads","Vintage ads — 1996: T-Series","https://www.youtube.com/watch?v=HQNBbDxuWJg","49","https://www.youtube.com/playlist?list=PLycor1XF7S9HVMnWxndl27HgZJM5S8wRT","Guruprasad Gp"
"22","511:17:22","Swabhimaan","Swabhimaan — Swabhimaan | Episode 492 | Ashutosh Rana, Manoj Bajpayee | Classic Indian TV Serial","https://www.youtube.com/watch?v=Nh8RZc_XqG8","1292","https://www.youtube.com/playlist?list=PLZeNWB9l7494","Classic Indian TV Serials"
"22","511:38:54","Shri Krishna","Shri Krishna — Sri Krishna EP 137 - पोंड्रक का वध | काशिराज पुत्र दुर्जय का वध | HQ WIDE SCREEN | English Subtitles","https://www.youtube.com/watch?v=EGzN5j1ASNk","2833","https://www.youtube.com/playlist?list=PLFPJRCFRDARR9IkjkVi6O9ue5DjKiKtkI","Tilak"
"22","512:26:07","Chandrakanta","Chandrakanta — Chandrakanta 1994 Episode 81","https://www.youtube.com/watch?v=-kfdRqEfeTo","1070","https://www.youtube.com/playlist?list=PLKfQh0u-9j2YaM54LNfASdQYllxsoU05a","lone warrior"
"22","512:43:57","Swabhimaan","Swabhimaan — Swabhimaan | Episode 493 | Ashutosh Rana, Manoj Bajpayee | Classic Indian TV Serial","https://www.youtube.com/watch?v=NLoS2liRDws","1166","https://www.youtube.com/playlist?list=PLZeNWB9l7494","Classic Indian TV Serials"
"22","513:03:23","Alif Laila","Alif Laila — सिंदबाद अब फसा जंगली डाकुओ की बीच में Episode :66 | Alif Laila | Sagar Picture","https://www.youtube.com/watch?v=A_Q8hhqa2p8","1321","https://www.youtube.com/playlist?list=PLqmdsOwstpJfOtjWGMFTGMruqQV7C5XoL","Sagar Pictures"
"22","513:25:24","Swabhimaan","Swabhimaan — Swabhimaan | Episode 494 | Ashutosh Rana, Manoj Bajpayee | Classic Indian TV Serial","https://www.youtube.com/watch?v=JLRo-KSa8N8","1120","https://www.youtube.com/playlist?list=PLZeNWB9l7494","Classic Indian TV Serials"
"22","513:44:04","Fauji","Fauji — Fauji Episode 9 | Shah Rukh Khan's Television Debut (1989) | SRK's First-Ever TV Serial Appearance","https://www.youtube.com/watch?v=H8PJC1g-4eI","1333","https://www.youtube.com/playlist?list=PLYqSow41YJ2I","Goldmines Bollywood"
"22","514:06:17","Vikram Aur Betaal","Vikram Aur Betaal — रामानंद सागर कृत विक्रम और बेताल भाग 17 - सिद्धि पाने के लिए गुणकर ने की साधन","https://www.youtube.com/watch?v=nXSXxWCk44E","1392","https://www.youtube.com/playlist?list=PL-eaGjSO6F70C3-LkA3kEqAIHkdDLhI6Q","Tilak Kathayein"
"22","514:29:29","Swabhimaan","Swabhimaan — Swabhimaan | Episode 495 | Ashutosh Rana, Manoj Bajpayee | Classic Indian TV Serial","https://www.youtube.com/watch?v=Eui3EZw9LVw","1115","https://www.youtube.com/playlist?list=PLZeNWB9l7494","Classic Indian TV Serials"
"22","514:48:04","Om Namah Shivay","Om Namah Shivay — इंद्र ने त्वेष्ट के पुत्र त्रिशरण का वध किया। Om Namah Shivay TV Serial | Episode 188","https://www.youtube.com/watch?v=CCvdCIlMtp0","1407","https://www.youtube.com/playlist?list=PL5A5QJkW7MkuEgaSMSlkmc51V_jBHv6fO","Saregama Bhakti"
"22","515:11:31","Shri Krishna","Shri Krishna — Sri Krishna EP 138 - हनुमान जी ने तोड़ा भीम का अहंकार | HQ WIDE SCREEN | English Subtitles","https://www.youtube.com/watch?v=vZmKFLn8tVc","2874","https://www.youtube.com/playlist?list=PLFPJRCFRDARR9IkjkVi6O9ue5DjKiKtkI","Tilak"
"22","515:59:25","Swabhimaan","Swabhimaan — Swabhimaan | Episode 496 | Ashutosh Rana, Manoj Bajpayee | Classic Indian TV Serial","https://www.youtube.com/watch?v=MyFD2ZcT6gM","1308","https://www.youtube.com/playlist?list=PLZeNWB9l7494","Classic Indian TV Serials"
"22","516:21:13","Vintage ads","Vintage ads — 1991: Pan Parag - Shammi Kapoor","https://www.youtube.com/watch?v=bZeyWi4Lflw","30","https://www.youtube.com/playlist?list=PLycor1XF7S9HVMnWxndl27HgZJM5S8wRT","Guruprasad Gp"
"22","516:21:43","Swabhimaan","Swabhimaan — Swabhimaan | Episode 497 | Ashutosh Rana, Manoj Bajpayee | Classic Indian TV Serial","https://www.youtube.com/watch?v=5PbAMhuzXis","1235","https://www.youtube.com/playlist?list=PLZeNWB9l7494","Classic Indian TV Serials"
"22","516:42:18","Chandrakanta","Chandrakanta — Chandrakanta 1994 Episode 82","https://www.youtube.com/watch?v=YNvEvWUUka0","1158","https://www.youtube.com/playlist?list=PLKfQh0u-9j2YaM54LNfASdQYllxsoU05a","lone warrior"
"22","517:01:36","Swabhimaan","Swabhimaan — Swabhimaan | Episode 498 | Ashutosh Rana, Manoj Bajpayee | Classic Indian TV Serial","https://www.youtube.com/watch?v=wJuXp6ZH5a4","1289","https://www.youtube.com/playlist?list=PLZeNWB9l7494","Classic Indian TV Serials"
"22","517:23:05","The Sword of Tipu Sultan","The Sword of Tipu Sultan — Tipu Sultan | Full Episode 34 | Sanjay Khan, Dipika Chikhlia, Swapnil Joshi | Dangal TV Gathaa","https://www.youtube.com/watch?v=bA0IV9oTw1I","2448","https://www.youtube.com/playlist?list=PLL8R100698ndzARBsLB6Z8jYs_52cDJJ7","Dangal TV Replay"
"22","518:03:53","Surabhi","Surabhi — Surabhi | सुरभि  : Ep - 38","https://www.youtube.com/watch?v=pxDvRRrkbQw","1461","https://www.youtube.com/playlist?list=PLUiMfS6qzIMzE8lgWFaQ3qvVFCCONXALQ","Doordarshan National"
"22","518:28:14","Bharat Ek Khoj","Bharat Ek Khoj — Bharat Ek Khoj | Episode-35 | Aurangzeb, Part I","https://www.youtube.com/watch?v=mW3e42Y1VHM","2535","https://www.youtube.com/playlist?list=PLqtVCj5iilH4w0Y8KBB4fqBu25T0sGhXG","Prasar Bharati Archives"
"22","519:10:29","Vintage ads","Vintage ads — 1985: Bajaj Bulbs & Tubes - Jab main chota ladka tha","https://www.youtube.com/watch?v=EH8rMV1dD-8","21","https://www.youtube.com/playlist?list=PLycor1XF7S9HVMnWxndl27HgZJM5S8wRT","Guruprasad Gp"
"22","519:10:50","Swabhimaan","Swabhimaan — Swabhimaan | Episode 499 | Ashutosh Rana, Manoj Bajpayee | Classic Indian TV Serial","https://www.youtube.com/watch?v=UBMYLt-273o","1246","https://www.youtube.com/playlist?list=PLZeNWB9l7494","Classic Indian TV Serials"
"22","519:31:36","Shri Krishna","Shri Krishna — Sri Krishna EP 139 - हनुमान जी अर्जुन अहंकार तोड़ा | HQ WIDE SCREEN | English Subtitles","https://www.youtube.com/watch?v=7mDRfSmzIHU","2815","https://www.youtube.com/playlist?list=PLFPJRCFRDARR9IkjkVi6O9ue5DjKiKtkI","Tilak"
"22","520:18:31","Dekh Bhai Dekh","Dekh Bhai Dekh — Dekh Bhai Dekh episode 35 part 1","https://www.youtube.com/watch?v=kwvI5jFs2Ao","451","https://www.youtube.com/playlist?list=UUYdB1nhxEAtjp-TLnv5utzg","LBEstudio"
"22","520:26:02","Dekh Bhai Dekh","Dekh Bhai Dekh — Dekh Bhai Dekh episode 35 part 2","https://www.youtube.com/watch?v=txrSZP-q5wU","451","https://www.youtube.com/playlist?list=UUYdB1nhxEAtjp-TLnv5utzg","LBEstudio"
"22","520:33:33","Dekh Bhai Dekh","Dekh Bhai Dekh — Dekh Bhai Dekh episode 35 part 3","https://www.youtube.com/watch?v=AvEd9RRItx0","451","https://www.youtube.com/playlist?list=UUYdB1nhxEAtjp-TLnv5utzg","LBEstudio"
"22","520:41:04","Swabhimaan","Swabhimaan — Swabhimaan | Episode 500 | Ashutosh Rana, Manoj Bajpayee | Classic Indian TV Serial","https://www.youtube.com/watch?v=Hv4oS28VnYQ","1236","https://www.youtube.com/playlist?list=PLZeNWB9l7494","Classic Indian TV Serials"
"22","521:01:40","Vintage ads","Vintage ads — 1989: Dabur Hajmola - Masterji","https://www.youtube.com/watch?v=vOQsc6_OUBU","33","https://www.youtube.com/playlist?list=PLycor1XF7S9HVMnWxndl27HgZJM5S8wRT","Guruprasad Gp"
"22","521:02:13","Hum Log","Hum Log — Hum Log | Episode 38 | India's First Hindi TV Serial | Ashok Kumar, Seema Bhargava, Vinod & Jayshri","https://www.youtube.com/watch?v=SVOHGG2jVYU","1333","https://www.youtube.com/playlist?list=PLaNSOkABhCUE","Goldmines Movies"
"22","521:24:26","Flop Show","Flop Show — Jaspal Bhatti's Flop Show | Doctor |  Ep 7","https://www.youtube.com/watch?v=2JT7do3zmO4","1312","https://www.youtube.com/playlist?list=PLUiMfS6qzIMyisp9Ks0FxE9Ba4EpLQm0Z","Doordarshan National"
"22","521:46:18","Swabhimaan","Swabhimaan — Swabhimaan | Episode 501 | Ashutosh Rana, Manoj Bajpayee | Classic Indian TV Serial","https://www.youtube.com/watch?v=aSAnxwB36mY","1216","https://www.youtube.com/playlist?list=PLZeNWB9l7494","Classic Indian TV Serials"
"22","522:06:34","The Great Maratha","The Great Maratha — The Great Maratha | Full Episode 27 | Irrfan Khan, Pankaj Dheer | Dangal TV Gathaa","https://www.youtube.com/watch?v=fAX9lakJFxM","2730","https://www.youtube.com/playlist?list=PLL8R100698nc9lYCs25j4FrcGDyqdtq_B","Dangal TV Replay"
"22","522:52:04","Swabhimaan","Swabhimaan — Swabhimaan | Episode 502 | Ashutosh Rana, Manoj Bajpayee | Classic Indian TV Serial","https://www.youtube.com/watch?v=5SEL-3JTIy4","1346","https://www.youtube.com/playlist?list=PLZeNWB9l7494","Classic Indian TV Serials"
"22","523:14:30","Alif Laila","Alif Laila — शैतानी गुफा और सिंदबाद की शक्ति !! Alif Laila Episode : 67 !! Sagar Picture !! Original Full HD","https://www.youtube.com/watch?v=Ff2eH0HO1YY","1162","https://www.youtube.com/playlist?list=PLqmdsOwstpJfOtjWGMFTGMruqQV7C5XoL","Sagar Pictures"
"22","523:33:52","Shri Krishna","Shri Krishna — Sri Krishna EP 140 - श्री कृष्ण की लीलाएँ और उनके द्वापर युग की कथा | HQ WIDE SCREEN","https://www.youtube.com/watch?v=9zrmujAjx2M","2910","https://www.youtube.com/playlist?list=PLFPJRCFRDARR9IkjkVi6O9ue5DjKiKtkI","Tilak"
"22","524:22:22","Swabhimaan","Swabhimaan — Swabhimaan | Episode 503 | Ashutosh Rana, Manoj Bajpayee | Classic Indian TV Serial","https://www.youtube.com/watch?v=2Z-jHrqtlh4","1249","https://www.youtube.com/playlist?list=PLZeNWB9l7494","Classic Indian TV Serials"
"22","524:43:11","Vintage ads","Vintage ads — 1985: Thums Up - Sunil Gavaskar, Ravi Shastri, Sandeep Patil","https://www.youtube.com/watch?v=Ea2U1QiQljM","40","https://www.youtube.com/playlist?list=PLycor1XF7S9HVMnWxndl27HgZJM5S8wRT","Guruprasad Gp"
"22","524:43:51","Chandrakanta","Chandrakanta — Chandrakanta 1994 Episode 83","https://www.youtube.com/watch?v=BsEzyvfyEEg","1158","https://www.youtube.com/playlist?list=PLKfQh0u-9j2YaM54LNfASdQYllxsoU05a","lone warrior"
"22","525:03:09","Circus","Circus — Shahrukh Khan starrer Circus - Ep #13","https://www.youtube.com/watch?v=BXkALY_uMHw","1456","https://www.youtube.com/playlist?list=PLUiMfS6qzIMzAqteEcp055VDYpgZDbeyT","Doordarshan National"
"22","525:27:25","Swabhimaan","Swabhimaan — Swabhimaan | Episode 504 | Ashutosh Rana, Manoj Bajpayee | Classic Indian TV Serial","https://www.youtube.com/watch?v=L1E0Dzm-u5g","1227","https://www.youtube.com/playlist?list=PLZeNWB9l7494","Classic Indian TV Serials"
"22","525:47:52","Swabhimaan","Swabhimaan — Swabhimaan | Episode 505 | Ashutosh Rana, Manoj Bajpayee | Classic Indian TV Serial","https://www.youtube.com/watch?v=RN1fT8hqN18","1287","https://www.youtube.com/playlist?list=PLZeNWB9l7494","Classic Indian TV Serials"
"22","526:09:19","Swabhimaan","Swabhimaan — Swabhimaan | Episode 506 | Ashutosh Rana, Manoj Bajpayee | Classic Indian TV Serial","https://www.youtube.com/watch?v=22cvZEnyDKw","1203","https://www.youtube.com/playlist?list=PLZeNWB9l7494","Classic Indian TV Serials"
"22","526:29:22","Tehkikaat","Tehkikaat — Tehkikaat तहकीकात | Jealousi Turns Blood - Crime Serial | Ranjeet, Saurabh Shukla, Vijay A. | EP 31","https://www.youtube.com/watch?v=3NtwR7U_VYE","1632","https://www.youtube.com/playlist?list=PLImQCagB5etA0FMEJ7yrWIUBCzxgOBikn","Raj Rishi Serials"
"22","526:56:34","Junoon","Junoon — जिस पिता से पूरा शहर डरता था... उसके घर का दर्द | Punit Issar, Tom Alter | Junoon Episode 247","https://www.youtube.com/watch?v=Q1MlRlQHm38","1311","https://www.youtube.com/playlist?list=PLrkDcuaB2OX_ZuAo48tg5pEa2BjdoM8Y2","Cinevista Entertainment"
"22","527:18:25","Shri Krishna","Shri Krishna — Sri Krishna EP 141 - कौरव पांडवों के बीच द्यूत क्रीड़ा | HQ WIDE SCREEN | English Subtitles","https://www.youtube.com/watch?v=Reh45PPpFCY","2819","https://www.youtube.com/playlist?list=PLFPJRCFRDARR9IkjkVi6O9ue5DjKiKtkI","Tilak"
"23","528:05:24","Nukkad","Nukkad — Nukkad TV Serial   Episode 16   NRI Entry at institute   Best Tv Show","https://www.youtube.com/watch?v=_jSieUs11lM","1418","https://www.youtube.com/playlist?list=PLDXzvDkBVqqSGYLZPlZQfl_Vn-JmuiTDN","movie clips"
"23","528:29:02","Vintage ads","Vintage ads — 1982: Prestige Pressure Cooker - Jo biwi se kare pyaar","https://www.youtube.com/watch?v=5nIbrl2vWK0","62","https://www.youtube.com/playlist?list=PLycor1XF7S9HVMnWxndl27HgZJM5S8wRT","Guruprasad Gp"
"23","528:30:04","Swabhimaan","Swabhimaan — Swabhimaan | Episode 507 | Ashutosh Rana, Manoj Bajpayee | Classic Indian TV Serial","https://www.youtube.com/watch?v=e5efCUTHAiw","1187","https://www.youtube.com/playlist?list=PLZeNWB9l7494","Classic Indian TV Serials"
"23","528:49:51","Swabhimaan","Swabhimaan — Swabhimaan | Episode 508 | Ashutosh Rana, Manoj Bajpayee | Classic Indian TV Serial","https://www.youtube.com/watch?v=7Y3UDoRNRpY","1190","https://www.youtube.com/playlist?list=PLZeNWB9l7494","Classic Indian TV Serials"
"23","529:09:41","Chanakya","Chanakya — चाणक्य Official | Episode 32 - Part -1 | Directed & Acted by Dr. Chandraprakash Dwivedi","https://www.youtube.com/watch?v=0gks_LyLufs","1434","https://www.youtube.com/playlist?list=PLY-qGtGftCjm1_tDxT2TsDAXXC2p-iutt","Chanakya_theofficial"
"23","529:33:35","Chanakya","Chanakya — चाणक्य Official | Episode 32 - Part -2 | Directed & Acted by Dr. Chandraprakash Dwivedi","https://www.youtube.com/watch?v=O0UjTEZ8tYM","1658","https://www.youtube.com/playlist?list=PLY-qGtGftCjm1_tDxT2TsDAXXC2p-iutt","Chanakya_theofficial"
"23","530:01:13","Swabhimaan","Swabhimaan — Swabhimaan | Episode 509 | Ashutosh Rana, Manoj Bajpayee | Classic Indian TV Serial","https://www.youtube.com/watch?v=LXKSHQ_SCms","1299","https://www.youtube.com/playlist?list=PLZeNWB9l7494","Classic Indian TV Serials"
"23","530:22:52","Chandrakanta","Chandrakanta — Chandrakanta 1994 Episode 84","https://www.youtube.com/watch?v=4uqSNJ-j6dA","1158","https://www.youtube.com/playlist?list=PLKfQh0u-9j2YaM54LNfASdQYllxsoU05a","lone warrior"
"23","530:42:10","Alif Laila","Alif Laila — सामरी जादूगर के तिलिस्म में फसा सिंदबाद !! Alif Laila Episode : 68 !! Superhit Serial !! Original HD","https://www.youtube.com/watch?v=zS-z-9Ir9sw","1274","https://www.youtube.com/playlist?list=PLqmdsOwstpJfOtjWGMFTGMruqQV7C5XoL","Sagar Pictures"
"23","531:03:24","Swabhimaan","Swabhimaan — Swabhimaan | Episode 510 | Ashutosh Rana, Manoj Bajpayee | Classic Indian TV Serial","https://www.youtube.com/watch?v=J9_0-GWSz9Y","1265","https://www.youtube.com/playlist?list=PLZeNWB9l7494","Classic Indian TV Serials"
"23","531:24:29","Shri Krishna","Shri Krishna — Sri Krishna EP 142 -द्रौपदी का चीर हरण | HQ WIDE SCREEN | English Subtitles","https://www.youtube.com/watch?v=Y73pmup879U","2742","https://www.youtube.com/playlist?list=PLFPJRCFRDARR9IkjkVi6O9ue5DjKiKtkI","Tilak"
"23","532:10:11","Bharat Ek Khoj","Bharat Ek Khoj — Bharat Ek Khoj | Episode-36 | Aurangzeb, Part II","https://www.youtube.com/watch?v=KRMnpBD1uuI","2350","https://www.youtube.com/playlist?list=PLqtVCj5iilH4w0Y8KBB4fqBu25T0sGhXG","Prasar Bharati Archives"
"23","532:49:21","Byomkesh Bakshi","Byomkesh Bakshi — Byomkesh Bakshi: Ep#21 - Kahen Kavi Kalidas","https://www.youtube.com/watch?v=Sdi-HrQuPPU","2428","https://www.youtube.com/playlist?list=PLUiMfS6qzIMxiHu2N2Px1ISp5vxCm3PMo","Doordarshan National"
"23","533:29:49","Swabhimaan","Swabhimaan — Swabhimaan | Episode 511 | Ashutosh Rana, Manoj Bajpayee | Classic Indian TV Serial","https://www.youtube.com/watch?v=jNhNeV04KE0","1331","https://www.youtube.com/playlist?list=PLZeNWB9l7494","Classic Indian TV Serials"
"23","533:52:00","Surabhi","Surabhi — Surabhi | सुरभि  : Ep - 39","https://www.youtube.com/watch?v=R4O7kCfwhSU","1439","https://www.youtube.com/playlist?list=PLUiMfS6qzIMzE8lgWFaQ3qvVFCCONXALQ","Doordarshan National"
"23","534:15:59","Swabhimaan","Swabhimaan — Swabhimaan | Episode 512 | Ashutosh Rana, Manoj Bajpayee | Classic Indian TV Serial","https://www.youtube.com/watch?v=BLEMZ7n-e3w","2501","https://www.youtube.com/playlist?list=PLZeNWB9l7494","Classic Indian TV Serials"
"23","534:57:40","Vintage ads","Vintage ads — 1993: Kinetic Safari","https://www.youtube.com/watch?v=u3IQhdDDAbg","37","https://www.youtube.com/playlist?list=PLycor1XF7S9HVMnWxndl27HgZJM5S8wRT","Guruprasad Gp"
"23","534:58:17","The Sword of Tipu Sultan","The Sword of Tipu Sultan — Tipu Sultan | Full Episode 35 | Sanjay Khan, Dipika Chikhlia, Swapnil Joshi | Dangal TV Gathaa","https://www.youtube.com/watch?v=UW-VX8w3aBw","2447","https://www.youtube.com/playlist?list=PLL8R100698ndzARBsLB6Z8jYs_52cDJJ7","Dangal TV Replay"
"23","535:39:04","Dekh Bhai Dekh","Dekh Bhai Dekh — Dekh Bhai Dekh episode 36 part 1","https://www.youtube.com/watch?v=M3fR2YECbxY","451","https://www.youtube.com/playlist?list=UUYdB1nhxEAtjp-TLnv5utzg","LBEstudio"
"23","535:46:35","Dekh Bhai Dekh","Dekh Bhai Dekh — Dekh Bhai Dekh episode 36 part 2","https://www.youtube.com/watch?v=AN5XxR9SwB0","451","https://www.youtube.com/playlist?list=UUYdB1nhxEAtjp-TLnv5utzg","LBEstudio"
"23","535:54:06","Dekh Bhai Dekh","Dekh Bhai Dekh — Dekh Bhai Dekh episode 36 part 3","https://www.youtube.com/watch?v=_OL1LSH8UMU","470","https://www.youtube.com/playlist?list=UUYdB1nhxEAtjp-TLnv5utzg","LBEstudio"
"23","536:01:56","Hum Log","Hum Log — Hum Log | Episode 39 | India's First Hindi TV Serial | Ashok Kumar, Seema Bhargava, Vinod & Jayshri","https://www.youtube.com/watch?v=yolwurKbAqI","1369","https://www.youtube.com/playlist?list=PLaNSOkABhCUE","Goldmines Movies"
"23","536:24:45","Shri Krishna","Shri Krishna — Sri Krishna EP 143 - पांडवों का वनवास | HQ WIDE SCREEN | English Subtitles","https://www.youtube.com/watch?v=aCW5Cweh7Us","2772","https://www.youtube.com/playlist?list=PLFPJRCFRDARR9IkjkVi6O9ue5DjKiKtkI","Tilak"
"23","537:10:57","Swabhimaan","Swabhimaan — Swabhimaan | Episode 513 | Ashutosh Rana, Manoj Bajpayee | Classic Indian TV Serial","https://www.youtube.com/watch?v=ZgvSrZPrJiw","1357","https://www.youtube.com/playlist?list=PLZeNWB9l7494","Classic Indian TV Serials"
"23","537:33:34","Chandrakanta","Chandrakanta — Chandrakanta 1994 Episode 85","https://www.youtube.com/watch?v=xLrXC0B1SAw","1158","https://www.youtube.com/playlist?list=PLKfQh0u-9j2YaM54LNfASdQYllxsoU05a","lone warrior"
"23","537:52:52","Swabhimaan","Swabhimaan — Swabhimaan | Episode 514 | Ashutosh Rana, Manoj Bajpayee | Classic Indian TV Serial","https://www.youtube.com/watch?v=4UgVTe236-U","1156","https://www.youtube.com/playlist?list=PLZeNWB9l7494","Classic Indian TV Serials"
"23","538:12:08","Vintage ads","Vintage ads — 1982: Vicks Cough Drops - Ishita Arun, Jayant Kripalani","https://www.youtube.com/watch?v=4HOoRxMEYfU","32","https://www.youtube.com/playlist?list=PLycor1XF7S9HVMnWxndl27HgZJM5S8wRT","Guruprasad Gp"
"23","538:12:40","Swabhimaan","Swabhimaan — Swabhimaan | Episode 516 | Ashutosh Rana, Manoj Bajpayee | Classic Indian TV Serial","https://www.youtube.com/watch?v=Hd9YgdNfLTY","1223","https://www.youtube.com/playlist?list=PLZeNWB9l7494","Classic Indian TV Serials"
"23","538:33:03","Shri Krishna","Shri Krishna — Sri Krishna EP 144  - पांडवों का अज्ञातवास | HQ WIDE SCREEN | English Subtitles","https://www.youtube.com/watch?v=LDT0L6Kp_uQ","2800","https://www.youtube.com/playlist?list=PLFPJRCFRDARR9IkjkVi6O9ue5DjKiKtkI","Tilak"
"23","539:19:43","Swabhimaan","Swabhimaan — Swabhimaan | Episode 517 | Ashutosh Rana, Manoj Bajpayee | Classic Indian TV Serial","https://www.youtube.com/watch?v=3G9YdLcE4c8","1336","https://www.youtube.com/playlist?list=PLZeNWB9l7494","Classic Indian TV Serials"
"23","539:41:59","Udaan","Udaan — Udaan DD national Serial Episode 19 Doordarshan उड़ान डीडी नेशनल दूरदर्शन सीरियल एपिसोड 19","https://www.youtube.com/watch?v=eBF1S3HkzIQ","1720","https://www.youtube.com/playlist?list=PLFSBneXK-Uv8l6Fs99d5HyhaMlW8q8tWk","Doordarshan Serial"
"23","540:10:39","Alif Laila","Alif Laila — सिंदबाद ने कैसे तिलिस्मी गुफा में फसे बन्दों को बचाया !! Alif Laila Episode : 69 !! Original Full HD","https://www.youtube.com/watch?v=JjLu_PfmAy4","1325","https://www.youtube.com/playlist?list=PLqmdsOwstpJfOtjWGMFTGMruqQV7C5XoL","Sagar Pictures"
"23","540:32:44","Swabhimaan","Swabhimaan — Swabhimaan | Episode 522 | Ashutosh Rana, Manoj Bajpayee | Classic Indian TV Serial","https://www.youtube.com/watch?v=tzp1HhfK_FU","1365","https://www.youtube.com/playlist?list=PLZeNWB9l7494","Classic Indian TV Serials"
"23","540:55:29","Vintage ads","Vintage ads — 1983: Dabur Chyawanprash","https://www.youtube.com/watch?v=9-RIkL13zcU","64","https://www.youtube.com/playlist?list=PLycor1XF7S9HVMnWxndl27HgZJM5S8wRT","Guruprasad Gp"
"23","540:56:33","Swabhimaan","Swabhimaan — Swabhimaan | Episode 525 | Ashutosh Rana, Manoj Bajpayee | Classic Indian TV Serial","https://www.youtube.com/watch?v=K7fF5AlEaxI","1188","https://www.youtube.com/playlist?list=PLZeNWB9l7494","Classic Indian TV Serials"
"23","541:16:21","Swabhimaan","Swabhimaan — Swabhimaan | Episode 526 | Ashutosh Rana, Manoj Bajpayee | Classic Indian TV Serial","https://www.youtube.com/watch?v=u2dFRyd0Gz0","901","https://www.youtube.com/playlist?list=PLZeNWB9l7494","Classic Indian TV Serials"
"23","541:31:22","Shri Krishna","Shri Krishna — Sri Krishna EP 145 - श्री कृष्ण शांति दूत बनकर पहुँचे हस्तिनापुर |HQ WIDE SCREEN | English Subtitles","https://www.youtube.com/watch?v=eRSJ4PgFI9w","2926","https://www.youtube.com/playlist?list=PLFPJRCFRDARR9IkjkVi6O9ue5DjKiKtkI","Tilak"
"23","542:20:08","The Great Maratha","The Great Maratha — The Great Maratha | Full Episode 28 | Irrfan Khan, Pankaj Dheer | Dangal TV Gathaa","https://www.youtube.com/watch?v=BYSS7kiflqE","2369","https://www.youtube.com/playlist?list=PLL8R100698nc9lYCs25j4FrcGDyqdtq_B","Dangal TV Replay"
"23","542:59:37","Chandrakanta","Chandrakanta — Chandrakanta 1994 Episode 86","https://www.youtube.com/watch?v=THtgxVvirgw","1158","https://www.youtube.com/playlist?list=PLKfQh0u-9j2YaM54LNfASdQYllxsoU05a","lone warrior"
"23","543:18:55","Swabhimaan","Swabhimaan — Swabhimaan | Episode 527 | Ashutosh Rana, Manoj Bajpayee | Classic Indian TV Serial","https://www.youtube.com/watch?v=HRPusleMS0c","1169","https://www.youtube.com/playlist?list=PLZeNWB9l7494","Classic Indian TV Serials"
"23","543:38:24","Bharat Ek Khoj","Bharat Ek Khoj — Bharat Ek Khoj | Episode-37 | Shivaji, Part I","https://www.youtube.com/watch?v=o0MriNWtgZc","3195","https://www.youtube.com/playlist?list=PLqtVCj5iilH4w0Y8KBB4fqBu25T0sGhXG","Prasar Bharati Archives"
"23","544:31:39","Swabhimaan","Swabhimaan — Swabhimaan | Episode 528 | Ashutosh Rana, Manoj Bajpayee | Classic Indian TV Serial","https://www.youtube.com/watch?v=ev2b5Jm7oM8","1197","https://www.youtube.com/playlist?list=PLZeNWB9l7494","Classic Indian TV Serials"
"23","544:51:36","Swabhimaan","Swabhimaan — Swabhimaan | Episode 529 | Ashutosh Rana, Manoj Bajpayee | Classic Indian TV Serial","https://www.youtube.com/watch?v=3mS1PyVZthE","1353","https://www.youtube.com/playlist?list=PLZeNWB9l7494","Classic Indian TV Serials"
"23","545:14:09","Vikram Aur Betaal","Vikram Aur Betaal — रामानंद सागर कृत विक्रम और बेताल भाग 18 - शंकचूड़ और जीमूतवाहन की बहादुरी की कथा","https://www.youtube.com/watch?v=ZNrOs5WZAIw","1379","https://www.youtube.com/playlist?list=PL-eaGjSO6F70C3-LkA3kEqAIHkdDLhI6Q","Tilak Kathayein"
"23","545:37:08","Vintage ads","Vintage ads — 1985: Zandu Special Chyavanprash","https://www.youtube.com/watch?v=Yq9vvHoRWec","28","https://www.youtube.com/playlist?list=PLycor1XF7S9HVMnWxndl27HgZJM5S8wRT","Guruprasad Gp"
"23","545:37:36","Surabhi","Surabhi — Surabhi | सुरभि  : Ep - 40","https://www.youtube.com/watch?v=UU1IO4W4cYQ","1454","https://www.youtube.com/playlist?list=PLUiMfS6qzIMzE8lgWFaQ3qvVFCCONXALQ","Doordarshan National"
"23","546:01:50","Swabhimaan","Swabhimaan — Swabhimaan | Episode 530 | Ashutosh Rana, Manoj Bajpayee | Classic Indian TV Serial","https://www.youtube.com/watch?v=zCcePVlulhM","1307","https://www.youtube.com/playlist?list=PLZeNWB9l7494","Classic Indian TV Serials"
"23","546:23:37","Shri Krishna","Shri Krishna — Sri Krishna EP 146 - कर्ण की सूर्य देव से भेंट | HQ WIDE SCREEN | English Subtitles","https://www.youtube.com/watch?v=YfYT1U414Bk","2921","https://www.youtube.com/playlist?list=PLFPJRCFRDARR9IkjkVi6O9ue5DjKiKtkI","Tilak"
"23","547:12:18","Swabhimaan","Swabhimaan — Swabhimaan | Episode 531 | Ashutosh Rana, Manoj Bajpayee | Classic Indian TV Serial","https://www.youtube.com/watch?v=K9MUJ5XFhyU","1287","https://www.youtube.com/playlist?list=PLZeNWB9l7494","Classic Indian TV Serials"
"23","547:33:45","Chanakya","Chanakya — चाणक्य Official | Episode 33 - Part -1 | Directed & Acted by Dr. Chandraprakash Dwivedi","https://www.youtube.com/watch?v=xPYQ7pOgzwo","1460","https://www.youtube.com/playlist?list=PLY-qGtGftCjm1_tDxT2TsDAXXC2p-iutt","Chanakya_theofficial"
"23","547:58:05","Chanakya","Chanakya — चाणक्य Official | Episode 33 - Part -2 | Directed & Acted by Dr. Chandraprakash Dwivedi","https://www.youtube.com/watch?v=Fu-nKJwHLCw","1751","https://www.youtube.com/playlist?list=PLY-qGtGftCjm1_tDxT2TsDAXXC2p-iutt","Chanakya_theofficial"
"23","548:27:16","Tehkikaat","Tehkikaat — Tehkikaat तहकीकात | Jealousi Turns Blood - Crime Serial | Ranjeet, Saurabh Shukla, Vijay A. | EP 32","https://www.youtube.com/watch?v=sXQvLtgW3Qk","1346","https://www.youtube.com/playlist?list=PLImQCagB5etA0FMEJ7yrWIUBCzxgOBikn","Raj Rishi Serials"
"23","548:49:42","Swabhimaan","Swabhimaan — Swabhimaan | Episode 532 | Ashutosh Rana, Manoj Bajpayee | Classic Indian TV Serial","https://www.youtube.com/watch?v=K1EVvCbePfY","1196","https://www.youtube.com/playlist?list=PLZeNWB9l7494","Classic Indian TV Serials"
"23","549:09:38","Vintage ads","Vintage ads — 1991: Complan - Shahid Kapoor & Ayesha Takia","https://www.youtube.com/watch?v=BCPtn5Nh3Yw","41","https://www.youtube.com/playlist?list=PLycor1XF7S9HVMnWxndl27HgZJM5S8wRT","Guruprasad Gp"
"23","549:10:19","The Sword of Tipu Sultan","The Sword of Tipu Sultan — Tipu Sultan | Full Episode 36 | Sanjay Khan, Dipika Chikhlia, Swapnil Joshi | Dangal TV Gathaa","https://www.youtube.com/watch?v=PDY8ErOVZ3o","2459","https://www.youtube.com/playlist?list=PLL8R100698ndzARBsLB6Z8jYs_52cDJJ7","Dangal TV Replay"
"23","549:51:18","Hum Log","Hum Log — Hum Log | Episode 40 | India's First Hindi TV Serial | Ashok Kumar, Seema Bhargava, Vinod & Jayshri","https://www.youtube.com/watch?v=zw8aTB-rmKQ","1351","https://www.youtube.com/playlist?list=PLaNSOkABhCUE","Goldmines Movies"
"23","550:13:49","Chandrakanta","Chandrakanta — Chandrakanta 1994 Episode 87","https://www.youtube.com/watch?v=MBrf9dDL3lg","1105","https://www.youtube.com/playlist?list=PLKfQh0u-9j2YaM54LNfASdQYllxsoU05a","lone warrior"
"23","550:32:14","Alif Laila","Alif Laila — जब शहजादे की आँखों का इलाज कोई हकीम वैध नहीं कर पाया Episode : 70 | Alif Laila Original Full HD","https://www.youtube.com/watch?v=xpQO_XHuVl4","1257","https://www.youtube.com/playlist?list=PLqmdsOwstpJfOtjWGMFTGMruqQV7C5XoL","Sagar Pictures"
"23","550:53:11","Swabhimaan","Swabhimaan — Swabhimaan | Episode 533 | Ashutosh Rana, Manoj Bajpayee | Classic Indian TV Serial","https://www.youtube.com/watch?v=E_BiIBFx6Ss","1208","https://www.youtube.com/playlist?list=PLZeNWB9l7494","Classic Indian TV Serials"
"23","551:13:19","Dekh Bhai Dekh","Dekh Bhai Dekh — Dekh Bhai Dekh episode 37 part 1","https://www.youtube.com/watch?v=f-nNkFdXKsc","481","https://www.youtube.com/playlist?list=UUYdB1nhxEAtjp-TLnv5utzg","LBEstudio"
"23","551:21:20","Dekh Bhai Dekh","Dekh Bhai Dekh — Dekh Bhai Dekh episode 37 part 2","https://www.youtube.com/watch?v=28R7shW-ldg","481","https://www.youtube.com/playlist?list=UUYdB1nhxEAtjp-TLnv5utzg","LBEstudio"
"23","551:29:21","Dekh Bhai Dekh","Dekh Bhai Dekh — Dekh Bhai Dekh episode 37 part 3","https://www.youtube.com/watch?v=1QK-17P54BU","495","https://www.youtube.com/playlist?list=UUYdB1nhxEAtjp-TLnv5utzg","LBEstudio"
"23","551:37:36","Shri Krishna","Shri Krishna — Sri Krishna EP 147 - महाभारत का आरम्भ | HQ WIDE SCREEN | English Subtitles","https://www.youtube.com/watch?v=LGP_-Bh_pNQ","2852","https://www.youtube.com/playlist?list=PLFPJRCFRDARR9IkjkVi6O9ue5DjKiKtkI","Tilak"
"24","552:25:08","Swabhimaan","Swabhimaan — Swabhimaan | Episode 534 | Ashutosh Rana, Manoj Bajpayee | Classic Indian TV Serial","https://www.youtube.com/watch?v=9GjjFFtJzR4","1155","https://www.youtube.com/playlist?list=PLZeNWB9l7494","Classic Indian TV Serials"
"24","552:44:23","Swabhimaan","Swabhimaan — Swabhimaan | Episode 535 | Ashutosh Rana, Manoj Bajpayee | Classic Indian TV Serial","https://www.youtube.com/watch?v=Q5zPpwa_ac4","1228","https://www.youtube.com/playlist?list=PLZeNWB9l7494","Classic Indian TV Serials"
"24","553:04:51","Vintage ads","Vintage ads — 1994: Parle - Melody Khao Khud Jaan Jao","https://www.youtube.com/watch?v=5XeSF3t2j7I","32","https://www.youtube.com/playlist?list=PLycor1XF7S9HVMnWxndl27HgZJM5S8wRT","Guruprasad Gp"
"24","553:05:23","Swabhimaan","Swabhimaan — Swabhimaan | Episode 537 | Ashutosh Rana, Manoj Bajpayee | Classic Indian TV Serial","https://www.youtube.com/watch?v=9GljIYWZbWo","1307","https://www.youtube.com/playlist?list=PLZeNWB9l7494","Classic Indian TV Serials"
"24","553:27:10","Wagle Ki Duniya","Wagle Ki Duniya — Wagle Ki Duniya - Episode 09 - Picnic | DD EXCLUSIVE","https://www.youtube.com/watch?v=sv7HQcUDg78","1308","https://www.youtube.com/playlist?list=PL5TZ-0sMyEgVQcbG4E10bBeGcQEQ3WR-S","90's Ki Yaadein"
"24","553:48:58","Swabhimaan","Swabhimaan — Swabhimaan | Episode 538 | Ashutosh Rana, Manoj Bajpayee | Classic Indian TV Serial","https://www.youtube.com/watch?v=EkwV53kSacs","1180","https://www.youtube.com/playlist?list=PLZeNWB9l7494","Classic Indian TV Serials"
"24","554:08:38","Shri Krishna","Shri Krishna — Sri Krishna EP 148 - श्री कृष्ण ने दिया अर्जुन को उपदेश | HQ WIDE SCREEN | English Subtitles","https://www.youtube.com/watch?v=IpFTpdsZ8Uc","2672","https://www.youtube.com/playlist?list=PLFPJRCFRDARR9IkjkVi6O9ue5DjKiKtkI","Tilak"
"24","554:53:10","Swabhimaan","Swabhimaan — Swabhimaan | Episode 539 | Ashutosh Rana, Manoj Bajpayee | Classic Indian TV Serial","https://www.youtube.com/watch?v=pEWLGemcdrA","1138","https://www.youtube.com/playlist?list=PLZeNWB9l7494","Classic Indian TV Serials"
"24","555:12:08","Chandrakanta","Chandrakanta — Chandrakanta 1994 Episode 88","https://www.youtube.com/watch?v=O2ECUnFhBO4","1158","https://www.youtube.com/playlist?list=PLKfQh0u-9j2YaM54LNfASdQYllxsoU05a","lone warrior"
"24","555:31:26","Vintage ads","Vintage ads — 1995: Philips Audio Video Head Cleaner","https://www.youtube.com/watch?v=2zk0UJeENDg","31","https://www.youtube.com/playlist?list=PLycor1XF7S9HVMnWxndl27HgZJM5S8wRT","Guruprasad Gp"
"24","555:31:57","Swabhimaan","Swabhimaan — Swabhimaan | Episode 540 | Ashutosh Rana, Manoj Bajpayee | Classic Indian TV Serial","https://www.youtube.com/watch?v=T7BeH4MG_mg","1213","https://www.youtube.com/playlist?list=PLZeNWB9l7494","Classic Indian TV Serials"
"24","555:52:10","Byomkesh Bakshi","Byomkesh Bakshi — Byomkesh Bakshi: Ep#22 Adrishya Trikon","https://www.youtube.com/watch?v=xvJNxZY4IrQ","2367","https://www.youtube.com/playlist?list=PLUiMfS6qzIMxiHu2N2Px1ISp5vxCm3PMo","Doordarshan National"
"24","556:31:37","Swabhimaan","Swabhimaan — Swabhimaan | Episode 541 | Rohit Roy, Ashutosh Rana, Manoj Bajpayee | Classic Indian TV Serial","https://www.youtube.com/watch?v=2umLG99xB_Y","1204","https://www.youtube.com/playlist?list=PLZeNWB9l7494","Classic Indian TV Serials"
"24","556:51:41","Shri Krishna","Shri Krishna — Sri Krishna EP 149  - श्री कृष्ण गीता उपदेश | HQ WIDE SCREEN | English Subtitles","https://www.youtube.com/watch?v=vhZKMebmc6A","2629","https://www.youtube.com/playlist?list=PLFPJRCFRDARR9IkjkVi6O9ue5DjKiKtkI","Tilak"
"24","557:35:30","Swabhimaan","Swabhimaan — Swabhimaan | Episode 542 | Rohit Roy, Ashutosh Rana, Manoj Bajpayee | Classic Indian TV Serial","https://www.youtube.com/watch?v=BzzJdiwyA1Y","1215","https://www.youtube.com/playlist?list=PLZeNWB9l7494","Classic Indian TV Serials"
"24","557:55:45","Alif Laila","Alif Laila — सुनहरी दरख़्त का जादुई पानी - सिंदबाद और समद Episode : 71 | Alif Laila | Super Hit Serial","https://www.youtube.com/watch?v=JrLxcDVy3x8","1293","https://www.youtube.com/playlist?list=PLqmdsOwstpJfOtjWGMFTGMruqQV7C5XoL","Sagar Pictures"
"24","558:17:18","Vintage ads","Vintage ads — 1993: Bajaj Bulbs","https://www.youtube.com/watch?v=zHXrJiRWecU","21","https://www.youtube.com/playlist?list=PLycor1XF7S9HVMnWxndl27HgZJM5S8wRT","Guruprasad Gp"
"24","558:17:39","Swabhimaan","Swabhimaan — Swabhimaan | Episode 543 | Rohit Roy, Ashutosh Rana, Manoj Bajpayee | Classic Indian TV Serial","https://www.youtube.com/watch?v=6JJOSHFFHZM","1346","https://www.youtube.com/playlist?list=PLZeNWB9l7494","Classic Indian TV Serials"
"24","558:40:05","Surabhi","Surabhi — Surabhi | सुरभि  : Ep - 41","https://www.youtube.com/watch?v=hU9ppNrvDok","1437","https://www.youtube.com/playlist?list=PLUiMfS6qzIMzE8lgWFaQ3qvVFCCONXALQ","Doordarshan National"
"24","559:04:02","Bharat Ek Khoj","Bharat Ek Khoj — Bharat Ek Khoj | Episode-38 | Shivaji, Part II","https://www.youtube.com/watch?v=JNnih3aPXR8","3151","https://www.youtube.com/playlist?list=PLqtVCj5iilH4w0Y8KBB4fqBu25T0sGhXG","Prasar Bharati Archives"
"24","559:56:33","Swabhimaan","Swabhimaan — Swabhimaan | Episode 544 | Rohit Roy, Ashutosh Rana, Manoj Bajpayee | Classic Indian TV Serial","https://www.youtube.com/watch?v=7GCIE3X0yMg","1261","https://www.youtube.com/playlist?list=PLZeNWB9l7494","Classic Indian TV Serials"
"24","560:17:34","The Great Maratha","The Great Maratha — The Great Maratha | Full Episode 29 | Irrfan Khan, Pankaj Dheer | Dangal TV Gathaa","https://www.youtube.com/watch?v=eEzLtLhLAik","2538","https://www.youtube.com/playlist?list=PLL8R100698nc9lYCs25j4FrcGDyqdtq_B","Dangal TV Replay"
"24","560:59:52","Vintage ads","Vintage ads — 1986: Boost - Kapil Dev","https://www.youtube.com/watch?v=tIa5GpPYXv0","34","https://www.youtube.com/playlist?list=PLycor1XF7S9HVMnWxndl27HgZJM5S8wRT","Guruprasad Gp"
"24","561:00:26","Om Namah Shivay","Om Namah Shivay — वान्या और उसके पिता पार्वती को ठीक करने की कोशिश करते हैं | Om Namah Shivay TV Serial | Episode 189","https://www.youtube.com/watch?v=wKNV7TRh0uk","1298","https://www.youtube.com/playlist?list=PL5A5QJkW7MkuEgaSMSlkmc51V_jBHv6fO","Saregama Bhakti"
"24","561:22:04","Shri Krishna","Shri Krishna — Sri Krishna EP 150 - श्री कृष्ण ने दिया अर्जुन को इंद्रियों को वश में रखने का उपदेश | HQ WIDE SCREEN","https://www.youtube.com/watch?v=JrhHOMRQVmM","2708","https://www.youtube.com/playlist?list=PLFPJRCFRDARR9IkjkVi6O9ue5DjKiKtkI","Tilak"
"24","562:07:12","Swabhimaan","Swabhimaan — Swabhimaan | Episode 545 | Rohit Roy, Ashutosh Rana, Manoj Bajpayee | Classic Indian TV Serial","https://www.youtube.com/watch?v=AskrXiDZ-mw","1362","https://www.youtube.com/playlist?list=PLZeNWB9l7494","Classic Indian TV Serials"
"24","562:29:54","Chandrakanta","Chandrakanta — Chandrakanta 1994 Episode 89","https://www.youtube.com/watch?v=3VdlMmrOIhA","1159","https://www.youtube.com/playlist?list=PLKfQh0u-9j2YaM54LNfASdQYllxsoU05a","lone warrior"
"24","562:49:13","Swabhimaan","Swabhimaan — Swabhimaan | Episode 546 | Rohit Roy, Ashutosh Rana, Manoj Bajpayee | Classic Indian TV Serial","https://www.youtube.com/watch?v=lLy4JDb0qmk","1273","https://www.youtube.com/playlist?list=PLZeNWB9l7494","Classic Indian TV Serials"
"24","563:10:26","Hum Log","Hum Log — Hum Log | Episode 41 | India's First Hindi TV Serial | Ashok Kumar, Seema Bhargava, Vinod & Jayshri","https://www.youtube.com/watch?v=cScZqhc7rTk","1571","https://www.youtube.com/playlist?list=PLaNSOkABhCUE","Goldmines Movies"
"24","563:36:37","Swabhimaan","Swabhimaan — Swabhimaan | Episode 547 | Kunickka Sadanand, Rohit Roy, Ashutosh Rana, Manoj Bajpayee","https://www.youtube.com/watch?v=jW5Bndseolo","1278","https://www.youtube.com/playlist?list=PLZeNWB9l7494","Classic Indian TV Serials"
"24","563:57:55","Vintage ads","Vintage ads — 1982: Kissan Squash","https://www.youtube.com/watch?v=rt0G25nluNg","31","https://www.youtube.com/playlist?list=PLycor1XF7S9HVMnWxndl27HgZJM5S8wRT","Guruprasad Gp"
"24","563:58:26","The Sword of Tipu Sultan","The Sword of Tipu Sultan — Tipu Sultan | Full Episode 37 | Sanjay Khan, Dipika Chikhlia, Swapnil Joshi | Dangal TV Gathaa","https://www.youtube.com/watch?v=HkMu5SW_qRI","2358","https://www.youtube.com/playlist?list=PLL8R100698ndzARBsLB6Z8jYs_52cDJJ7","Dangal TV Replay"
"24","564:37:44","Swabhimaan","Swabhimaan — Swabhimaan | Episode 548 | Rohit Roy, Ashutosh Rana, Manoj Bajpayee | Classic Indian TV Serial","https://www.youtube.com/watch?v=PJGegc8MEss","1355","https://www.youtube.com/playlist?list=PLZeNWB9l7494","Classic Indian TV Serials"
"24","565:00:19","Shri Krishna","Shri Krishna — Sri Krishna EP 151 - श्री कृष्ण ने अर्जुन को दिया कर्म योग का ज्ञान | HQ WIDE SCREEN","https://www.youtube.com/watch?v=03xH2xNZE14","2713","https://www.youtube.com/playlist?list=PLFPJRCFRDARR9IkjkVi6O9ue5DjKiKtkI","Tilak"
"24","565:45:32","Nukkad","Nukkad — Nukkad TV Serial   Episode 17   Mental Professor At Nukkad   Best TV Show","https://www.youtube.com/watch?v=G-LJ-2GjbvI","1427","https://www.youtube.com/playlist?list=PLDXzvDkBVqqSGYLZPlZQfl_Vn-JmuiTDN","movie clips"
"24","566:09:19","Tehkikaat","Tehkikaat — Tehkikaat तहकीकात | Jealousi Turns Blood - Crime Serial | Ranjeet, Saurabh Shukla, Vijay A. | EP 33","https://www.youtube.com/watch?v=HnqnTs1QCd0","1404","https://www.youtube.com/playlist?list=PLImQCagB5etA0FMEJ7yrWIUBCzxgOBikn","Raj Rishi Serials"
"24","566:32:43","Swabhimaan","Swabhimaan — Swabhimaan | Episode 549 | Rohit Roy, Ashutosh Rana, Manoj Bajpayee | Classic Indian TV Serial","https://www.youtube.com/watch?v=ZIr_VUB7WpY","1266","https://www.youtube.com/playlist?list=PLZeNWB9l7494","Classic Indian TV Serials"
"24","566:53:49","Dekh Bhai Dekh","Dekh Bhai Dekh — Dekh Bhai Dekh episode 38 part 1","https://www.youtube.com/watch?v=1Ljanh0xooM","486","https://www.youtube.com/playlist?list=UUYdB1nhxEAtjp-TLnv5utzg","LBEstudio"
"24","567:01:55","Dekh Bhai Dekh","Dekh Bhai Dekh — Dekh Bhai Dekh episode 38 part 2","https://www.youtube.com/watch?v=-HxOsIIlcFU","486","https://www.youtube.com/playlist?list=UUYdB1nhxEAtjp-TLnv5utzg","LBEstudio"
"24","567:10:01","Dekh Bhai Dekh","Dekh Bhai Dekh — Dekh Bhai Dekh episode 38 part 3","https://www.youtube.com/watch?v=skI4Ya9Zpaw","484","https://www.youtube.com/playlist?list=UUYdB1nhxEAtjp-TLnv5utzg","LBEstudio"
"24","567:18:05","Vintage ads","Vintage ads — 1989: Lacto-Calamine","https://www.youtube.com/watch?v=Om97FNWS3Og","66","https://www.youtube.com/playlist?list=PLycor1XF7S9HVMnWxndl27HgZJM5S8wRT","Guruprasad Gp"
"24","567:19:11","Chanakya","Chanakya — चाणक्य Official | Episode 34 - Part -1 | Directed & Acted by Dr. Chandraprakash Dwivedi","https://www.youtube.com/watch?v=kCVxq0CXsEk","1458","https://www.youtube.com/playlist?list=PLY-qGtGftCjm1_tDxT2TsDAXXC2p-iutt","Chanakya_theofficial"
"24","567:43:29","Chanakya","Chanakya — चाणक्य Official | Episode 34 - Part -2 | Directed & Acted by Dr. Chandraprakash Dwivedi","https://www.youtube.com/watch?v=QtpO5ZllXGg","1647","https://www.youtube.com/playlist?list=PLY-qGtGftCjm1_tDxT2TsDAXXC2p-iutt","Chanakya_theofficial"
"24","568:10:56","Circus","Circus — Shahrukh Khan starrer Circus - Ep #14","https://www.youtube.com/watch?v=BcwLEtAGeko","1441","https://www.youtube.com/playlist?list=PLUiMfS6qzIMzAqteEcp055VDYpgZDbeyT","Doordarshan National"
"24","568:34:57","Swabhimaan","Swabhimaan — Swabhimaan | Episode 550 | Rohit Roy, Ashutosh Rana, Manoj Bajpayee | Classic Indian TV Serial","https://www.youtube.com/watch?v=s_c9vWLumr8","1268","https://www.youtube.com/playlist?list=PLZeNWB9l7494","Classic Indian TV Serials"
"24","568:56:05","Alif Laila","Alif Laila — सिंदबाद को धोखे से बुलाकर क़ैद कर लिया !! Alif Laila Episode : 72 !! Superhit Serial !! Full HD","https://www.youtube.com/watch?v=Z0x_KLak2qc","1236","https://www.youtube.com/playlist?list=PLqmdsOwstpJfOtjWGMFTGMruqQV7C5XoL","Sagar Pictures"
"24","569:16:41","Chandrakanta","Chandrakanta — Chandrakanta 1994 Episode 90 LONE WARRIOR","https://www.youtube.com/watch?v=UCopGGh5uwk","1158","https://www.youtube.com/playlist?list=PLKfQh0u-9j2YaM54LNfASdQYllxsoU05a","lone warrior"
"24","569:35:59","Swabhimaan","Swabhimaan — Swabhimaan | Episode 551 | Rohit Roy, Ashutosh Rana, Manoj Bajpayee | Classic Indian TV Serial","https://www.youtube.com/watch?v=3u-sPmdyxdo","1306","https://www.youtube.com/playlist?list=PLZeNWB9l7494","Classic Indian TV Serials"
"24","569:57:45","Shri Krishna","Shri Krishna — Sri Krishna EP 152  -श्री कृष्ण ने अर्जुन को बतायी सुख की परिभाषा |HQ WIDE SCREEN |English Subtitles","https://www.youtube.com/watch?v=CJ53RIhduII","2696","https://www.youtube.com/playlist?list=PLFPJRCFRDARR9IkjkVi6O9ue5DjKiKtkI","Tilak"
"24","570:42:41","Swabhimaan","Swabhimaan — Swabhimaan | Episode 552 | Rohit Roy, Ashutosh Rana, Manoj Bajpayee | Classic Indian TV Serial","https://www.youtube.com/watch?v=RMM1DjphssM","1144","https://www.youtube.com/playlist?list=PLZeNWB9l7494","Classic Indian TV Serials"
"24","571:01:45","Junoon","Junoon — Girlfriend को छेड़ने पर बॉबी ने मचाया कोहराम, गुंडों का सफ़ाया ।Hindi Action |Junoon EP 251","https://www.youtube.com/watch?v=bPjwNLMoJrc","1278","https://www.youtube.com/playlist?list=PLrkDcuaB2OX_ZuAo48tg5pEa2BjdoM8Y2","Cinevista Entertainment"
"24","571:23:03","Swabhimaan","Swabhimaan — Swabhimaan | Episode 553 | Rohit Roy, Ashutosh Rana, Manoj Bajpayee | Classic Indian TV Serial","https://www.youtube.com/watch?v=Xjox400sleA","1217","https://www.youtube.com/playlist?list=PLZeNWB9l7494","Classic Indian TV Serials"
"24","571:43:20","Swabhimaan","Swabhimaan — Swabhimaan | Episode 554 | Rohit Roy, Ashutosh Rana, Manoj Bajpayee | Classic Indian TV Serial","https://www.youtube.com/watch?v=0zKR2m3xsQw","1330","https://www.youtube.com/playlist?list=PLZeNWB9l7494","Classic Indian TV Serials"
"24","572:05:30","Shri Krishna","Shri Krishna — Sri Krishna EP 153  - श्री कृष्ण ने अर्जुन से स्थिर बुद्धि करने को कहा | HQ WIDE SCREEN","https://www.youtube.com/watch?v=gUqM7tDgfyY","2612","https://www.youtube.com/playlist?list=PLFPJRCFRDARR9IkjkVi6O9ue5DjKiKtkI","Tilak"
"24","572:49:02","Swabhimaan","Swabhimaan — Swabhimaan | Episode 555 | Rohit Roy, Ashutosh Rana, Manoj Bajpayee | Classic Indian TV Serial","https://www.youtube.com/watch?v=UzQcjWCcTsg","1110","https://www.youtube.com/playlist?list=PLZeNWB9l7494","Classic Indian TV Serials"
"24","573:07:32","Vintage ads","Vintage ads — 1990: Fryums","https://www.youtube.com/watch?v=L-CQx_jIKIQ","31","https://www.youtube.com/playlist?list=PLycor1XF7S9HVMnWxndl27HgZJM5S8wRT","Guruprasad Gp"
"24","573:08:03","Swabhimaan","Swabhimaan — Swabhimaan | Episode 556 | Rohit Roy, Ashutosh Rana, Manoj Bajpayee | Classic Indian TV Serial","https://www.youtube.com/watch?v=mQzYWi7GkHA","1215","https://www.youtube.com/playlist?list=PLZeNWB9l7494","Classic Indian TV Serials"
"24","573:28:18","Surabhi","Surabhi — Surabhi | सुरभि  : Ep - 42","https://www.youtube.com/watch?v=ZFjSQc-iDq0","1461","https://www.youtube.com/playlist?list=PLUiMfS6qzIMzE8lgWFaQ3qvVFCCONXALQ","Doordarshan National"
"24","573:52:39","Chandrakanta","Chandrakanta — Chandrakanta 1994 Episode 91 LONE WARRIOR","https://www.youtube.com/watch?v=16PQQnBcDps","1159","https://www.youtube.com/playlist?list=PLKfQh0u-9j2YaM54LNfASdQYllxsoU05a","lone warrior"
"24","574:11:58","Swabhimaan","Swabhimaan — Swabhimaan | Episode 557 | Rohit Roy, Ashutosh Rana, Manoj Bajpayee | Classic Indian TV Serial","https://www.youtube.com/watch?v=UQY-oJzpQRg","1138","https://www.youtube.com/playlist?list=PLZeNWB9l7494","Classic Indian TV Serials"
"24","574:30:56","Fauji","Fauji — Fauji Episode 10 | Shah Rukh Khan's Television Debut (1989) | SRK's First-Ever TV Serial Appearance","https://www.youtube.com/watch?v=Ta5ZbS0o25Q","1395","https://www.youtube.com/playlist?list=PLYqSow41YJ2I","Goldmines Bollywood"
"24","574:54:11","Swabhimaan","Swabhimaan — Swabhimaan | Episode 558 | Rohit Roy, Ashutosh Rana, Manoj Bajpayee | Classic Indian TV Serial","https://www.youtube.com/watch?v=bMqZqkdRVNk","1131","https://www.youtube.com/playlist?list=PLZeNWB9l7494","Classic Indian TV Serials"
"24","575:13:02","Vintage ads","Vintage ads — 1990: Charms","https://www.youtube.com/watch?v=Q2rj-JdM2PU","81","https://www.youtube.com/playlist?list=PLycor1XF7S9HVMnWxndl27HgZJM5S8wRT","Guruprasad Gp"
"24","575:14:23","Shri Krishna","Shri Krishna — Sri Krishna EP 154 - श्री कृष्ण ने अर्जुन का कर्म और ज्ञान की परिभाषा | HQ WIDE SCREEN","https://www.youtube.com/watch?v=WBNTYrXboOQ","2594","https://www.youtube.com/playlist?list=PLFPJRCFRDARR9IkjkVi6O9ue5DjKiKtkI","Tilak"
"24","575:57:37","Bharat Ek Khoj","Bharat Ek Khoj — Bharat Ek Khoj | Episode-39 | Company Bahadur","https://www.youtube.com/watch?v=qYz6qtJwoY4","3431","https://www.youtube.com/playlist?list=PLqtVCj5iilH4w0Y8KBB4fqBu25T0sGhXG","Prasar Bharati Archives"
"25","576:54:48","Alif Laila","Alif Laila — जुबेदा के जादू के आगे सिंदबाद हुआ बेबस Episode : 73 | Alif Laila | Sagar Picture | Full HD","https://www.youtube.com/watch?v=QHFPKUDt1Tg","1255","https://www.youtube.com/playlist?list=PLqmdsOwstpJfOtjWGMFTGMruqQV7C5XoL","Sagar Pictures"
"25","577:15:43","Swabhimaan","Swabhimaan — Swabhimaan | Episode 559 | Rohit Roy, Ashutosh Rana, Manoj Bajpayee | Classic Indian TV Serial","https://www.youtube.com/watch?v=i-8IyUVgvAw","1230","https://www.youtube.com/playlist?list=PLZeNWB9l7494","Classic Indian TV Serials"
"25","577:36:13","Vikram Aur Betaal","Vikram Aur Betaal — रामानंद सागर कृत विक्रम और बेताल भाग 19 - जुए की बुरी लत में फँसा गोपु","https://www.youtube.com/watch?v=l1u0g3YjSt0","1378","https://www.youtube.com/playlist?list=PL-eaGjSO6F70C3-LkA3kEqAIHkdDLhI6Q","Tilak Kathayein"
"25","577:59:11","Swabhimaan","Swabhimaan — Swabhimaan | Episode 560 | Rohit Roy, Ashutosh Rana, Manoj Bajpayee | Classic Indian TV Serial","https://www.youtube.com/watch?v=oAo1YoiJlbI","1172","https://www.youtube.com/playlist?list=PLZeNWB9l7494","Classic Indian TV Serials"
"25","578:18:43","Swabhimaan","Swabhimaan — Swabhimaan | Episode 561 | Rohit Roy, Ashutosh Rana, Manoj Bajpayee | Classic Indian TV Serial","https://www.youtube.com/watch?v=WlAKnQNHTFU","1145","https://www.youtube.com/playlist?list=PLZeNWB9l7494","Classic Indian TV Serials"
"25","578:37:48","The Sword of Tipu Sultan","The Sword of Tipu Sultan — Tipu Sultan | Full Episode 38 | Sanjay Khan, Dipika Chikhlia, Swapnil Joshi | Dangal TV Gathaa","https://www.youtube.com/watch?v=ltaXDTScisk","2281","https://www.youtube.com/playlist?list=PLL8R100698ndzARBsLB6Z8jYs_52cDJJ7","Dangal TV Replay"
"25","579:15:49","Shri Krishna","Shri Krishna — Sri Krishna EP 155 - श्री कृष्ण गीता उपदेश | HQ WIDE SCREEN | English Subtitles","https://www.youtube.com/watch?v=5GLD-8ezFLw","2629","https://www.youtube.com/playlist?list=PLFPJRCFRDARR9IkjkVi6O9ue5DjKiKtkI","Tilak"
"25","579:59:38","The Great Maratha","The Great Maratha — The Great Maratha | Full Episode 30 | Irrfan Khan, Pankaj Dheer | Dangal TV Gathaa","https://www.youtube.com/watch?v=bMWcN05gpMU","2576","https://www.youtube.com/playlist?list=PLL8R100698nc9lYCs25j4FrcGDyqdtq_B","Dangal TV Replay"
"25","580:42:34","Swabhimaan","Swabhimaan — Swabhimaan | Episode 562 | Rohit Roy, Ashutosh Rana, Manoj Bajpayee | Classic Indian TV Serial","https://www.youtube.com/watch?v=i5UqbC8YFNo","1307","https://www.youtube.com/playlist?list=PLZeNWB9l7494","Classic Indian TV Serials"
"25","581:04:21","Hum Log","Hum Log — Hum Log | Episode 42 | India's First Hindi TV Serial | Ashok Kumar, Seema Bhargava, Vinod & Jayshri","https://www.youtube.com/watch?v=eb97z9OYqKM","1299","https://www.youtube.com/playlist?list=PLaNSOkABhCUE","Goldmines Movies"
"25","581:26:00","Chandrakanta","Chandrakanta — Chandrakanta 1994 Episode 92 LONE WARRIOR","https://www.youtube.com/watch?v=9jjl0Lab1fI","1158","https://www.youtube.com/playlist?list=PLKfQh0u-9j2YaM54LNfASdQYllxsoU05a","lone warrior"
"25","581:45:18","Swabhimaan","Swabhimaan — Swabhimaan | Episode 563 | Rohit Roy, Ashutosh Rana, Manoj Bajpayee | Classic Indian TV Serial","https://www.youtube.com/watch?v=TLNjJCKdnlM","1195","https://www.youtube.com/playlist?list=PLZeNWB9l7494","Classic Indian TV Serials"
"25","582:05:13","Byomkesh Bakshi","Byomkesh Bakshi — Byomkesh Bakshi: Ep#23 - Wasiyat Ka Rahasya","https://www.youtube.com/watch?v=uQVRfcNbKkk","2448","https://www.youtube.com/playlist?list=PLUiMfS6qzIMxiHu2N2Px1ISp5vxCm3PMo","Doordarshan National"
"25","582:46:01","Swabhimaan","Swabhimaan — Swabhimaan | Episode 564 | Rohit Roy, Ashutosh Rana, Manoj Bajpayee | Classic Indian TV Serial","https://www.youtube.com/watch?v=FcQjkLnZ0oQ","1334","https://www.youtube.com/playlist?list=PLZeNWB9l7494","Classic Indian TV Serials"
"25","583:08:15","Dekh Bhai Dekh","Dekh Bhai Dekh — Dekh Bhai Dekh episode 39 part 1","https://www.youtube.com/watch?v=bSNEFu_PZM0","511","https://www.youtube.com/playlist?list=UUYdB1nhxEAtjp-TLnv5utzg","LBEstudio"
"25","583:16:46","Dekh Bhai Dekh","Dekh Bhai Dekh — Dekh Bhai Dekh episode 39 part 2","https://www.youtube.com/watch?v=7FKn7MBX6TE","511","https://www.youtube.com/playlist?list=UUYdB1nhxEAtjp-TLnv5utzg","LBEstudio"
"25","583:25:17","Dekh Bhai Dekh","Dekh Bhai Dekh — Dekh Bhai Dekh episode 39 part 3","https://www.youtube.com/watch?v=MvDYANK5iHk","529","https://www.youtube.com/playlist?list=UUYdB1nhxEAtjp-TLnv5utzg","LBEstudio"
"25","583:34:06","Udaan","Udaan — Udaan DD national old Serial Episode 20 doordarshan उड़ान दूरदर्शन डीडी नेशनल सीरियल  एपिसोड 20","https://www.youtube.com/watch?v=JE6JMnFoGiI","1719","https://www.youtube.com/playlist?list=PLFSBneXK-Uv8l6Fs99d5HyhaMlW8q8tWk","Doordarshan Serial"
"25","584:02:45","Shri Krishna","Shri Krishna — Sri Krishna EP 156 -श्री कृष्ण ने अर्जुन को दिए विराट रूप के दर्शन |HQ WIDE SCREEN|English Subtitles","https://www.youtube.com/watch?v=6u2Ii4UCEW4","2744","https://www.youtube.com/playlist?list=PLFPJRCFRDARR9IkjkVi6O9ue5DjKiKtkI","Tilak"
"25","584:48:29","Swabhimaan","Swabhimaan — Swabhimaan | Episode 565 | Rohit Roy, Ashutosh Rana, Manoj Bajpayee | Classic Indian TV Serial","https://www.youtube.com/watch?v=eR7Y1cl6Gn8","1241","https://www.youtube.com/playlist?list=PLZeNWB9l7494","Classic Indian TV Serials"
"25","585:09:10","Vintage ads","Vintage ads — 1989: Gagan Vanaspati - Khao Gagan, Raho Magan","https://www.youtube.com/watch?v=6H0BQjkAwDQ","66","https://www.youtube.com/playlist?list=PLycor1XF7S9HVMnWxndl27HgZJM5S8wRT","Guruprasad Gp"
"25","585:10:16","Tehkikaat","Tehkikaat — Tehkikaat तहकीकात | Jealousi Turns Blood - Crime Serial | Ranjeet, Saurabh Shukla, Vijay A. | EP 34","https://www.youtube.com/watch?v=EqfDqAlkWpQ","1441","https://www.youtube.com/playlist?list=PLImQCagB5etA0FMEJ7yrWIUBCzxgOBikn","Raj Rishi Serials"
"25","585:34:17","Swabhimaan","Swabhimaan — Swabhimaan | Episode 566 | Rohit Roy, Ashutosh Rana, Manoj Bajpayee | Classic Indian TV Serial","https://www.youtube.com/watch?v=TyymqDaTdw4","1242","https://www.youtube.com/playlist?list=PLZeNWB9l7494","Classic Indian TV Serials"
"25","585:54:59","Swabhimaan","Swabhimaan — Swabhimaan | Episode 567 | Rohit Roy, Ashutosh Rana, Manoj Bajpayee | Classic Indian TV Serial","https://www.youtube.com/watch?v=xazHFYvULrU","1178","https://www.youtube.com/playlist?list=PLZeNWB9l7494","Classic Indian TV Serials"
"25","586:14:37","Alif Laila","Alif Laila — कहरमान की चाल में कैसे फसे सिंदबाद और उसके साथी Episode 74 | Alif Laila | Sagar Pictures","https://www.youtube.com/watch?v=jMxf-aXNxhA","1260","https://www.youtube.com/playlist?list=PLqmdsOwstpJfOtjWGMFTGMruqQV7C5XoL","Sagar Pictures"
"25","586:35:37","Chanakya","Chanakya — चाणक्य Official | Episode 35 - Part -1 | Directed & Acted by Dr. Chandraprakash Dwivedi","https://www.youtube.com/watch?v=QBdigSlnvYA","1558","https://www.youtube.com/playlist?list=PLY-qGtGftCjm1_tDxT2TsDAXXC2p-iutt","Chanakya_theofficial"
"25","587:01:35","Chanakya","Chanakya — चाणक्य Official | Episode 35 - Part -2 | Directed & Acted by Dr. Chandraprakash Dwivedi","https://www.youtube.com/watch?v=6VxJ4ESut1M","1618","https://www.youtube.com/playlist?list=PLY-qGtGftCjm1_tDxT2TsDAXXC2p-iutt","Chanakya_theofficial"
"25","587:28:33","Swabhimaan","Swabhimaan — Swabhimaan | Episode 568 | Rohit Roy, Ashutosh Rana, Manoj Bajpayee | Classic Indian TV Serial","https://www.youtube.com/watch?v=vVVZzeDFcC4","1159","https://www.youtube.com/playlist?list=PLZeNWB9l7494","Classic Indian TV Serials"
"25","587:47:52","Chandrakanta","Chandrakanta — Chandrakanta 1994 Episode 93LONE WARRIOR","https://www.youtube.com/watch?v=DNuoxj3EFcI","1106","https://www.youtube.com/playlist?list=PLKfQh0u-9j2YaM54LNfASdQYllxsoU05a","lone warrior"
"25","588:06:18","Shri Krishna","Shri Krishna — Sri Krishna EP 157 - श्री कृष्ण गीता उपदेश और महाभारत का युद्ध | HQ WIDE SCREEN | English Subtitles","https://www.youtube.com/watch?v=oE5g1tz1XuE","2620","https://www.youtube.com/playlist?list=PLFPJRCFRDARR9IkjkVi6O9ue5DjKiKtkI","Tilak"
"25","588:49:58","Swabhimaan","Swabhimaan — Swabhimaan | Episode 569 | Rohit Roy, Ashutosh Rana, Manoj Bajpayee | Classic Indian TV Serial","https://www.youtube.com/watch?v=2MyLsLmvzxA","1167","https://www.youtube.com/playlist?list=PLZeNWB9l7494","Classic Indian TV Serials"
"25","589:09:25","Surabhi","Surabhi — Surabhi | सुरभि  : Ep - 43","https://www.youtube.com/watch?v=X_h2TtKeOg0","1454","https://www.youtube.com/playlist?list=PLUiMfS6qzIMzE8lgWFaQ3qvVFCCONXALQ","Doordarshan National"
"25","589:33:39","Swabhimaan","Swabhimaan — Swabhimaan | Episode 570 | Kunickaa , Ashutosh Rana, Manoj Bajpayee | Classic Indian TV Serial","https://www.youtube.com/watch?v=sRaFiJ0zF2g","1352","https://www.youtube.com/playlist?list=PLZeNWB9l7494","Classic Indian TV Serials"
"25","589:56:11","Swabhimaan","Swabhimaan — Swabhimaan | Episode 571 | Rohit Roy, Ashutosh Rana, Manoj Bajpayee | Classic Indian TV Serial","https://www.youtube.com/watch?v=0YYTNJf2zwQ","1384","https://www.youtube.com/playlist?list=PLZeNWB9l7494","Classic Indian TV Serials"
"25","590:19:15","Vintage ads","Vintage ads — 1987: Staminade","https://www.youtube.com/watch?v=BBl9ZCXWUXA","65","https://www.youtube.com/playlist?list=PLycor1XF7S9HVMnWxndl27HgZJM5S8wRT","Guruprasad Gp"
"25","590:20:20","Shri Krishna","Shri Krishna — Sri Krishna EP 158 - श्री कृष्ण गीत उपदेश और महाभारत का प्रारम्भ | HQ WIDE SCREEN |English Subtitles","https://www.youtube.com/watch?v=my-97EG25yI","2917","https://www.youtube.com/playlist?list=PLFPJRCFRDARR9IkjkVi6O9ue5DjKiKtkI","Tilak"
"25","591:08:57","Swabhimaan","Swabhimaan — Swabhimaan | Episode 572 | Rohit Roy, Ashutosh Rana, Manoj Bajpayee | Classic Indian TV Serial","https://www.youtube.com/watch?v=SF1GFpDSjBw","1359","https://www.youtube.com/playlist?list=PLZeNWB9l7494","Classic Indian TV Serials"
"25","591:31:36","Malgudi Days","Malgudi Days — लेखक बनाने के सपने | Malgudi Days (Hindi) - Salt & Sawdust (Part 2) - मालगुडी डेज़ - नमक और चीनी","https://www.youtube.com/watch?v=7EDpkgtdKOA","1390","https://www.youtube.com/playlist?list=PLIhvrpwTgKyrXD3jx9PSxMaP7_j53RmXS","Ultra TV Series"
"25","591:54:46","Swabhimaan","Swabhimaan — Swabhimaan | Episode 573 | Rohit Roy, Ashutosh Rana, Manoj Bajpayee | Classic Indian TV Serial","https://www.youtube.com/watch?v=BjPomIc8Brw","1180","https://www.youtube.com/playlist?list=PLZeNWB9l7494","Classic Indian TV Serials"
"25","592:14:26","Chandrakanta","Chandrakanta — Chandrakanta 1994 Episode 94 LONE WARRIOR","https://www.youtube.com/watch?v=0iNxrdvFpUA","1054","https://www.youtube.com/playlist?list=PLKfQh0u-9j2YaM54LNfASdQYllxsoU05a","lone warrior"
"25","592:32:00","Swabhimaan","Swabhimaan — Swabhimaan | Episode 574 | Rohit Roy, Ashutosh Rana, Manoj Bajpayee | Classic Indian TV Serial","https://www.youtube.com/watch?v=fDuA8Oyu-IU","1274","https://www.youtube.com/playlist?list=PLZeNWB9l7494","Classic Indian TV Serials"
"25","592:53:14","The Sword of Tipu Sultan","The Sword of Tipu Sultan — Tipu Sultan | Full Episode 39 | Sanjay Khan, Dipika Chikhlia, Swapnil Joshi | Dangal TV Gathaa","https://www.youtube.com/watch?v=0l6Eo7fYndU","2605","https://www.youtube.com/playlist?list=PLL8R100698ndzARBsLB6Z8jYs_52cDJJ7","Dangal TV Replay"
"25","593:36:39","Hum Log","Hum Log — Hum Log | Episode 43 | India's First Hindi TV Serial | Ashok Kumar, Seema Bhargava, Vinod & Jayshri","https://www.youtube.com/watch?v=2qByh-qy-FM","1289","https://www.youtube.com/playlist?list=PLaNSOkABhCUE","Goldmines Movies"
"25","593:58:08","Swabhimaan","Swabhimaan — Swabhimaan | Episode 575 | Rohit Roy, Ashutosh Rana, Manoj Bajpayee | Classic Indian TV Serial","https://www.youtube.com/watch?v=axIvZ2v_sx0","1313","https://www.youtube.com/playlist?list=PLZeNWB9l7494","Classic Indian TV Serials"
"25","594:20:01","Bharat Ek Khoj","Bharat Ek Khoj — Bharat Ek Khoj | Episode-40 | Tipu Sultan","https://www.youtube.com/watch?v=RD2OT4tXqKU","2913","https://www.youtube.com/playlist?list=PLqtVCj5iilH4w0Y8KBB4fqBu25T0sGhXG","Prasar Bharati Archives"
"25","595:08:34","Shri Krishna","Shri Krishna — Sri Krishna EP 159 -श्री कृष्ण ने मोक्ष का रास्ता बताया अर्जुन को |HQ WIDE SCREEN |English Subtitles","https://www.youtube.com/watch?v=pL_bqZ1xXLM","2814","https://www.youtube.com/playlist?list=PLFPJRCFRDARR9IkjkVi6O9ue5DjKiKtkI","Tilak"
"25","595:55:28","Flop Show","Flop Show — Jaspal Bhatti's Flop Show | Chief Guest |  Ep 8","https://www.youtube.com/watch?v=wdDusqwOnVg","1310","https://www.youtube.com/playlist?list=PLUiMfS6qzIMyisp9Ks0FxE9Ba4EpLQm0Z","Doordarshan National"
"25","596:17:18","Alif Laila","Alif Laila — कहरमान के कहने पर भी जुबैदा ने हाफिज को क्यों है मारा || Alif Laila Episode 75 || Sagar Pictures","https://www.youtube.com/watch?v=1ZOLlgpunww","1314","https://www.youtube.com/playlist?list=PLqmdsOwstpJfOtjWGMFTGMruqQV7C5XoL","Sagar Pictures"
"25","596:39:12","Swabhimaan","Swabhimaan — Swabhimaan | Episode 576 | Rohit Roy, Ashutosh Rana, Manoj Bajpayee | Classic Indian TV Serial","https://www.youtube.com/watch?v=IYbF0DDiBBU","1047","https://www.youtube.com/playlist?list=PLZeNWB9l7494","Classic Indian TV Serials"
"25","596:56:39","Vintage ads","Vintage ads — 1986: Britannia Glucose D Biscuits - Divya Merchant","https://www.youtube.com/watch?v=V_AN_GUkuPA","32","https://www.youtube.com/playlist?list=PLycor1XF7S9HVMnWxndl27HgZJM5S8wRT","Guruprasad Gp"
"25","596:57:11","Swabhimaan","Swabhimaan — Swabhimaan | Episode 577 | Rohit Roy, Ashutosh Rana, Manoj Bajpayee | Classic Indian TV Serial","https://www.youtube.com/watch?v=nq-gExP9c44","1124","https://www.youtube.com/playlist?list=PLZeNWB9l7494","Classic Indian TV Serials"
"25","597:15:55","Swabhimaan","Swabhimaan — Swabhimaan | Episode 578 | Rohit Roy, Ashutosh Rana, Manoj Bajpayee | Classic Indian TV Serial","https://www.youtube.com/watch?v=KbPbP7x_EYY","1372","https://www.youtube.com/playlist?list=PLZeNWB9l7494","Classic Indian TV Serials"
"25","597:38:47","Shri Krishna","Shri Krishna — Sri Krishna EP 160 - श्री कृष्ण का विराट रूप | HQ WIDE SCREEN | English Subtitles","https://www.youtube.com/watch?v=l1vZlIbF_2U","2919","https://www.youtube.com/playlist?list=PLFPJRCFRDARR9IkjkVi6O9ue5DjKiKtkI","Tilak"
"25","598:27:26","Chandrakanta","Chandrakanta — Chandrakanta 1994 Episode 95 LONE WARRIOR","https://www.youtube.com/watch?v=XlIpawk8jxU","1054","https://www.youtube.com/playlist?list=PLKfQh0u-9j2YaM54LNfASdQYllxsoU05a","lone warrior"
"25","598:45:00","Swabhimaan","Swabhimaan — Swabhimaan | Episode 579 | Rohit Roy, Ashutosh Rana, Manoj Bajpayee | Classic Indian TV Serial","https://www.youtube.com/watch?v=0uSbyBrBfPg","1240","https://www.youtube.com/playlist?list=PLZeNWB9l7494","Classic Indian TV Serials"
"25","599:05:40","The Great Maratha","The Great Maratha — The Great Maratha | Full Episode 31 | Irrfan Khan, Pankaj Dheer | Dangal TV Gathaa","https://www.youtube.com/watch?v=TXs6dU6tFP4","2579","https://www.youtube.com/playlist?list=PLL8R100698nc9lYCs25j4FrcGDyqdtq_B","Dangal TV Replay"
"25","599:48:39","Vintage ads","Vintage ads — 1986: Parry's Milk Chocolate","https://www.youtube.com/watch?v=Rx_2fB-pcGs","21","https://www.youtube.com/playlist?list=PLycor1XF7S9HVMnWxndl27HgZJM5S8wRT","Guruprasad Gp"
"25","599:49:00","Dekh Bhai Dekh","Dekh Bhai Dekh — Dekh Bhai Dekh episode 40 part 1","https://www.youtube.com/watch?v=m95EOGNyaHo","516","https://www.youtube.com/playlist?list=UUYdB1nhxEAtjp-TLnv5utzg","LBEstudio"
"25","599:57:36","Dekh Bhai Dekh","Dekh Bhai Dekh — Dekh Bhai Dekh episode 40 part 2","https://www.youtube.com/watch?v=76rOqlo_L4g","516","https://www.youtube.com/playlist?list=UUYdB1nhxEAtjp-TLnv5utzg","LBEstudio"
"26","600:06:12","Dekh Bhai Dekh","Dekh Bhai Dekh — Dekh Bhai Dekh episode 40 part 3","https://www.youtube.com/watch?v=LHP10jkNEvc","519","https://www.youtube.com/playlist?list=UUYdB1nhxEAtjp-TLnv5utzg","LBEstudio"
"26","600:14:51","Swabhimaan","Swabhimaan — Swabhimaan | Episode 580 | Rohit Roy, Ashutosh Rana, Manoj Bajpayee | Classic Indian TV Serial","https://www.youtube.com/watch?v=DOywL_LEdSE","1261","https://www.youtube.com/playlist?list=PLZeNWB9l7494","Classic Indian TV Serials"
"26","600:35:52","Swabhimaan","Swabhimaan — Swabhimaan | Episode 581 | Rohit Roy, Ashutosh Rana, Manoj Bajpayee | Classic Indian TV Serial","https://www.youtube.com/watch?v=dlNIhG94mg4","1217","https://www.youtube.com/playlist?list=PLZeNWB9l7494","Classic Indian TV Serials"
"26","600:56:09","Vintage ads","Vintage ads — 1994: Swad Digestive Drops","https://www.youtube.com/watch?v=NeVR80dmyi4","33","https://www.youtube.com/playlist?list=PLycor1XF7S9HVMnWxndl27HgZJM5S8wRT","Guruprasad Gp"
"26","600:56:42","Swabhimaan","Swabhimaan — Swabhimaan | Episode 582 | Rohit Roy, Ashutosh Rana, Manoj Bajpayee | Classic Indian TV Serial","https://www.youtube.com/watch?v=uoAQrVdU13M","1152","https://www.youtube.com/playlist?list=PLZeNWB9l7494","Classic Indian TV Serials"
"26","601:15:54","Surabhi","Surabhi — Surabhi | सुरभि  : Ep - 44","https://www.youtube.com/watch?v=0WxoIc51ySY","1455","https://www.youtube.com/playlist?list=PLUiMfS6qzIMzE8lgWFaQ3qvVFCCONXALQ","Doordarshan National"
"26","601:40:09","Shri Krishna","Shri Krishna — Sri Krishna EP 161 - युधिष्ठिर ने अपने बड़ों से ली युद्ध शुरू करने की आज्ञा | HQ WIDE SCREEN","https://www.youtube.com/watch?v=-O25N633N0E","2887","https://www.youtube.com/playlist?list=PLFPJRCFRDARR9IkjkVi6O9ue5DjKiKtkI","Tilak"
"26","602:28:16","Swabhimaan","Swabhimaan — Swabhimaan | Episode 583 | Rohit Roy, Ashutosh Rana, Manoj Bajpayee | Classic Indian TV Serial","https://www.youtube.com/watch?v=FAi3FPa3oH8","1279","https://www.youtube.com/playlist?list=PLZeNWB9l7494","Classic Indian TV Serials"
"26","602:49:35","Tehkikaat","Tehkikaat — Tehkikaat तहकीकात | Jealousi Turns Blood - Crime Serial | Ranjeet, Saurabh Shukla, Vijay A. | EP 35","https://www.youtube.com/watch?v=IfRzR_tNrac","1306","https://www.youtube.com/playlist?list=PLImQCagB5etA0FMEJ7yrWIUBCzxgOBikn","Raj Rishi Serials"
"26","603:11:21","Swabhimaan","Swabhimaan — Swabhimaan | Episode 584 | Rohit Roy, Ashutosh Rana, Manoj Bajpayee | Classic Indian TV Serial","https://www.youtube.com/watch?v=NIXapX_3YhE","1152","https://www.youtube.com/playlist?list=PLZeNWB9l7494","Classic Indian TV Serials"
"26","603:30:33","Chandrakanta","Chandrakanta — Chandrakanta 1994 Episode 96LONE WARRIOR","https://www.youtube.com/watch?v=opcAzfnJ67w","1054","https://www.youtube.com/playlist?list=PLKfQh0u-9j2YaM54LNfASdQYllxsoU05a","lone warrior"
"26","603:48:07","Om Namah Shivay","Om Namah Shivay — भगवान ब्रह्मा ने नकुशन के संबंध में नारद के संदेह को स्पष्ट किया |Om Namah Shivay TV Serial | Ep 201","https://www.youtube.com/watch?v=mAJRp7qrE08","1310","https://www.youtube.com/playlist?list=PL5A5QJkW7MkuEgaSMSlkmc51V_jBHv6fO","Saregama Bhakti"
"26","604:09:57","Alif Laila","Alif Laila — निगारिस्तान क्यों जा रहा था सिंदबाद || Alif Laila Episode 76 || Sagar Pictures","https://www.youtube.com/watch?v=k_Xf2OCw4Tw","1255","https://www.youtube.com/playlist?list=PLqmdsOwstpJfOtjWGMFTGMruqQV7C5XoL","Sagar Pictures"
"26","604:30:52","Vintage ads","Vintage ads — 1986: Nespray - Milk Powder from Nestle","https://www.youtube.com/watch?v=kZg5PPGpWd0","42","https://www.youtube.com/playlist?list=PLycor1XF7S9HVMnWxndl27HgZJM5S8wRT","Guruprasad Gp"
"26","604:31:34","Nukkad","Nukkad — Nukkad TV Serial   Episode 18   Mystery Woman   Best TV show","https://www.youtube.com/watch?v=0SW9vMBGGhE","1381","https://www.youtube.com/playlist?list=PLDXzvDkBVqqSGYLZPlZQfl_Vn-JmuiTDN","movie clips"
"26","604:54:35","Chanakya","Chanakya — चाणक्य Official | Episode 36 - Part -1 | Directed & Acted by Dr. Chandraprakash Dwivedi","https://www.youtube.com/watch?v=KTo1zLXHSUM","1491","https://www.youtube.com/playlist?list=PLY-qGtGftCjm1_tDxT2TsDAXXC2p-iutt","Chanakya_theofficial"
"26","605:19:26","Chanakya","Chanakya — चाणक्य Official | Episode 36 - Part -2 | Directed & Acted by Dr. Chandraprakash Dwivedi","https://www.youtube.com/watch?v=rtmK4cNWTxM","1588","https://www.youtube.com/playlist?list=PLY-qGtGftCjm1_tDxT2TsDAXXC2p-iutt","Chanakya_theofficial"
"26","605:45:54","Swabhimaan","Swabhimaan — Swabhimaan | Episode 585 | Rohit Roy, Ashutosh Rana, Manoj Bajpayee | Classic Indian TV Serial","https://www.youtube.com/watch?v=EwBVm5HIaoo","1406","https://www.youtube.com/playlist?list=PLZeNWB9l7494","Classic Indian TV Serials"
"26","606:09:20","Shri Krishna","Shri Krishna — Sri Krishna EP 162 - युधिष्ठिर ने अपने बड़ों से ली युद्ध शुरू करने की आज्ञा | HQ WIDE SCREEN","https://www.youtube.com/watch?v=EMreeIb-KNI","2865","https://www.youtube.com/playlist?list=PLFPJRCFRDARR9IkjkVi6O9ue5DjKiKtkI","Tilak"
"26","606:57:05","Byomkesh Bakshi","Byomkesh Bakshi — Byomkesh Bakshi: Ep#24 - Bemisaal","https://www.youtube.com/watch?v=oKslMvJznVI","2340","https://www.youtube.com/playlist?list=PLUiMfS6qzIMxiHu2N2Px1ISp5vxCm3PMo","Doordarshan National"
"26","607:36:05","Swabhimaan","Swabhimaan — Swabhimaan | Episode 586 | Rohit Roy, Ashutosh Rana, Manoj Bajpayee | Classic Indian TV Serial","https://www.youtube.com/watch?v=-5Quh5HY8p4","1233","https://www.youtube.com/playlist?list=PLZeNWB9l7494","Classic Indian TV Serials"
"26","607:56:38","Hum Log","Hum Log — Hum Log | Episode 44 | India's First Hindi TV Serial | Ashok Kumar, Seema Bhargava, Vinod & Jayshri","https://www.youtube.com/watch?v=z7YPh0gAoKo","1334","https://www.youtube.com/playlist?list=PLaNSOkABhCUE","Goldmines Movies"
"26","608:18:52","Swabhimaan","Swabhimaan — Swabhimaan | Episode 587 | Rohit Roy, Ashutosh Rana, Manoj Bajpayee | Classic Indian TV Serial","https://www.youtube.com/watch?v=QdOdaYLTlm0","1320","https://www.youtube.com/playlist?list=PLZeNWB9l7494","Classic Indian TV Serials"
"26","608:40:52","Vintage ads","Vintage ads — 1985: Piccolo Film Rolls","https://www.youtube.com/watch?v=bbrUips8jCU","30","https://www.youtube.com/playlist?list=PLycor1XF7S9HVMnWxndl27HgZJM5S8wRT","Guruprasad Gp"
"26","608:41:22","Vikram Aur Betaal","Vikram Aur Betaal — रामानंद सागर कृत विक्रम और बेताल भाग 20 - आनंदसेन और रूपवती की प्रेम कथा","https://www.youtube.com/watch?v=UONZ8yhlJg8","1386","https://www.youtube.com/playlist?list=PL-eaGjSO6F70C3-LkA3kEqAIHkdDLhI6Q","Tilak Kathayein"
"26","609:04:28","Swabhimaan","Swabhimaan — Swabhimaan | Episode 588 | Rohit Roy, Ashutosh Rana, Manoj Bajpayee | Classic Indian TV Serial","https://www.youtube.com/watch?v=r9N18XMJUAc","1232","https://www.youtube.com/playlist?list=PLZeNWB9l7494","Classic Indian TV Serials"
"26","609:25:00","Circus","Circus — Shahrukh Khan starrer Circus - Ep #15","https://www.youtube.com/watch?v=z87SX9d0GYo","1521","https://www.youtube.com/playlist?list=PLUiMfS6qzIMzAqteEcp055VDYpgZDbeyT","Doordarshan National"
"26","609:50:21","Bharat Ek Khoj","Bharat Ek Khoj — Bharat Ek Khoj | Episode-41 | The Bengal Renaissance and Raja Rammohun Roy","https://www.youtube.com/watch?v=IDT8C_lVXk0","3529","https://www.youtube.com/playlist?list=PLqtVCj5iilH4w0Y8KBB4fqBu25T0sGhXG","Prasar Bharati Archives"
"26","610:49:10","Swabhimaan","Swabhimaan — Swabhimaan | Episode 589 | Rohit Roy, Ashutosh Rana, Manoj Bajpayee | Classic Indian TV Serial","https://www.youtube.com/watch?v=pK1e4YAv4-U","1290","https://www.youtube.com/playlist?list=PLZeNWB9l7494","Classic Indian TV Serials"
"26","611:10:40","The Sword of Tipu Sultan","The Sword of Tipu Sultan — Tipu Sultan | Full Episode 40 | Sanjay Khan, Dipika Chikhlia, Swapnil Joshi | Dangal TV Gathaa","https://www.youtube.com/watch?v=7FDk_ifsAwA","2574","https://www.youtube.com/playlist?list=PLL8R100698ndzARBsLB6Z8jYs_52cDJJ7","Dangal TV Replay"
"26","611:53:34","Chandrakanta","Chandrakanta — Chandrakanta 1994 Episode 97 LONE WARRIOR","https://www.youtube.com/watch?v=AwmiqIIIDEw","1054","https://www.youtube.com/playlist?list=PLKfQh0u-9j2YaM54LNfASdQYllxsoU05a","lone warrior"
"26","612:11:08","Shri Krishna","Shri Krishna — Sri Krishna EP 163 - महाभारत का युद्ध | HQ WIDE SCREEN | English Subtitles","https://www.youtube.com/watch?v=BVZzNCDiifk","2942","https://www.youtube.com/playlist?list=PLFPJRCFRDARR9IkjkVi6O9ue5DjKiKtkI","Tilak"
"26","613:00:10","Swabhimaan","Swabhimaan — Swabhimaan | Episode 590 | Rohit Roy, Ashutosh Rana, Manoj Bajpayee | Classic Indian TV Serial","https://www.youtube.com/watch?v=zIU084oFb-w","1307","https://www.youtube.com/playlist?list=PLZeNWB9l7494","Classic Indian TV Serials"
"26","613:21:57","Vintage ads","Vintage ads — 1978: Bush 2-in-1, Made in India","https://www.youtube.com/watch?v=Hq4T9tlpOrU","114","https://www.youtube.com/playlist?list=PLycor1XF7S9HVMnWxndl27HgZJM5S8wRT","Guruprasad Gp"
"26","613:23:51","Junoon","Junoon — बेटे के लिए कोर्ट में रोया बाप | 4 साल बाद बेटे से मिलने की दर्द भरी जंग | Junoon Ep# 254","https://www.youtube.com/watch?v=ssoSm3DGPlI","1377","https://www.youtube.com/playlist?list=PLrkDcuaB2OX_ZuAo48tg5pEa2BjdoM8Y2","Cinevista Entertainment"
"26","613:46:48","Swabhimaan","Swabhimaan — Swabhimaan | Episode 591 | Rohit Roy, Ashutosh Rana, Manoj Bajpayee | Classic Indian TV Serial","https://www.youtube.com/watch?v=xQrntJJlUnQ","1259","https://www.youtube.com/playlist?list=PLZeNWB9l7494","Classic Indian TV Serials"
"26","614:07:47","Swabhimaan","Swabhimaan — Swabhimaan | Episode 592 | Rohit Roy, Ashutosh Rana, Manoj Bajpayee | Classic Indian TV Serial","https://www.youtube.com/watch?v=RmbwPc8jPYw","1227","https://www.youtube.com/playlist?list=PLZeNWB9l7494","Classic Indian TV Serials"
"26","614:28:14","Alif Laila","Alif Laila — पत्थर का सिंदबाद क्यों बनाया जादूगरनी जुबेदा ने Episode 77 | Alif Laila | Sagar Pictures","https://www.youtube.com/watch?v=Zz3gVmZLOiY","1316","https://www.youtube.com/playlist?list=PLqmdsOwstpJfOtjWGMFTGMruqQV7C5XoL","Sagar Pictures"
"26","614:50:10","Swabhimaan","Swabhimaan — Swabhimaan | Episode 593 | Rohit Roy, Ashutosh Rana, Manoj Bajpayee | Classic Indian TV Serial","https://www.youtube.com/watch?v=dkZu_6TdcS8","1174","https://www.youtube.com/playlist?list=PLZeNWB9l7494","Classic Indian TV Serials"
"26","615:09:44","Shri Krishna","Shri Krishna — Sri Krishna EP 164 - श्री कृष्ण ने तोड़ी अपनी शस्त्र ना उठाने की प्रतिज्ञा | HQ WIDE SCREEN","https://www.youtube.com/watch?v=zbozRP5pW9g","2909","https://www.youtube.com/playlist?list=PLFPJRCFRDARR9IkjkVi6O9ue5DjKiKtkI","Tilak"
"26","615:58:13","Swabhimaan","Swabhimaan — Swabhimaan | Episode 594 | Rohit Roy, Ashutosh Rana, Manoj Bajpayee | Classic Indian TV Serial","https://www.youtube.com/watch?v=a6qzGqzYT0Q","1188","https://www.youtube.com/playlist?list=PLZeNWB9l7494","Classic Indian TV Serials"
"26","616:18:01","Chandrakanta","Chandrakanta — Chandrakanta 1994 Episode 98 LONE WARRIOR","https://www.youtube.com/watch?v=BWS68jqTjMY","1036","https://www.youtube.com/playlist?list=PLKfQh0u-9j2YaM54LNfASdQYllxsoU05a","lone warrior"
"26","616:35:17","Surabhi","Surabhi — Surabhi | सुरभि  : Ep - 45","https://www.youtube.com/watch?v=WthDaej0NCc","1469","https://www.youtube.com/playlist?list=PLUiMfS6qzIMzE8lgWFaQ3qvVFCCONXALQ","Doordarshan National"
"26","616:59:46","Swabhimaan","Swabhimaan — Swabhimaan | Episode 595 | Rohit Roy, Ashutosh Rana, Manoj Bajpayee | Classic Indian TV Serial","https://www.youtube.com/watch?v=NU-OuGivUhI","1130","https://www.youtube.com/playlist?list=PLZeNWB9l7494","Classic Indian TV Serials"
"26","617:18:36","Dekh Bhai Dekh","Dekh Bhai Dekh — Dekh Bhai Dekh episode 41 part 1","https://www.youtube.com/watch?v=5zcxQ0Gn7VI","501","https://www.youtube.com/playlist?list=UUYdB1nhxEAtjp-TLnv5utzg","LBEstudio"
"26","617:26:57","Dekh Bhai Dekh","Dekh Bhai Dekh — Dekh Bhai Dekh episode 41 part 2","https://www.youtube.com/watch?v=a6i_nwgA_f4","501","https://www.youtube.com/playlist?list=UUYdB1nhxEAtjp-TLnv5utzg","LBEstudio"
"26","617:35:18","Dekh Bhai Dekh","Dekh Bhai Dekh — Dekh Bhai Dekh episode 41 part 3","https://www.youtube.com/watch?v=61AxCOVRrHg","496","https://www.youtube.com/playlist?list=UUYdB1nhxEAtjp-TLnv5utzg","LBEstudio"
"26","617:43:34","Swabhimaan","Swabhimaan — Swabhimaan | Episode 596 | Rohit Roy, Ashutosh Rana, Manoj Bajpayee | Classic Indian TV Serial","https://www.youtube.com/watch?v=QjTTv_0_-UU","1147","https://www.youtube.com/playlist?list=PLZeNWB9l7494","Classic Indian TV Serials"
"26","618:02:41","Wagle Ki Duniya","Wagle Ki Duniya — Wagle Ki Duniya - Episode 11 - Police Station [Shahrukh Khan SPECIAL] | DD EXCLUSIVE","https://www.youtube.com/watch?v=gfaP1BSs8IA","1445","https://www.youtube.com/playlist?list=PL5TZ-0sMyEgVQcbG4E10bBeGcQEQ3WR-S","90's Ki Yaadein"
"26","618:26:46","Shri Krishna","Shri Krishna — Sri Krishna EP 165 - महाभारत का युद्ध | HQ WIDE SCREEN | English Subtitles","https://www.youtube.com/watch?v=QXPZUHgkdlI","2909","https://www.youtube.com/playlist?list=PLFPJRCFRDARR9IkjkVi6O9ue5DjKiKtkI","Tilak"
"26","619:15:15","Swabhimaan","Swabhimaan — Swabhimaan | Episode 597 | Rohit Roy, Ashutosh Rana, Manoj Bajpayee | Classic Indian TV Serial","https://www.youtube.com/watch?v=IXyiJszbzOA","1226","https://www.youtube.com/playlist?list=PLZeNWB9l7494","Classic Indian TV Serials"
"26","619:35:41","The Great Maratha","The Great Maratha — The Great Maratha | Full Episode 32 | Irrfan Khan, Pankaj Dheer | Dangal TV Gathaa","https://www.youtube.com/watch?v=4_hzLb7Y_bU","2644","https://www.youtube.com/playlist?list=PLL8R100698nc9lYCs25j4FrcGDyqdtq_B","Dangal TV Replay"
"26","620:19:45","Swabhimaan","Swabhimaan — Swabhimaan | Episode 598 | Rohit Roy, Ashutosh Rana, Manoj Bajpayee | Classic Indian TV Serial","https://www.youtube.com/watch?v=VyOnzs5M_mM","1262","https://www.youtube.com/playlist?list=PLZeNWB9l7494","Classic Indian TV Serials"
"26","620:40:47","Tehkikaat","Tehkikaat — Tehkikaat तहकीकात | Jealousi Turns Blood - Crime Serial | Ranjeet, Saurabh Shukla, Vijay A. | EP 36","https://www.youtube.com/watch?v=GLAZFT1U914","1483","https://www.youtube.com/playlist?list=PLImQCagB5etA0FMEJ7yrWIUBCzxgOBikn","Raj Rishi Serials"
"26","621:05:30","Swabhimaan","Swabhimaan — Swabhimaan | Episode 599 | Rohit Roy, Ashutosh Rana, Manoj Bajpayee | Classic Indian TV Serial","https://www.youtube.com/watch?v=aHtFePvjl10","1273","https://www.youtube.com/playlist?list=PLZeNWB9l7494","Classic Indian TV Serials"
"26","621:26:43","Hum Log","Hum Log — Hum Log | Episode 45 | India's First Hindi TV Serial | Ashok Kumar, Seema Bhargava, Vinod & Jayshri","https://www.youtube.com/watch?v=zpCvgLUq30o","1242","https://www.youtube.com/playlist?list=PLaNSOkABhCUE","Goldmines Movies"
"26","621:47:25","Chandrakanta","Chandrakanta — Chandrakanta 1994 Episode 99LONE WARRIOR","https://www.youtube.com/watch?v=WzXS8U4cKHI","1529","https://www.youtube.com/playlist?list=PLKfQh0u-9j2YaM54LNfASdQYllxsoU05a","lone warrior"
"26","622:12:54","Swabhimaan","Swabhimaan — Swabhimaan | Episode 600 | Rohit Roy, Ashutosh Rana, Manoj Bajpayee | Classic Indian TV Serial","https://www.youtube.com/watch?v=W_Z2OPn57XU","1219","https://www.youtube.com/playlist?list=PLZeNWB9l7494","Classic Indian TV Serials"
"26","622:33:13","Shri Krishna","Shri Krishna — Sri Krishna EP 166 - भीष्म ने दिया द्रौपदी को सदा सुहागन होने का आशीर्वाद  | HQ WIDE SCREEN","https://www.youtube.com/watch?v=vMwJQgwP8aI","2908","https://www.youtube.com/playlist?list=PLFPJRCFRDARR9IkjkVi6O9ue5DjKiKtkI","Tilak"
"26","623:21:41","Vintage ads","Vintage ads — 1991: Lehar Pepsi - The choice of a new generation","https://www.youtube.com/watch?v=GDO4UErH2NY","93","https://www.youtube.com/playlist?list=PLycor1XF7S9HVMnWxndl27HgZJM5S8wRT","Guruprasad Gp"
"26","623:23:14","Swabhimaan","Swabhimaan — Swabhimaan | Episode 601 | Rohit Roy, Ashutosh Rana, Manoj Bajpayee | Classic Indian TV Serial","https://www.youtube.com/watch?v=cyuFHKqD-gY","1216","https://www.youtube.com/playlist?list=PLZeNWB9l7494","Classic Indian TV Serials"
"26","623:43:30","Alif Laila","Alif Laila — डाकू गुफरान कौन था और सिंदबाद उसके पीछे गुफा में क्यों गया Episode 78 | Alif Laila Sagar Pictures","https://www.youtube.com/watch?v=qo9VHQy68rs","1214","https://www.youtube.com/playlist?list=PLqmdsOwstpJfOtjWGMFTGMruqQV7C5XoL","Sagar Pictures"
"27","624:03:44","Chanakya","Chanakya — चाणक्य Official | Episode 37 - Part -1 | Directed & Acted by Dr. Chandraprakash Dwivedi","https://www.youtube.com/watch?v=i8ecHF1SMxc","1373","https://www.youtube.com/playlist?list=PLY-qGtGftCjm1_tDxT2TsDAXXC2p-iutt","Chanakya_theofficial"
"27","624:26:37","Chanakya","Chanakya — चाणक्य Official | Episode 37 - Part -2 | Directed & Acted by Dr. Chandraprakash Dwivedi","https://www.youtube.com/watch?v=-vYq_P8W68c","1472","https://www.youtube.com/playlist?list=PLY-qGtGftCjm1_tDxT2TsDAXXC2p-iutt","Chanakya_theofficial"
"27","624:51:09","Swabhimaan","Swabhimaan — Swabhimaan | Episode 602 | Rohit Roy, Ashutosh Rana, Manoj Bajpayee | Classic Indian TV Serial","https://www.youtube.com/watch?v=LRwp_IptDAw","1094","https://www.youtube.com/playlist?list=PLZeNWB9l7494","Classic Indian TV Serials"
"27","625:09:23","Swabhimaan","Swabhimaan — Swabhimaan | Episode 603 | Rohit Roy, Ashutosh Rana, Manoj Bajpayee | Classic Indian TV Serial","https://www.youtube.com/watch?v=U7QZ9ufmDdY","1145","https://www.youtube.com/playlist?list=PLZeNWB9l7494","Classic Indian TV Serials"
"27","625:28:28","Udaan","Udaan — Udaan DD national Old Serial Episode 21 doordarshan उड़ान दूरदर्शन डीडी नेशनल","https://www.youtube.com/watch?v=2OQalJJKnnc","1735","https://www.youtube.com/playlist?list=PLFSBneXK-Uv8l6Fs99d5HyhaMlW8q8tWk","Doordarshan Serial"
"27","625:57:23","Swabhimaan","Swabhimaan — Swabhimaan | Episode 604 | Rohit Roy, Ashutosh Rana, Manoj Bajpayee | Classic Indian TV Serial","https://www.youtube.com/watch?v=tBjUztXUusU","1196","https://www.youtube.com/playlist?list=PLZeNWB9l7494","Classic Indian TV Serials"
"27","626:17:19","The Sword of Tipu Sultan","The Sword of Tipu Sultan — Tipu Sultan | Full Episode 41 | Sanjay Khan, Dipika Chikhlia, Swapnil Joshi | Dangal TV Gathaa","https://www.youtube.com/watch?v=2m6m5pCGtck","2452","https://www.youtube.com/playlist?list=PLL8R100698ndzARBsLB6Z8jYs_52cDJJ7","Dangal TV Replay"
"27","626:58:11","Shri Krishna","Shri Krishna — Sri Krishna EP 167 - महाभारत का युद्ध | HQ WIDE SCREEN | English Subtitles","https://www.youtube.com/watch?v=oKU_jv7wm1g","2908","https://www.youtube.com/playlist?list=PLFPJRCFRDARR9IkjkVi6O9ue5DjKiKtkI","Tilak"
"27","627:46:39","Swabhimaan","Swabhimaan — Swabhimaan | Episode 605 | Rohit Roy, Ashutosh Rana, Manoj Bajpayee | Classic Indian TV Serial","https://www.youtube.com/watch?v=04_1l7mMMoI","1136","https://www.youtube.com/playlist?list=PLZeNWB9l7494","Classic Indian TV Serials"
"27","628:05:35","Swabhimaan","Swabhimaan — Swabhimaan | Episode 606 | Rohit Roy, Ashutosh Rana, Manoj Bajpayee | Classic Indian TV Serial","https://www.youtube.com/watch?v=Sxw-p5y_5-c","1188","https://www.youtube.com/playlist?list=PLZeNWB9l7494","Classic Indian TV Serials"
"27","628:25:23","Bharat Ek Khoj","Bharat Ek Khoj — Bharat Ek Khoj | Episode-42 | 1857, Part I","https://www.youtube.com/watch?v=JRXzxS7YwVA","3547","https://www.youtube.com/playlist?list=PLqtVCj5iilH4w0Y8KBB4fqBu25T0sGhXG","Prasar Bharati Archives"
"27","629:24:30","Swabhimaan","Swabhimaan — Swabhimaan | Episode 607 | Rohit Roy, Ashutosh Rana, Manoj Bajpayee | Classic Indian TV Serial","https://www.youtube.com/watch?v=fteUQsx83yY","1120","https://www.youtube.com/playlist?list=PLZeNWB9l7494","Classic Indian TV Serials"
"27","629:43:10","Swabhimaan","Swabhimaan — Swabhimaan | Episode 608 | Rohit Roy, Ashutosh Rana, Manoj Bajpayee | Classic Indian TV Serial","https://www.youtube.com/watch?v=AqZZQF7wwOg","1137","https://www.youtube.com/playlist?list=PLZeNWB9l7494","Classic Indian TV Serials"
"27","630:02:07","Chandrakanta","Chandrakanta — Chandrakanta 1994 Episode 100 LONE WARRIOR","https://www.youtube.com/watch?v=CPR8GSyZxU8","1294","https://www.youtube.com/playlist?list=PLKfQh0u-9j2YaM54LNfASdQYllxsoU05a","lone warrior"
"27","630:23:41","Surabhi","Surabhi — Surabhi | सुरभि  : Ep - 46","https://www.youtube.com/watch?v=NzwbPOC8Q8Y","1458","https://www.youtube.com/playlist?list=PLUiMfS6qzIMzE8lgWFaQ3qvVFCCONXALQ","Doordarshan National"
"27","630:47:59","Shri Krishna","Shri Krishna — Sri Krishna EP 168 - भीष्म के बाद द्रोणाचार्य बने सेनापति | HQ WIDE SCREEN | English Subtitles","https://www.youtube.com/watch?v=Zv1FvEU6tvI","2844","https://www.youtube.com/playlist?list=PLFPJRCFRDARR9IkjkVi6O9ue5DjKiKtkI","Tilak"
"27","631:35:23","Byomkesh Bakshi","Byomkesh Bakshi — Byomkesh Bakshi: Ep#25 - Balak Jasoos","https://www.youtube.com/watch?v=MGEcqJhglaY","2675","https://www.youtube.com/playlist?list=PLUiMfS6qzIMxiHu2N2Px1ISp5vxCm3PMo","Doordarshan National"
"27","632:19:58","Swabhimaan","Swabhimaan — Swabhimaan | Episode 609 | Rohit Roy, Ashutosh Rana, Manoj Bajpayee | Classic Indian TV Serial","https://www.youtube.com/watch?v=NinsAyaBHQY","1198","https://www.youtube.com/playlist?list=PLZeNWB9l7494","Classic Indian TV Serials"
"27","632:39:56","Vintage ads","Vintage ads — 1990: Seven Seas Cod Liver Oil","https://www.youtube.com/watch?v=QYQZnFz5o8s","35","https://www.youtube.com/playlist?list=PLycor1XF7S9HVMnWxndl27HgZJM5S8wRT","Guruprasad Gp"
"27","632:40:31","Alif Laila","Alif Laila — गुफरान डाकू एक फकीर के भेष में क्यों रहता था Episode 79 | Alif Laila | Sagar Pictures","https://www.youtube.com/watch?v=cGVbJbswyWE","1273","https://www.youtube.com/playlist?list=PLqmdsOwstpJfOtjWGMFTGMruqQV7C5XoL","Sagar Pictures"
"27","633:01:44","Swabhimaan","Swabhimaan — Swabhimaan | Episode 610 | Rohit Roy, Ashutosh Rana, Manoj Bajpayee | Classic Indian TV Serial","https://www.youtube.com/watch?v=FLy5_FaeGjc","1217","https://www.youtube.com/playlist?list=PLZeNWB9l7494","Classic Indian TV Serials"
"27","633:22:01","Swabhimaan","Swabhimaan — Swabhimaan | Episode 611 | Rohit Roy, Ashutosh Rana, Manoj Bajpayee | Classic Indian TV Serial","https://www.youtube.com/watch?v=w0vXn5d3fnE","1224","https://www.youtube.com/playlist?list=PLZeNWB9l7494","Classic Indian TV Serials"
"27","633:42:25","Dekh Bhai Dekh","Dekh Bhai Dekh — Dekh Bhai Dekh episode 42 part 1","https://www.youtube.com/watch?v=fw_3BW3hZfg","491","https://www.youtube.com/playlist?list=UUYdB1nhxEAtjp-TLnv5utzg","LBEstudio"
"27","633:50:36","Dekh Bhai Dekh","Dekh Bhai Dekh — Dekh Bhai Dekh episode 42 part 2","https://www.youtube.com/watch?v=8V401Cpp0Dk","491","https://www.youtube.com/playlist?list=UUYdB1nhxEAtjp-TLnv5utzg","LBEstudio"
"27","633:58:47","Dekh Bhai Dekh","Dekh Bhai Dekh — Dekh Bhai Dekh episode 42 part 3","https://www.youtube.com/watch?v=IgjS8UIHiT8","488","https://www.youtube.com/playlist?list=UUYdB1nhxEAtjp-TLnv5utzg","LBEstudio"
"27","634:06:55","Shri Krishna","Shri Krishna — Sri Krishna EP 169 - महाभारत का युद्ध | HQ WIDE SCREEN | English Subtitles","https://www.youtube.com/watch?v=-Voq9Mz2KEM","2681","https://www.youtube.com/playlist?list=PLFPJRCFRDARR9IkjkVi6O9ue5DjKiKtkI","Tilak"
"27","634:51:36","Swabhimaan","Swabhimaan — Swabhimaan | Episode 612 | Rohit Roy, Ashutosh Rana, Manoj Bajpayee | Classic Indian TV Serial","https://www.youtube.com/watch?v=ErVaWjxHmvQ","1144","https://www.youtube.com/playlist?list=PLZeNWB9l7494","Classic Indian TV Serials"
"27","635:10:40","Vintage ads","Vintage ads — 1982: Gits Instant - Soup Mix, Idli Dosai Mix, Gulab Jamun Mix","https://www.youtube.com/watch?v=Z45nP20sGiw","68","https://www.youtube.com/playlist?list=PLycor1XF7S9HVMnWxndl27HgZJM5S8wRT","Guruprasad Gp"
"27","635:11:48","Hum Log","Hum Log — Hum Log | Episode 46 | India's First Hindi TV Serial | Ashok Kumar, Seema Bhargava, Vinod & Jayshri","https://www.youtube.com/watch?v=wGXmxC_neAg","1326","https://www.youtube.com/playlist?list=PLaNSOkABhCUE","Goldmines Movies"
"27","635:33:54","Swabhimaan","Swabhimaan — Swabhimaan | Episode 613 | Rohit Roy, Ashutosh Rana, Manoj Bajpayee | Classic Indian TV Serial","https://www.youtube.com/watch?v=AQEWZ_UzBo0","1218","https://www.youtube.com/playlist?list=PLZeNWB9l7494","Classic Indian TV Serials"
"27","635:54:12","Swabhimaan","Swabhimaan — Swabhimaan | Episode 614 | Rohit Roy, Ashutosh Rana, Manoj Bajpayee | Classic Indian TV Serial","https://www.youtube.com/watch?v=HjgbC4G_FH8","1218","https://www.youtube.com/playlist?list=PLZeNWB9l7494","Classic Indian TV Serials"
"27","636:14:30","Chandrakanta","Chandrakanta — Chandrakanta 1994 Episode 101LONE WARRIOR","https://www.youtube.com/watch?v=jaQBfs3XXQo","1294","https://www.youtube.com/playlist?list=PLKfQh0u-9j2YaM54LNfASdQYllxsoU05a","lone warrior"
"27","636:36:04","Swabhimaan","Swabhimaan — Swabhimaan | Episode 615 | Rohit Roy, Ashutosh Rana, Manoj Bajpayee | Classic Indian TV Serial","https://www.youtube.com/watch?v=_CMX78rO3PE","1258","https://www.youtube.com/playlist?list=PLZeNWB9l7494","Classic Indian TV Serials"
"27","636:57:02","Shri Krishna","Shri Krishna — Sri Krishna EP 170 - महाभारत का युद्ध | HQ WIDE SCREEN | English Subtitles","https://www.youtube.com/watch?v=R58h8MSburA","2808","https://www.youtube.com/playlist?list=PLFPJRCFRDARR9IkjkVi6O9ue5DjKiKtkI","Tilak"
"27","637:43:50","Swabhimaan","Swabhimaan — Swabhimaan | Episode 616 | Rohit Roy, Ashutosh Rana, Manoj Bajpayee | Classic Indian TV Serial","https://www.youtube.com/watch?v=sdlwHfaC4i8","1285","https://www.youtube.com/playlist?list=PLZeNWB9l7494","Classic Indian TV Serials"
"27","638:05:15","The Great Maratha","The Great Maratha — The Great Maratha | Full Episode 39 | Irrfan Khan, Pankaj Dheer | Dangal TV Gathaa","https://www.youtube.com/watch?v=VcU68N7X6Sk","2351","https://www.youtube.com/playlist?list=PLL8R100698nc9lYCs25j4FrcGDyqdtq_B","Dangal TV Replay"
"27","638:44:26","Fauji","Fauji — Fauji Episode 11 | Shah Rukh Khan's Television Debut (1989) | SRK's First-Ever TV Serial Appearance","https://www.youtube.com/watch?v=uKfbMjpdYfE","1428","https://www.youtube.com/playlist?list=PLYqSow41YJ2I","Goldmines Bollywood"
"27","639:08:14","Swabhimaan","Swabhimaan — Swabhimaan | Episode 617 | Rohit Roy, Ashutosh Rana, Manoj Bajpayee | Classic Indian TV Serial","https://www.youtube.com/watch?v=gTCIO7I7CyE","1295","https://www.youtube.com/playlist?list=PLZeNWB9l7494","Classic Indian TV Serials"
"27","639:29:49","Tehkikaat","Tehkikaat — Tehkikaat तहकीकात | Jealousi Turns Blood - Crime Serial | Ranjeet, Saurabh Shukla, Vijay A. | EP 37","https://www.youtube.com/watch?v=nxXMx6my5kk","1243","https://www.youtube.com/playlist?list=PLImQCagB5etA0FMEJ7yrWIUBCzxgOBikn","Raj Rishi Serials"
"27","639:50:32","Vikram Aur Betaal","Vikram Aur Betaal — रामानंद सागर कृत विक्रम और बेताल भाग 21 - सुकेश के प्रेम और राजा के देशधर्म की कथा","https://www.youtube.com/watch?v=530mi2ZSlhA","1413","https://www.youtube.com/playlist?list=PL-eaGjSO6F70C3-LkA3kEqAIHkdDLhI6Q","Tilak Kathayein"
"27","640:14:05","Swabhimaan","Swabhimaan — Swabhimaan | Episode 618 | Rohit Roy, Ashutosh Rana, Manoj Bajpayee | Classic Indian TV Serial","https://www.youtube.com/watch?v=RVzlLJOjDyg","1239","https://www.youtube.com/playlist?list=PLZeNWB9l7494","Classic Indian TV Serials"
"27","640:34:44","Vintage ads","Vintage ads — 1995: Exide","https://www.youtube.com/watch?v=l_9_WlZz8bo","21","https://www.youtube.com/playlist?list=PLycor1XF7S9HVMnWxndl27HgZJM5S8wRT","Guruprasad Gp"
"27","640:35:05","Chanakya","Chanakya — चाणक्य Official | Episode 38 - Part -1 | Directed & Acted by Dr. Chandraprakash Dwivedi","https://www.youtube.com/watch?v=6Fq8Q6zjfC8","1575","https://www.youtube.com/playlist?list=PLY-qGtGftCjm1_tDxT2TsDAXXC2p-iutt","Chanakya_theofficial"
"27","641:01:20","Chanakya","Chanakya — चाणक्य Official | Episode 38 - Part -2 | Directed & Acted by Dr. Chandraprakash Dwivedi","https://www.youtube.com/watch?v=VZqIhsddFy0","1500","https://www.youtube.com/playlist?list=PLY-qGtGftCjm1_tDxT2TsDAXXC2p-iutt","Chanakya_theofficial"
"27","641:26:20","Alif Laila","Alif Laila — बादशाह खुर्रम शाह से क्यों मिलना चाहता सिंदबाद Episode 80 | Alif Laila | Sagar Pictures","https://www.youtube.com/watch?v=nH3MQLvNQQk","1177","https://www.youtube.com/playlist?list=PLqmdsOwstpJfOtjWGMFTGMruqQV7C5XoL","Sagar Pictures"
"27","641:45:57","Shri Krishna","Shri Krishna — Sri Krishna EP 171 - महाभारत का युद्ध | HQ WIDE SCREEN | English Subtitles","https://www.youtube.com/watch?v=Qwag-uXxxic","2696","https://www.youtube.com/playlist?list=PLFPJRCFRDARR9IkjkVi6O9ue5DjKiKtkI","Tilak"
"27","642:30:53","The Sword of Tipu Sultan","The Sword of Tipu Sultan — Tipu Sultan | Full Episode 42 | Sanjay Khan, Dipika Chikhlia, Swapnil Joshi | Dangal TV Gathaa","https://www.youtube.com/watch?v=pXGuulrhyPk","2455","https://www.youtube.com/playlist?list=PLL8R100698ndzARBsLB6Z8jYs_52cDJJ7","Dangal TV Replay"
"27","643:11:48","Swabhimaan","Swabhimaan — Swabhimaan | Episode 619 | Rohit Roy, Ashutosh Rana, Manoj Bajpayee | Classic Indian TV Serial","https://www.youtube.com/watch?v=BIV575wWLR0","1295","https://www.youtube.com/playlist?list=PLZeNWB9l7494","Classic Indian TV Serials"
"27","643:33:23","Nukkad","Nukkad — Nukkad TV Serial   Episode 19   Drama Competition at Nukkad   Best TV show","https://www.youtube.com/watch?v=sXnNRYL1C8A","1435","https://www.youtube.com/playlist?list=PLDXzvDkBVqqSGYLZPlZQfl_Vn-JmuiTDN","movie clips"
"27","643:57:18","Swabhimaan","Swabhimaan — Swabhimaan | Episode 620 | Rohit Roy, Ashutosh Rana, Manoj Bajpayee | Classic Indian TV Serial","https://www.youtube.com/watch?v=8JjkPivkDH4","1325","https://www.youtube.com/playlist?list=PLZeNWB9l7494","Classic Indian TV Serials"
"27","644:19:23","Vintage ads","Vintage ads — 1987: Forhan's Freshmint Toothpaste","https://www.youtube.com/watch?v=FC1diN-Ga6c","32","https://www.youtube.com/playlist?list=PLycor1XF7S9HVMnWxndl27HgZJM5S8wRT","Guruprasad Gp"
"27","644:19:55","Swabhimaan","Swabhimaan — Swabhimaan | Episode 621 | Rohit Roy, Ashutosh Rana, Manoj Bajpayee | Classic Indian TV Serial","https://www.youtube.com/watch?v=i9XmFEXlhIw","1202","https://www.youtube.com/playlist?list=PLZeNWB9l7494","Classic Indian TV Serials"
"27","644:39:57","Chandrakanta","Chandrakanta — Chandrakanta 1994 Episode 102 LONE WARRIOR","https://www.youtube.com/watch?v=AREHzpJXJQo","1294","https://www.youtube.com/playlist?list=PLKfQh0u-9j2YaM54LNfASdQYllxsoU05a","lone warrior"
"27","645:01:31","Surabhi","Surabhi — Surabhi | सुरभि  : Ep - 47","https://www.youtube.com/watch?v=RUDk_PjRCLo","1451","https://www.youtube.com/playlist?list=PLUiMfS6qzIMzE8lgWFaQ3qvVFCCONXALQ","Doordarshan National"
"27","645:25:42","Swabhimaan","Swabhimaan — Swabhimaan | Episode 622 | Rohit Roy, Ashutosh Rana, Manoj Bajpayee | Classic Indian TV Serial","https://www.youtube.com/watch?v=CO1W_2d29hE","1287","https://www.youtube.com/playlist?list=PLZeNWB9l7494","Classic Indian TV Serials"
"27","645:47:09","Shri Krishna","Shri Krishna — Sri Krishna EP 172 - श्री कृष्ण के अपमान पर अर्जुन की प्रतिक्रिया का वर्णन | HQ WIDE SCREEN","https://www.youtube.com/watch?v=EgAGZq5ZZn8","2870","https://www.youtube.com/playlist?list=PLFPJRCFRDARR9IkjkVi6O9ue5DjKiKtkI","Tilak"
"27","646:34:59","Vintage ads","Vintage ads — 1988: Nescafe Instant Ice Shake","https://www.youtube.com/watch?v=6XYmGNgV1ls","42","https://www.youtube.com/playlist?list=PLycor1XF7S9HVMnWxndl27HgZJM5S8wRT","Guruprasad Gp"
"27","646:35:41","Swabhimaan","Swabhimaan — Swabhimaan | Episode 623 | Rohit Roy, Ashutosh Rana, Manoj Bajpayee | Classic Indian TV Serial","https://www.youtube.com/watch?v=CiCeKVw9K0c","1274","https://www.youtube.com/playlist?list=PLZeNWB9l7494","Classic Indian TV Serials"
"27","646:56:55","Bharat Ek Khoj","Bharat Ek Khoj — Bharat Ek Khoj | Episode-43 | 1857, Part II","https://www.youtube.com/watch?v=kWcskwAQGiU","3270","https://www.youtube.com/playlist?list=PLqtVCj5iilH4w0Y8KBB4fqBu25T0sGhXG","Prasar Bharati Archives"
"27","647:51:25","Swabhimaan","Swabhimaan — Swabhimaan | Episode 624 | Rohit Roy, Ashutosh Rana, Manoj Bajpayee | Classic Indian TV Serial","https://www.youtube.com/watch?v=AZTa0biT4_s","1184","https://www.youtube.com/playlist?list=PLZeNWB9l7494","Classic Indian TV Serials"
"28","648:11:09","Om Namah Shivay","Om Namah Shivay — नारद त्रिमूर्ति और तीन देवियों से मिलते हैं | Om Namah Shivay TV Serial | Episode 213","https://www.youtube.com/watch?v=nFLtgo-vBy0","1335","https://www.youtube.com/playlist?list=PL5A5QJkW7MkuEgaSMSlkmc51V_jBHv6fO","Saregama Bhakti"
"28","648:33:24","Swabhimaan","Swabhimaan — Swabhimaan | Episode 625 | Rohit Roy, Ashutosh Rana, Manoj Bajpayee | Classic Indian TV Serial","https://www.youtube.com/watch?v=xkN1Zhi4LTE","1132","https://www.youtube.com/playlist?list=PLZeNWB9l7494","Classic Indian TV Serials"
"28","648:52:16","Hum Log","Hum Log — Hum Log | Episode 47 | India's First Hindi TV Serial | Ashok Kumar, Seema Bhargava, Vinod & Jayshri","https://www.youtube.com/watch?v=uRov_xUl7wI","1356","https://www.youtube.com/playlist?list=PLaNSOkABhCUE","Goldmines Movies"
"28","649:14:52","Shri Krishna","Shri Krishna — Sri Krishna EP 173 - रामानन्द सागर द्वारा श्री कृष्ण लीला का वर्णन | HQ WIDE SCREEN","https://www.youtube.com/watch?v=2y-oBg-rxw8","2825","https://www.youtube.com/playlist?list=PLFPJRCFRDARR9IkjkVi6O9ue5DjKiKtkI","Tilak"
"28","650:01:57","Swabhimaan","Swabhimaan — Swabhimaan | Episode 626 | Rohit Roy, Ashutosh Rana, Manoj Bajpayee | Classic Indian TV Serial","https://www.youtube.com/watch?v=pNZdVEyeVt0","1270","https://www.youtube.com/playlist?list=PLZeNWB9l7494","Classic Indian TV Serials"
"28","650:23:07","Alif Laila","Alif Laila — नोमान दरवेश कौन था और उसका बादशाह सलामत से क्या रिश्ता था Episode 81 | Alif Laila | Sagar Pictures","https://www.youtube.com/watch?v=ezmo80KRetc","1127","https://www.youtube.com/playlist?list=PLqmdsOwstpJfOtjWGMFTGMruqQV7C5XoL","Sagar Pictures"
"28","650:41:54","Dekh Bhai Dekh","Dekh Bhai Dekh — Dekh Bhai Dekh episode 43 part 1","https://www.youtube.com/watch?v=mbvCpcdhyH0","331","https://www.youtube.com/playlist?list=UUYdB1nhxEAtjp-TLnv5utzg","LBEstudio"
"28","650:47:25","Dekh Bhai Dekh","Dekh Bhai Dekh — Dekh Bhai Dekh episode 43 part 2","https://www.youtube.com/watch?v=n0KNnE90wCk","331","https://www.youtube.com/playlist?list=UUYdB1nhxEAtjp-TLnv5utzg","LBEstudio"
"28","650:52:56","Dekh Bhai Dekh","Dekh Bhai Dekh — Dekh Bhai Dekh episode 43 part 3","https://www.youtube.com/watch?v=iEplV3Fz7Mo","318","https://www.youtube.com/playlist?list=UUYdB1nhxEAtjp-TLnv5utzg","LBEstudio"
"28","650:58:14","Vintage ads","Vintage ads — 1990: Big Bite Wraps","https://www.youtube.com/watch?v=akhUKIqeBVw","66","https://www.youtube.com/playlist?list=PLycor1XF7S9HVMnWxndl27HgZJM5S8wRT","Guruprasad Gp"
"28","650:59:20","Swabhimaan","Swabhimaan — Swabhimaan | Episode 627 | Rohit Roy, Ashutosh Rana, Manoj Bajpayee | Classic Indian TV Serial","https://www.youtube.com/watch?v=vII9p7ddRQU","1218","https://www.youtube.com/playlist?list=PLZeNWB9l7494","Classic Indian TV Serials"
"28","651:19:38","Chandrakanta","Chandrakanta — Chandrakanta 1994 Episode 103 LONE WARRIOR","https://www.youtube.com/watch?v=GyAefntKBY4","1294","https://www.youtube.com/playlist?list=PLKfQh0u-9j2YaM54LNfASdQYllxsoU05a","lone warrior"
"28","651:41:12","Swabhimaan","Swabhimaan — Swabhimaan | Episode 628 | Rohit Roy, Ashutosh Rana, Manoj Bajpayee | Classic Indian TV Serial","https://www.youtube.com/watch?v=MqMPdHPvuGw","1202","https://www.youtube.com/playlist?list=PLZeNWB9l7494","Classic Indian TV Serials"
"28","652:01:14","Swabhimaan","Swabhimaan — Swabhimaan | Episode 629 | Rohit Roy, Ashutosh Rana, Manoj Bajpayee | Classic Indian TV Serial","https://www.youtube.com/watch?v=umNyluVIgT8","1193","https://www.youtube.com/playlist?list=PLZeNWB9l7494","Classic Indian TV Serials"
"28","652:21:07","Shri Krishna","Shri Krishna — Sri Krishna EP 174 - श्री कृष्ण और अपनी माता यशोदा से बिछड़ने का वर्णन | HQ WIDE SCREEN","https://www.youtube.com/watch?v=GVNEFMqanZw","3027","https://www.youtube.com/playlist?list=PLFPJRCFRDARR9IkjkVi6O9ue5DjKiKtkI","Tilak"
"28","653:11:34","Swabhimaan","Swabhimaan — Swabhimaan | Episode 630 | Rohit Roy, Ashutosh Rana, Manoj Bajpayee | Classic Indian TV Serial","https://www.youtube.com/watch?v=6huSROEjAWk","1164","https://www.youtube.com/playlist?list=PLZeNWB9l7494","Classic Indian TV Serials"
"28","653:30:58","Circus","Circus — Shahrukh Khan starrer Circus - Ep #16","https://www.youtube.com/watch?v=G1FRhw-nsEg","1474","https://www.youtube.com/playlist?list=PLUiMfS6qzIMzAqteEcp055VDYpgZDbeyT","Doordarshan National"
"28","653:55:32","Swabhimaan","Swabhimaan — Swabhimaan | Episode 631 | Rohit Roy, Ashutosh Rana, Manoj Bajpayee | Classic Indian TV Serial","https://www.youtube.com/watch?v=znluALkrDsw","1288","https://www.youtube.com/playlist?list=PLZeNWB9l7494","Classic Indian TV Serials"
"28","654:17:00","Tehkikaat","Tehkikaat — Tehkikaat तहकीकात | Jealousi Turns Blood - Crime Serial | Ranjeet, Saurabh Shukla, Vijay A. | EP 38","https://www.youtube.com/watch?v=6VQ_K1T9l-g","1056","https://www.youtube.com/playlist?list=PLImQCagB5etA0FMEJ7yrWIUBCzxgOBikn","Raj Rishi Serials"
"28","654:34:36","Swabhimaan","Swabhimaan — Swabhimaan | Episode 632 | Rohit Roy, Ashutosh Rana, Manoj Bajpayee | Classic Indian TV Serial","https://www.youtube.com/watch?v=U7u-zPI8Y7M","1132","https://www.youtube.com/playlist?list=PLZeNWB9l7494","Classic Indian TV Serials"
"28","654:53:28","Vintage ads","Vintage ads — 1992: MRF Tyres - AR Rahman's Piano","https://www.youtube.com/watch?v=K9eN9L0gVBk","58","https://www.youtube.com/playlist?list=PLycor1XF7S9HVMnWxndl27HgZJM5S8wRT","Guruprasad Gp"
"28","654:54:26","The Great Maratha","The Great Maratha — The Great Maratha | Full Episode 40 | Irrfan Khan, Pankaj Dheer | Dangal TV Gathaa","https://www.youtube.com/watch?v=59J9dPIu0pE","2505","https://www.youtube.com/playlist?list=PLL8R100698nc9lYCs25j4FrcGDyqdtq_B","Dangal TV Replay"
"28","655:36:11","Junoon","Junoon — सुमेर के गुस्से से मचा हड़कंप, फैक्ट्री पर मंडराया खतरा! Junoon Ep 256 | Family drama","https://www.youtube.com/watch?v=D9Scf4k_FBs","1279","https://www.youtube.com/playlist?list=PLrkDcuaB2OX_ZuAo48tg5pEa2BjdoM8Y2","Cinevista Entertainment"
"28","655:57:30","Swabhimaan","Swabhimaan — Swabhimaan | Episode 633 | Rohit Roy, Ashutosh Rana, Manoj Bajpayee | Classic Indian TV Serial","https://www.youtube.com/watch?v=OYNGeSMMtn4","1206","https://www.youtube.com/playlist?list=PLZeNWB9l7494","Classic Indian TV Serials"
"28","656:17:36","The Sword of Tipu Sultan","The Sword of Tipu Sultan — Tipu Sultan | Full Episode 43 | Sanjay Khan, Dipika Chikhlia, Swapnil Joshi | Dangal TV Gathaa","https://www.youtube.com/watch?v=_ngzX6fv4cI","2573","https://www.youtube.com/playlist?list=PLL8R100698ndzARBsLB6Z8jYs_52cDJJ7","Dangal TV Replay"
"28","657:00:29","Shri Krishna","Shri Krishna — Sri Krishna EP 175 - महाभारत युद्ध | HQ WIDE SCREEN | English Subtitles","https://www.youtube.com/watch?v=AOhPSWMlgPc","2774","https://www.youtube.com/playlist?list=PLFPJRCFRDARR9IkjkVi6O9ue5DjKiKtkI","Tilak"
"28","657:46:43","Alif Laila","Alif Laila — जब मलिका ऐ आलिआ को बादशाह के गायब होने की खबर मिली तब क्या हुआ Episode 82|Alif Laila|Sagar Pictures","https://www.youtube.com/watch?v=rco1zpezfEg","1310","https://www.youtube.com/playlist?list=PLqmdsOwstpJfOtjWGMFTGMruqQV7C5XoL","Sagar Pictures"
"28","658:08:33","Swabhimaan","Swabhimaan — Swabhimaan | Episode 634 | Rohit Roy, Ashutosh Rana, Manoj Bajpayee | Classic Indian TV Serial","https://www.youtube.com/watch?v=aU3qK95S3lY","1225","https://www.youtube.com/playlist?list=PLZeNWB9l7494","Classic Indian TV Serials"
"28","658:28:58","Byomkesh Bakshi","Byomkesh Bakshi — Byomkesh Bakshi: Ep#26 - Chakrant","https://www.youtube.com/watch?v=Tkvqg8iZBwE","2442","https://www.youtube.com/playlist?list=PLUiMfS6qzIMxiHu2N2Px1ISp5vxCm3PMo","Doordarshan National"
"28","659:09:40","Surabhi","Surabhi — Surabhi | सुरभि  : Ep - 48","https://www.youtube.com/watch?v=8eXU-4-fLIQ","1444","https://www.youtube.com/playlist?list=PLUiMfS6qzIMzE8lgWFaQ3qvVFCCONXALQ","Doordarshan National"
"28","659:33:44","Chandrakanta","Chandrakanta — Chandrakanta 1994 Episode 104 LONE WARRIOR","https://www.youtube.com/watch?v=lK0yjfCANJs","1240","https://www.youtube.com/playlist?list=PLKfQh0u-9j2YaM54LNfASdQYllxsoU05a","lone warrior"
"28","659:54:24","Swabhimaan","Swabhimaan — Swabhimaan | Episode 635 | Rohit Roy, Ashutosh Rana, Manoj Bajpayee | Classic Indian TV Serial","https://www.youtube.com/watch?v=AkWjaUaGrD8","1126","https://www.youtube.com/playlist?list=PLZeNWB9l7494","Classic Indian TV Serials"
"28","660:13:10","Chanakya","Chanakya — चाणक्य Official | Episode 39 - Part -1 | Directed & Acted by Dr. Chandraprakash Dwivedi","https://www.youtube.com/watch?v=WJnG3jCy1GQ","1537","https://www.youtube.com/playlist?list=PLY-qGtGftCjm1_tDxT2TsDAXXC2p-iutt","Chanakya_theofficial"
"28","660:38:47","Chanakya","Chanakya — चाणक्य Official | Episode 39 - Part -2 | Directed & Acted by Dr. Chandraprakash Dwivedi","https://www.youtube.com/watch?v=RgUgJ5GKL3I","1618","https://www.youtube.com/playlist?list=PLY-qGtGftCjm1_tDxT2TsDAXXC2p-iutt","Chanakya_theofficial"
"28","661:05:45","Swabhimaan","Swabhimaan — Swabhimaan | Episode 636 | Rohit Roy, Ashutosh Rana, Manoj Bajpayee | Classic Indian TV Serial","https://www.youtube.com/watch?v=4SdRaz4zXAQ","1123","https://www.youtube.com/playlist?list=PLZeNWB9l7494","Classic Indian TV Serials"
"28","661:24:28","Shri Krishna","Shri Krishna — Sri Krishna EP 176 - महाभारत का युद्ध | HQ WIDE SCREEN | English Subtitles","https://www.youtube.com/watch?v=n_8qPISS-nQ","2778","https://www.youtube.com/playlist?list=PLFPJRCFRDARR9IkjkVi6O9ue5DjKiKtkI","Tilak"
"28","662:10:46","Dekh Bhai Dekh","Dekh Bhai Dekh — Dekh Bhai Dekh episode 44 part 1","https://www.youtube.com/watch?v=UrY135V0zsc","481","https://www.youtube.com/playlist?list=UUYdB1nhxEAtjp-TLnv5utzg","LBEstudio"
"28","662:18:47","Dekh Bhai Dekh","Dekh Bhai Dekh — Dekh Bhai Dekh episode 44 part 2","https://www.youtube.com/watch?v=Yg4EGeRxtNE","481","https://www.youtube.com/playlist?list=UUYdB1nhxEAtjp-TLnv5utzg","LBEstudio"
"28","662:26:48","Dekh Bhai Dekh","Dekh Bhai Dekh — Dekh Bhai Dekh episode 44 part 3","https://www.youtube.com/watch?v=9nnONzvtdYc","481","https://www.youtube.com/playlist?list=UUYdB1nhxEAtjp-TLnv5utzg","LBEstudio"
"28","662:34:49","Dekh Bhai Dekh","Dekh Bhai Dekh — Dekh Bhai Dekh episode 44 part 4","https://www.youtube.com/watch?v=_6SIBoR1z8M","373","https://www.youtube.com/playlist?list=UUYdB1nhxEAtjp-TLnv5utzg","LBEstudio"
"28","662:41:02","Dekh Bhai Dekh","Dekh Bhai Dekh — Dekh Bhai Dekh episode 44 part 5","https://www.youtube.com/watch?v=Kv0zPLgs0go","495","https://www.youtube.com/playlist?list=UUYdB1nhxEAtjp-TLnv5utzg","LBEstudio"
"28","662:49:17","Swabhimaan","Swabhimaan — Swabhimaan | Episode 637 | Rohit Roy, Ashutosh Rana, Manoj Bajpayee | Classic Indian TV Serial","https://www.youtube.com/watch?v=afnsNmlLbPc","1179","https://www.youtube.com/playlist?list=PLZeNWB9l7494","Classic Indian TV Serials"
"28","663:08:56","Vintage ads","Vintage ads — 1986: ECE Bulbs & Tubes","https://www.youtube.com/watch?v=7xvfwfUo8iA","65","https://www.youtube.com/playlist?list=PLycor1XF7S9HVMnWxndl27HgZJM5S8wRT","Guruprasad Gp"
"28","663:10:01","Swabhimaan","Swabhimaan — Swabhimaan | Episode 638 | Rohit Roy, Ashutosh Rana, Manoj Bajpayee | Classic Indian TV Serial","https://www.youtube.com/watch?v=_FTPS9bZjbw","1179","https://www.youtube.com/playlist?list=PLZeNWB9l7494","Classic Indian TV Serials"
"28","663:29:40","Hum Log","Hum Log — Hum Log | Episode 48 | India's First Hindi TV Serial | Ashok Kumar, Seema Bhargava, Vinod & Jayshri","https://www.youtube.com/watch?v=ztx7T-SdNt8","1401","https://www.youtube.com/playlist?list=PLaNSOkABhCUE","Goldmines Movies"
"28","663:53:01","Swabhimaan","Swabhimaan — Swabhimaan | Episode 639 | Rohit Roy, Ashutosh Rana, Manoj Bajpayee | Classic Indian TV Serial","https://www.youtube.com/watch?v=wYkWV6qf5Eo","1257","https://www.youtube.com/playlist?list=PLZeNWB9l7494","Classic Indian TV Serials"
"28","664:13:58","Bharat Ek Khoj","Bharat Ek Khoj — Bharat Ek Khoj | Episode-44 | Indigo Revolt","https://www.youtube.com/watch?v=Pmj4vK6PABY","3496","https://www.youtube.com/playlist?list=PLqtVCj5iilH4w0Y8KBB4fqBu25T0sGhXG","Prasar Bharati Archives"
"28","665:12:14","Swabhimaan","Swabhimaan — Swabhimaan | Episode 640 | Rohit Roy, Ashutosh Rana, Manoj Bajpayee | Classic Indian TV Serial","https://www.youtube.com/watch?v=pb3035xoFwA","1132","https://www.youtube.com/playlist?list=PLZeNWB9l7494","Classic Indian TV Serials"
"28","665:31:06","Shri Krishna","Shri Krishna — Sri Krishna EP 177 - महाभारत का युद्ध | आचार्य द्रोण ने ली अंतिम युद्ध की प्रतिज्ञा | HQ WIDE SCREEN","https://www.youtube.com/watch?v=PveUBZW_hg4","2844","https://www.youtube.com/playlist?list=PLFPJRCFRDARR9IkjkVi6O9ue5DjKiKtkI","Tilak"
"28","666:18:30","Chandrakanta","Chandrakanta — Chandrakanta 1994 Episode 105LONE WARRIOR","https://www.youtube.com/watch?v=v8aMAXg3_EI","1148","https://www.youtube.com/playlist?list=PLKfQh0u-9j2YaM54LNfASdQYllxsoU05a","lone warrior"
"28","666:37:38","Swabhimaan","Swabhimaan — Swabhimaan | Episode 641 | Rohit Roy, Ashutosh Rana, Manoj Bajpayee | Classic Indian TV Serial","https://www.youtube.com/watch?v=eG0WCPxePvU","1202","https://www.youtube.com/playlist?list=PLZeNWB9l7494","Classic Indian TV Serials"
"28","666:57:40","Swabhimaan","Swabhimaan — Swabhimaan | Episode 642 | Rohit Roy, Ashutosh Rana, Manoj Bajpayee | Classic Indian TV Serial","https://www.youtube.com/watch?v=hRW-H177R4s","1185","https://www.youtube.com/playlist?list=PLZeNWB9l7494","Classic Indian TV Serials"
"28","667:17:25","Alif Laila","Alif Laila — देखिये कैसे फसा गुफरान डाकू अपनी ही चाल में Episode 83 | Alif Laila | Sagar Pictures","https://www.youtube.com/watch?v=QwLoRMUall4","1234","https://www.youtube.com/playlist?list=PLqmdsOwstpJfOtjWGMFTGMruqQV7C5XoL","Sagar Pictures"
"28","667:37:59","Swabhimaan","Swabhimaan — Swabhimaan | Episode 643 | Rohit Roy, Ashutosh Rana, Manoj Bajpayee | Classic Indian TV Serial","https://www.youtube.com/watch?v=cAfQh79ftzo","1136","https://www.youtube.com/playlist?list=PLZeNWB9l7494","Classic Indian TV Serials"
"28","667:56:55","Vintage ads","Vintage ads — 1990: Graviera Suitings - Salman Khan","https://www.youtube.com/watch?v=DRvglI0RH2o","62","https://www.youtube.com/playlist?list=PLycor1XF7S9HVMnWxndl27HgZJM5S8wRT","Guruprasad Gp"
"28","667:57:57","Swabhimaan","Swabhimaan — Swabhimaan | Episode 644 | Rohit Roy, Ashutosh Rana, Manoj Bajpayee | Classic Indian TV Serial","https://www.youtube.com/watch?v=rVz_YJ5WU74","1200","https://www.youtube.com/playlist?list=PLZeNWB9l7494","Classic Indian TV Serials"
"28","668:17:57","Shri Krishna","Shri Krishna — Sri Krishna EP 178 - महाभारत का युद्ध | HQ WIDE SCREEN | English Subtitles","https://www.youtube.com/watch?v=7ULJSc9Wy50","2650","https://www.youtube.com/playlist?list=PLFPJRCFRDARR9IkjkVi6O9ue5DjKiKtkI","Tilak"
"28","669:02:07","Flop Show","Flop Show — Jaspal Bhatti's Flop Show | Telephone Department | Ep #09","https://www.youtube.com/watch?v=epJvt_yz3-U","1342","https://www.youtube.com/playlist?list=PLUiMfS6qzIMyisp9Ks0FxE9Ba4EpLQm0Z","Doordarshan National"
"28","669:24:29","Udaan","Udaan — Udaan DD national old TV serial episode 24 doordarshan उड़ान दूरदर्शन डीडी नेशनल सीरियल","https://www.youtube.com/watch?v=d-Umbxtw_Cw","1719","https://www.youtube.com/playlist?list=PLFSBneXK-Uv8l6Fs99d5HyhaMlW8q8tWk","Doordarshan Serial"
"28","669:53:08","Swabhimaan","Swabhimaan — Swabhimaan | Episode 645 | Rohit Roy, Ashutosh Rana, Manoj Bajpayee | Classic Indian TV Serial","https://www.youtube.com/watch?v=loS0hOp7of4","1177","https://www.youtube.com/playlist?list=PLZeNWB9l7494","Classic Indian TV Serials"
"28","670:12:45","Tehkikaat","Tehkikaat — Tehkikaat तहकीकात | Jealousi Turns Blood - Crime Serial | Ranjeet, Saurabh Shukla, Vijay A. | EP 39","https://www.youtube.com/watch?v=vsH_JYsyVtE","1295","https://www.youtube.com/playlist?list=PLImQCagB5etA0FMEJ7yrWIUBCzxgOBikn","Raj Rishi Serials"
"28","670:34:20","Swabhimaan","Swabhimaan — Swabhimaan | Episode 646 | Rohit Roy, Ashutosh Rana, Manoj Bajpayee | Classic Indian TV Serial","https://www.youtube.com/watch?v=WCZ1WC14alY","1227","https://www.youtube.com/playlist?list=PLZeNWB9l7494","Classic Indian TV Serials"
"28","670:54:47","Chandrakanta","Chandrakanta — Chandrakanta 1994 Episode 106LONE WARRIOR","https://www.youtube.com/watch?v=KDN-bR5pYNE","1148","https://www.youtube.com/playlist?list=PLKfQh0u-9j2YaM54LNfASdQYllxsoU05a","lone warrior"
"28","671:13:55","Swabhimaan","Swabhimaan — Swabhimaan | Episode 647 | Rohit Roy, Ashutosh Rana, Manoj Bajpayee | Classic Indian TV Serial","https://www.youtube.com/watch?v=8upH16sTIw8","1077","https://www.youtube.com/playlist?list=PLZeNWB9l7494","Classic Indian TV Serials"
"28","671:31:52","Surabhi","Surabhi — Surabhi | सुरभि  : Ep - 49","https://www.youtube.com/watch?v=KqmJW-4C-ho","1459","https://www.youtube.com/playlist?list=PLUiMfS6qzIMzE8lgWFaQ3qvVFCCONXALQ","Doordarshan National"
"28","671:56:11","Shri Krishna","Shri Krishna — Sri Krishna EP 179 - आचार्य द्रोण का वध | HQ WIDE SCREEN | English Subtitles","https://www.youtube.com/watch?v=O0DvTN55G9Y","2765","https://www.youtube.com/playlist?list=PLFPJRCFRDARR9IkjkVi6O9ue5DjKiKtkI","Tilak"
"29","672:42:16","Swabhimaan","Swabhimaan — Swabhimaan | Episode 648 | Rohit Roy, Ashutosh Rana, Manoj Bajpayee | Classic Indian TV Serial","https://www.youtube.com/watch?v=lMtLZrL0a34","1164","https://www.youtube.com/playlist?list=PLZeNWB9l7494","Classic Indian TV Serials"
"29","673:01:40","Vikram Aur Betaal","Vikram Aur Betaal — रामानंद सागर कृत विक्रम और बेताल भाग 22 - चार राजकुमार और एक राजकुमारी की प्रेम कथा","https://www.youtube.com/watch?v=98cgcHvgBfk","1382","https://www.youtube.com/playlist?list=PL-eaGjSO6F70C3-LkA3kEqAIHkdDLhI6Q","Tilak Kathayein"
"29","673:24:42","The Sword of Tipu Sultan","The Sword of Tipu Sultan — Tipu Sultan | Full Episode 44 | Sanjay Khan, Dipika Chikhlia, Swapnil Joshi | Dangal TV Gathaa","https://www.youtube.com/watch?v=KXkeEAKcrWg","2432","https://www.youtube.com/playlist?list=PLL8R100698ndzARBsLB6Z8jYs_52cDJJ7","Dangal TV Replay"
"29","674:05:14","Swabhimaan","Swabhimaan — Swabhimaan | Episode 649 | Rohit Roy, Ashutosh Rana, Manoj Bajpayee | Classic Indian TV Serial","https://www.youtube.com/watch?v=d-WtiTne8KY","1196","https://www.youtube.com/playlist?list=PLZeNWB9l7494","Classic Indian TV Serials"
"29","674:25:10","Vintage ads","Vintage ads — 1990: Helmet Safety Campaign in India - Coconut & Hammer","https://www.youtube.com/watch?v=eSA6JKpT1bQ","39","https://www.youtube.com/playlist?list=PLycor1XF7S9HVMnWxndl27HgZJM5S8wRT","Guruprasad Gp"
"29","674:25:49","Swabhimaan","Swabhimaan — Swabhimaan | Episode 650 | Rohit Roy, Ashutosh Rana, Manoj Bajpayee | Classic Indian TV Serial","https://www.youtube.com/watch?v=JDcsR8Xxzzo","1171","https://www.youtube.com/playlist?list=PLZeNWB9l7494","Classic Indian TV Serials"
"29","674:45:20","The Great Maratha","The Great Maratha — The Great Maratha | Full Episode 41 | Irrfan Khan, Pankaj Dheer | Dangal TV Gathaa","https://www.youtube.com/watch?v=NlB6zhwR9dE","2699","https://www.youtube.com/playlist?list=PLL8R100698nc9lYCs25j4FrcGDyqdtq_B","Dangal TV Replay"
"29","675:30:19","Swabhimaan","Swabhimaan — Swabhimaan | Episode 651 | Rohit Roy, Ashutosh Rana, Manoj Bajpayee | Classic Indian TV Serial","https://www.youtube.com/watch?v=q6sZN_cvLgU","1271","https://www.youtube.com/playlist?list=PLZeNWB9l7494","Classic Indian TV Serials"
"29","675:51:30","Shri Krishna","Shri Krishna — Sri Krishna EP 180 - महाभारत का युद्ध | HQ WIDE SCREEN | English Subtitles","https://www.youtube.com/watch?v=0qpaKb_bgIE","2758","https://www.youtube.com/playlist?list=PLFPJRCFRDARR9IkjkVi6O9ue5DjKiKtkI","Tilak"
"29","676:37:28","Alif Laila","Alif Laila — जब गुफरान डाकू उर्फ नोमान दरवेश का असली चेहरा सबके सामने आया Episode 84 | Alif Laila |Sagar Pictures","https://www.youtube.com/watch?v=Obruw0a-maw","1276","https://www.youtube.com/playlist?list=PLqmdsOwstpJfOtjWGMFTGMruqQV7C5XoL","Sagar Pictures"
"29","676:58:44","Swabhimaan","Swabhimaan — Swabhimaan | Episode 653 | Rohit Roy, Ashutosh Rana, Manoj Bajpayee | Classic Indian TV Serial","https://www.youtube.com/watch?v=g92SZv5bJiI","1250","https://www.youtube.com/playlist?list=PLZeNWB9l7494","Classic Indian TV Serials"
"29","677:19:34","Chandrakanta","Chandrakanta — Chandrakanta 1994 Episode 107 LONE WARRIOR","https://www.youtube.com/watch?v=vevLRPAaIJk","1148","https://www.youtube.com/playlist?list=PLKfQh0u-9j2YaM54LNfASdQYllxsoU05a","lone warrior"
"29","677:38:42","Vintage ads","Vintage ads — 1995: Archies Cards","https://www.youtube.com/watch?v=YcVGJyEoRjQ","21","https://www.youtube.com/playlist?list=PLycor1XF7S9HVMnWxndl27HgZJM5S8wRT","Guruprasad Gp"
"29","677:39:03","Hum Log","Hum Log — Hum Log | Episode 49 | India's First Hindi TV Serial | Ashok Kumar, Seema Bhargava, Vinod & Jayshri","https://www.youtube.com/watch?v=1ygZdPTNa2Y","1415","https://www.youtube.com/playlist?list=PLaNSOkABhCUE","Goldmines Movies"
"29","678:02:38","Swabhimaan","Swabhimaan — Swabhimaan | Episode 654 | Rohit Roy, Ashutosh Rana, Manoj Bajpayee | Classic Indian TV Serial","https://www.youtube.com/watch?v=jmKMgZtmrAM","1187","https://www.youtube.com/playlist?list=PLZeNWB9l7494","Classic Indian TV Serials"
"29","678:22:25","Chanakya","Chanakya — चाणक्य Official | Episode 40 - Part -1 | Directed & Acted by Dr. Chandraprakash Dwivedi","https://www.youtube.com/watch?v=UNNCsXMP2Ls","1560","https://www.youtube.com/playlist?list=PLY-qGtGftCjm1_tDxT2TsDAXXC2p-iutt","Chanakya_theofficial"
"29","678:48:25","Chanakya","Chanakya — चाणक्य Official | Episode 40 - Part -2 | Directed & Acted by Dr. Chandraprakash Dwivedi","https://www.youtube.com/watch?v=-FbWH2piaNw","1671","https://www.youtube.com/playlist?list=PLY-qGtGftCjm1_tDxT2TsDAXXC2p-iutt","Chanakya_theofficial"
"29","679:16:16","Swabhimaan","Swabhimaan — Swabhimaan | Episode 655 | Rohit Roy, Ashutosh Rana, Manoj Bajpayee | Classic Indian TV Serial","https://www.youtube.com/watch?v=n2-DHWwtIJM","1241","https://www.youtube.com/playlist?list=PLZeNWB9l7494","Classic Indian TV Serials"
"29","679:36:57","Shri Krishna","Shri Krishna — Sri Krishna EP 181 - महाभारत का युद्ध | HQ WIDE SCREEN | English Subtitles","https://www.youtube.com/watch?v=qShOVxgktB8","2717","https://www.youtube.com/playlist?list=PLFPJRCFRDARR9IkjkVi6O9ue5DjKiKtkI","Tilak"
"29","680:22:14","Vintage ads","Vintage ads — 1991: Telco - A Movement - Tata Motors","https://www.youtube.com/watch?v=6uwXn0a1gBc","41","https://www.youtube.com/playlist?list=PLycor1XF7S9HVMnWxndl27HgZJM5S8wRT","Guruprasad Gp"
"29","680:22:55","Swabhimaan","Swabhimaan — Swabhimaan | Episode 656 | Rohit Roy, Ashutosh Rana, Manoj Bajpayee | Classic Indian TV Serial","https://www.youtube.com/watch?v=_hOSMCO4Uw8","1317","https://www.youtube.com/playlist?list=PLZeNWB9l7494","Classic Indian TV Serials"
"29","680:44:52","Nukkad","Nukkad — Nukkad TV Serial   Episode 20   Nukkad needs a Positive Change   TV Show","https://www.youtube.com/watch?v=EObU3GkXD2o","1436","https://www.youtube.com/playlist?list=PLDXzvDkBVqqSGYLZPlZQfl_Vn-JmuiTDN","movie clips"
"29","681:08:48","Swabhimaan","Swabhimaan — Swabhimaan | Episode 657 | Rohit Roy, Ashutosh Rana, Manoj Bajpayee | Classic Indian TV Serial","https://www.youtube.com/watch?v=PN6ycXi6FMc","1250","https://www.youtube.com/playlist?list=PLZeNWB9l7494","Classic Indian TV Serials"
"29","681:29:38","Bharat Ek Khoj","Bharat Ek Khoj — Bharat Ek Khoj | Episode-45 | Mahatma Phule","https://www.youtube.com/watch?v=tAWOpkC3nhs","3170","https://www.youtube.com/playlist?list=PLqtVCj5iilH4w0Y8KBB4fqBu25T0sGhXG","Prasar Bharati Archives"
"29","682:22:28","Swabhimaan","Swabhimaan — Swabhimaan Episode 658 | Classic Indian TV Serial | Rohit Roy, Ashutosh Rana, Manoj Bajpayee","https://www.youtube.com/watch?v=UvCj9Kt3imE","1263","https://www.youtube.com/playlist?list=PLZeNWB9l7494","Classic Indian TV Serials"
"29","682:43:31","Byomkesh Bakshi","Byomkesh Bakshi — Byomkesh Bakshi: Ep#27 - Paheli Gatha","https://www.youtube.com/watch?v=26-s7bB8BUo","2366","https://www.youtube.com/playlist?list=PLUiMfS6qzIMxiHu2N2Px1ISp5vxCm3PMo","Doordarshan National"
"29","683:22:57","Swabhimaan","Swabhimaan — Swabhimaan Episode 659 | Classic Indian TV Serial | Rohit Roy, Ashutosh Rana, Manoj Bajpayee","https://www.youtube.com/watch?v=_7KGVGi9wcM","1254","https://www.youtube.com/playlist?list=PLZeNWB9l7494","Classic Indian TV Serials"
"29","683:43:51","Shri Krishna","Shri Krishna — Sri Krishna EP 182 - महाभारत का युद्ध | HQ WIDE SCREEN | English Subtitles","https://www.youtube.com/watch?v=zsKR0XxMRuI","2822","https://www.youtube.com/playlist?list=PLFPJRCFRDARR9IkjkVi6O9ue5DjKiKtkI","Tilak"
"29","684:30:53","Vintage ads","Vintage ads — 1995: T-Series Washing Powder","https://www.youtube.com/watch?v=td9NEVRbSfo","30","https://www.youtube.com/playlist?list=PLycor1XF7S9HVMnWxndl27HgZJM5S8wRT","Guruprasad Gp"
"29","684:31:23","Chandrakanta","Chandrakanta — Chandrakanta 1994 Episode 108 LONE WARRIOR","https://www.youtube.com/watch?v=3v8OkXD2Zv8","1148","https://www.youtube.com/playlist?list=PLKfQh0u-9j2YaM54LNfASdQYllxsoU05a","lone warrior"
"29","684:50:31","Swabhimaan","Swabhimaan — Swabhimaan Episode 660 | Classic Indian TV Serial | Rohit Roy, Ashutosh Rana, Manoj Bajpayee","https://www.youtube.com/watch?v=JQtQ3aD2v8w","1198","https://www.youtube.com/playlist?list=PLZeNWB9l7494","Classic Indian TV Serials"
"29","685:10:29","Alif Laila","Alif Laila — सिंदबाद ने गुफरान डाकू से बादशाह, मलिका व शहजादे को कैसे बचाया Episode 85|Alif Laila|Sagar Pictures","https://www.youtube.com/watch?v=TmU4eM9_WrE","1212","https://www.youtube.com/playlist?list=PLqmdsOwstpJfOtjWGMFTGMruqQV7C5XoL","Sagar Pictures"
"29","685:30:41","Swabhimaan","Swabhimaan — Swabhimaan Episode 661 | Classic Indian TV Serial | Rohit Roy, Ashutosh Rana, Manoj Bajpayee","https://www.youtube.com/watch?v=2bDMKYUacxo","1239","https://www.youtube.com/playlist?list=PLZeNWB9l7494","Classic Indian TV Serials"
"29","685:51:20","Surabhi","Surabhi — Surabhi | सुरभि  : Ep - 50","https://www.youtube.com/watch?v=kBt1cgzujho","1451","https://www.youtube.com/playlist?list=PLUiMfS6qzIMzE8lgWFaQ3qvVFCCONXALQ","Doordarshan National"
"29","686:15:31","Vintage ads","Vintage ads — 1992: Lifebuoy Soap","https://www.youtube.com/watch?v=upNyvoJozxs","41","https://www.youtube.com/playlist?list=PLycor1XF7S9HVMnWxndl27HgZJM5S8wRT","Guruprasad Gp"
"29","686:16:12","Swabhimaan","Swabhimaan — Swabhimaan Episode 662 | Classic Indian TV Serial | Rohit Roy, Ashutosh Rana, Manoj Bajpayee","https://www.youtube.com/watch?v=-HJQXhOp5Ag","1276","https://www.youtube.com/playlist?list=PLZeNWB9l7494","Classic Indian TV Serials"
"29","686:37:28","Dekh Bhai Dekh","Dekh Bhai Dekh — dekh bhai dekh episode 45 part 1","https://www.youtube.com/watch?v=ADVzyUorENQ","467","https://www.youtube.com/playlist?list=UUYdB1nhxEAtjp-TLnv5utzg","LBEstudio"
"29","686:45:15","Dekh Bhai Dekh","Dekh Bhai Dekh — dekh bhai dekh episode 45 part 2","https://www.youtube.com/watch?v=3p42nIa7v9s","458","https://www.youtube.com/playlist?list=UUYdB1nhxEAtjp-TLnv5utzg","LBEstudio"
"29","686:52:53","Tehkikaat","Tehkikaat — Tehkikaat तहकीकात | Jealousi Turns Blood - Crime Serial | Ranjeet, Saurabh Shukla, Vijay A. | EP 40","https://www.youtube.com/watch?v=Xv0aR1gIB58","1334","https://www.youtube.com/playlist?list=PLImQCagB5etA0FMEJ7yrWIUBCzxgOBikn","Raj Rishi Serials"
"29","687:15:07","Shri Krishna","Shri Krishna — Sri Krishna EP 183 - महाभारत का युद्ध | HQ WIDE SCREEN | English Subtitles","https://www.youtube.com/watch?v=Vqms-8_abdw","2820","https://www.youtube.com/playlist?list=PLFPJRCFRDARR9IkjkVi6O9ue5DjKiKtkI","Tilak"
"29","688:02:07","Swabhimaan","Swabhimaan — Swabhimaan Episode 663 | Classic Indian TV Serial | Rohit Roy, Ashutosh Rana, Manoj Bajpayee","https://www.youtube.com/watch?v=cfxqVyr5N_I","1170","https://www.youtube.com/playlist?list=PLZeNWB9l7494","Classic Indian TV Serials"
"29","688:21:37","The Sword of Tipu Sultan","The Sword of Tipu Sultan — Tipu Sultan | Full Episode 45 | Sanjay Khan, Dipika Chikhlia, Swapnil Joshi | Dangal TV Gathaa","https://www.youtube.com/watch?v=T9XYZcbEEXs","2334","https://www.youtube.com/playlist?list=PLL8R100698ndzARBsLB6Z8jYs_52cDJJ7","Dangal TV Replay"
"29","689:00:31","Wagle Ki Duniya","Wagle Ki Duniya — Wagle Ki Duniya  - Episode 12 - Badminton | DD EXCLUSIVE","https://www.youtube.com/watch?v=K6Jw37lCIQU","1427","https://www.youtube.com/playlist?list=PL5TZ-0sMyEgVQcbG4E10bBeGcQEQ3WR-S","90's Ki Yaadein"
"29","689:24:18","Swabhimaan","Swabhimaan — Swabhimaan Episode 664 | Classic Indian TV Serial | Rohit Roy, Ashutosh Rana, Manoj Bajpayee","https://www.youtube.com/watch?v=-LIUcP9obE0","1174","https://www.youtube.com/playlist?list=PLZeNWB9l7494","Classic Indian TV Serials"
"29","689:43:52","Swabhimaan","Swabhimaan — Swabhimaan Episode 665 | Classic Indian TV Serial | Rohit Roy, Ashutosh Rana, Manoj Bajpayee","https://www.youtube.com/watch?v=lkhyyi5stFg","1223","https://www.youtube.com/playlist?list=PLZeNWB9l7494","Classic Indian TV Serials"
"29","690:04:15","Chandrakanta","Chandrakanta — Chandrakanta 1994 Episode 109LONE WARRIOR","https://www.youtube.com/watch?v=cxu9FXOZgOk","1148","https://www.youtube.com/playlist?list=PLKfQh0u-9j2YaM54LNfASdQYllxsoU05a","lone warrior"
"29","690:23:23","Vintage ads","Vintage ads — 1992: Jai Mata - Figured Glass","https://www.youtube.com/watch?v=H_v7sQCvgBQ","32","https://www.youtube.com/playlist?list=PLycor1XF7S9HVMnWxndl27HgZJM5S8wRT","Guruprasad Gp"
"29","690:23:55","Swabhimaan","Swabhimaan — Swabhimaan Episode 666 | Classic Indian TV Serial | Rohit Roy, Ashutosh Rana, Manoj Bajpayee","https://www.youtube.com/watch?v=70Uct3vx_jU","1255","https://www.youtube.com/playlist?list=PLZeNWB9l7494","Classic Indian TV Serials"
"29","690:44:50","Shri Krishna","Shri Krishna — Sri Krishna EP 184 - महाभारत का युद्ध | HQ WIDE SCREEN | English Subtitles","https://www.youtube.com/watch?v=hdUcVCkp8H0","2910","https://www.youtube.com/playlist?list=PLFPJRCFRDARR9IkjkVi6O9ue5DjKiKtkI","Tilak"
"29","691:33:20","Swabhimaan","Swabhimaan — Swabhimaan Episode 667 | Classic Indian TV Serial | Rohit Roy, Ashutosh Rana, Manoj Bajpayee","https://www.youtube.com/watch?v=B54uEdkGyOc","1232","https://www.youtube.com/playlist?list=PLZeNWB9l7494","Classic Indian TV Serials"
"29","691:53:52","Om Namah Shivay","Om Namah Shivay — भगवान शिव द्वारा फेंकी गई राख से बासमा | Om Namah Shivay TV Serial | Episode 219","https://www.youtube.com/watch?v=ukOPLRuQwd8","1522","https://www.youtube.com/playlist?list=PL5A5QJkW7MkuEgaSMSlkmc51V_jBHv6fO","Saregama Bhakti"
"29","692:19:14","Hum Log","Hum Log — Hum Log | Episode 50 | India's First Hindi TV Serial | Ashok Kumar, Seema Bhargava, Vinod & Jayshri","https://www.youtube.com/watch?v=kArvLpQByjU","1409","https://www.youtube.com/playlist?list=PLaNSOkABhCUE","Goldmines Movies"
"29","692:42:43","Swabhimaan","Swabhimaan — Swabhimaan Episode 668 | Classic Indian TV Serial | Rohit Roy, Ashutosh Rana, Manoj Bajpayee","https://www.youtube.com/watch?v=zqGOwWONlXA","1219","https://www.youtube.com/playlist?list=PLZeNWB9l7494","Classic Indian TV Serials"
"29","693:03:02","Vintage ads","Vintage ads — 1991: Citra - Super Cooler","https://www.youtube.com/watch?v=RagAHq8EXXk","31","https://www.youtube.com/playlist?list=PLycor1XF7S9HVMnWxndl27HgZJM5S8wRT","Guruprasad Gp"
"29","693:03:33","Swabhimaan","Swabhimaan — Swabhimaan Episode 669 | Classic Indian TV Serial | Rohit Roy, Ashutosh Rana, Manoj Bajpayee","https://www.youtube.com/watch?v=8zNzMyoyWjE","1260","https://www.youtube.com/playlist?list=PLZeNWB9l7494","Classic Indian TV Serials"
"29","693:24:33","Alif Laila","Alif Laila — निगारिस्तान के सफर में सिंदबाद को क्या नयी मुसीबतें मिली देखिये|Alif Laila Episode 86|Sagar Pictures","https://www.youtube.com/watch?v=VgBX68GOP7k","1298","https://www.youtube.com/playlist?list=PLqmdsOwstpJfOtjWGMFTGMruqQV7C5XoL","Sagar Pictures"
"29","693:46:11","Shri Krishna","Shri Krishna — Sri Krishna EP 185 - महाभारत का युद्ध  | HQ WIDE SCREEN | English Subtitles","https://www.youtube.com/watch?v=E5SJw5kxuaA","2767","https://www.youtube.com/playlist?list=PLFPJRCFRDARR9IkjkVi6O9ue5DjKiKtkI","Tilak"
"29","694:32:18","Swabhimaan","Swabhimaan — Swabhimaan Episode 670 | Classic Indian TV Serial | Rohit Roy, Ashutosh Rana, Manoj Bajpayee","https://www.youtube.com/watch?v=KPoY27-H4AI","1255","https://www.youtube.com/playlist?list=PLZeNWB9l7494","Classic Indian TV Serials"
"29","694:53:13","The Great Maratha","The Great Maratha — The Great Maratha | Full Episode 44 | Irrfan Khan, Pankaj Dheer | Dangal TV Gathaa","https://www.youtube.com/watch?v=wi5lDdZ8WYE","2447","https://www.youtube.com/playlist?list=PLL8R100698nc9lYCs25j4FrcGDyqdtq_B","Dangal TV Replay"
"29","695:34:00","Swabhimaan","Swabhimaan — Swabhimaan Episode 671 | Classic Indian TV Serial | Rohit Roy, Ashutosh Rana, Manoj Bajpayee","https://www.youtube.com/watch?v=QVY70dCMBns","1263","https://www.youtube.com/playlist?list=PLZeNWB9l7494","Classic Indian TV Serials"
"29","695:55:03","Chandrakanta","Chandrakanta — Chandrakanta 1994 Episode 110LONE WARRIOR","https://www.youtube.com/watch?v=zl_tpuuOfCY","1099","https://www.youtube.com/playlist?list=PLKfQh0u-9j2YaM54LNfASdQYllxsoU05a","lone warrior"
"30","696:13:22","Vintage ads","Vintage ads — Pan Pasand Shaadi aur tumse Old Indian Doordarshan Ad","https://www.youtube.com/watch?v=nCQlbU7Qqz8","11","https://www.youtube.com/playlist?list=PLhgnBue3FjS1UaszaMj5FPFLsG7rvL0Bn","All About 90's Life"
"30","696:13:33","Dekh Bhai Dekh","Dekh Bhai Dekh — dekh bhai dekh episode 46 part 1","https://www.youtube.com/watch?v=XpVx4xa7q-4","376","https://www.youtube.com/playlist?list=UUYdB1nhxEAtjp-TLnv5utzg","LBEstudio"
"30","696:19:49","Dekh Bhai Dekh","Dekh Bhai Dekh — dekh bhai dekh episode 46 part 2","https://www.youtube.com/watch?v=DHZnLPtdPgw","376","https://www.youtube.com/playlist?list=UUYdB1nhxEAtjp-TLnv5utzg","LBEstudio"
"30","696:26:05","Dekh Bhai Dekh","Dekh Bhai Dekh — dekh bhai dekh episode 46 part 3","https://www.youtube.com/watch?v=_yKfMUC2LMg","396","https://www.youtube.com/playlist?list=UUYdB1nhxEAtjp-TLnv5utzg","LBEstudio"
"30","696:32:41","Vintage ads","Vintage ads — Ronit Roy in Old Vadilal Ad - Old Indian Doordarshan Ad","https://www.youtube.com/watch?v=kQUE4LIpbpo","37","https://www.youtube.com/playlist?list=PLhgnBue3FjS1UaszaMj5FPFLsG7rvL0Bn","All About 90's Life"
"30","696:33:18","Swabhimaan","Swabhimaan — Swabhimaan Episode 672 | Classic Indian TV Serial | Rohit Roy, Ashutosh Rana, Manoj Bajpayee","https://www.youtube.com/watch?v=BTwil75SmlE","1167","https://www.youtube.com/playlist?list=PLZeNWB9l7494","Classic Indian TV Serials"
"30","696:52:45","Circus","Circus — Shahrukh Khan starrer Circus - Ep #17","https://www.youtube.com/watch?v=Z9TIQgAKEak","1504","https://www.youtube.com/playlist?list=PLUiMfS6qzIMzAqteEcp055VDYpgZDbeyT","Doordarshan National"
"30","697:17:49","Bharat Ek Khoj","Bharat Ek Khoj — Bharat Ek Khoj | Episode-46 | Sir Syed Ahmed Khan","https://www.youtube.com/watch?v=x5M_k53rA7A","2828","https://www.youtube.com/playlist?list=PLqtVCj5iilH4w0Y8KBB4fqBu25T0sGhXG","Prasar Bharati Archives"
"30","698:04:57","Junoon","Junoon — शेरू ने अमर की बेटी को छेड़ा, सौदागर सिंह ने दी आखिरी चेतावनी | Junoon Ep # 257","https://www.youtube.com/watch?v=GpAs9SG3Yt4","1340","https://www.youtube.com/playlist?list=PLrkDcuaB2OX_ZuAo48tg5pEa2BjdoM8Y2","Cinevista Entertainment"
"30","698:27:17","Chanakya","Chanakya — चाणक्य Official | Episode 41 - Part -1 | Directed & Acted by Dr. Chandraprakash Dwivedi","https://www.youtube.com/watch?v=fx5gmW7XMNw","1433","https://www.youtube.com/playlist?list=PLY-qGtGftCjm1_tDxT2TsDAXXC2p-iutt","Chanakya_theofficial"
"30","698:51:10","Chanakya","Chanakya — चाणक्य Official | Episode 41 - Part -2 | Directed & Acted by Dr. Chandraprakash Dwivedi","https://www.youtube.com/watch?v=D89Knyys7W4","1632","https://www.youtube.com/playlist?list=PLY-qGtGftCjm1_tDxT2TsDAXXC2p-iutt","Chanakya_theofficial"
"30","699:18:22","Swabhimaan","Swabhimaan — Swabhimaan Episode 673 | Classic Indian TV Serial | Rohit Roy, Ashutosh Rana, Manoj Bajpayee","https://www.youtube.com/watch?v=A-cbTbTvyg4","1190","https://www.youtube.com/playlist?list=PLZeNWB9l7494","Classic Indian TV Serials"
"30","699:38:12","Shri Krishna","Shri Krishna — Sri Krishna EP 186 - महाभारत का युद्ध | HQ WIDE SCREEN | English Subtitles","https://www.youtube.com/watch?v=nMIWhvXR0Mg","2702","https://www.youtube.com/playlist?list=PLFPJRCFRDARR9IkjkVi6O9ue5DjKiKtkI","Tilak"
"30","700:23:14","Swabhimaan","Swabhimaan — Swabhimaan Episode 674 | Classic Indian TV Serial | Rohit Roy, Ashutosh Rana, Manoj Bajpayee","https://www.youtube.com/watch?v=XbU2rQWONuQ","1184","https://www.youtube.com/playlist?list=PLZeNWB9l7494","Classic Indian TV Serials"
"30","700:42:58","Surabhi","Surabhi — Surabhi | सुरभि  : Ep - 51","https://www.youtube.com/watch?v=ZJeM52Qo8FY","1472","https://www.youtube.com/playlist?list=PLUiMfS6qzIMzE8lgWFaQ3qvVFCCONXALQ","Doordarshan National"
"30","701:07:30","Swabhimaan","Swabhimaan — Swabhimaan Episode 675 | Classic Indian TV Serial | Rohit Roy, Ashutosh Rana, Manoj Bajpayee","https://www.youtube.com/watch?v=25yqSeg9KHo","1295","https://www.youtube.com/playlist?list=PLZeNWB9l7494","Classic Indian TV Serials"
"30","701:29:05","Vintage ads","Vintage ads — Preity Zinta Cadburys Perk Old Indian Doordarshan Ad","https://www.youtube.com/watch?v=sLtlkFLoCDE","33","https://www.youtube.com/playlist?list=PLhgnBue3FjS1UaszaMj5FPFLsG7rvL0Bn","All About 90's Life"
"30","701:29:38","Swabhimaan","Swabhimaan — Swabhimaan Episode 676 | Classic Indian TV Serial | Rohit Roy, Ashutosh Rana, Manoj Bajpayee","https://www.youtube.com/watch?v=kmBuxhLMLbY","1209","https://www.youtube.com/playlist?list=PLZeNWB9l7494","Classic Indian TV Serials"
"30","701:49:47","Chandrakanta","Chandrakanta — Chandrakanta 1994 Episode 111LONE WARRIOR","https://www.youtube.com/watch?v=eTBSkqY5Glg","1159","https://www.youtube.com/playlist?list=PLKfQh0u-9j2YaM54LNfASdQYllxsoU05a","lone warrior"
"30","702:09:06","Shri Krishna","Shri Krishna — Sri Krishna EP 187 - राजा शैलय का सेंपती बनना | HQ WIDE SCREEN | English Subtitles","https://www.youtube.com/watch?v=2BaQcrcsMRQ","2947","https://www.youtube.com/playlist?list=PLFPJRCFRDARR9IkjkVi6O9ue5DjKiKtkI","Tilak"
"30","702:58:13","Swabhimaan","Swabhimaan — Swabhimaan Episode 677 | Classic Indian TV Serial | Rohit Roy, Ashutosh Rana, Manoj Bajpayee","https://www.youtube.com/watch?v=GsMAeeZgOQw","944","https://www.youtube.com/playlist?list=PLZeNWB9l7494","Classic Indian TV Serials"
"30","703:13:57","The Sword of Tipu Sultan","The Sword of Tipu Sultan — Tipu Sultan | Full Episode 46 | Sanjay Khan, Dipika Chikhlia, Swapnil Joshi | Dangal TV Gathaa","https://www.youtube.com/watch?v=ZHWoxi3YN_4","2429","https://www.youtube.com/playlist?list=PLL8R100698ndzARBsLB6Z8jYs_52cDJJ7","Dangal TV Replay"
"30","703:54:26","Alif Laila","Alif Laila — शारुस ने क्यों किया रुखसार को एक पत्थर में कैद | Alif Laila Episode 87 | Sagar Pictures","https://www.youtube.com/watch?v=upaApcWy4i8","1154","https://www.youtube.com/playlist?list=PLqmdsOwstpJfOtjWGMFTGMruqQV7C5XoL","Sagar Pictures"
"30","704:13:40","Swabhimaan","Swabhimaan — Swabhimaan Episode 678 | Classic Indian TV Serial | Rohit Roy, Ashutosh Rana, Manoj Bajpayee","https://www.youtube.com/watch?v=bp3o52PIP_Y","1096","https://www.youtube.com/playlist?list=PLZeNWB9l7494","Classic Indian TV Serials"
"30","704:31:56","Vintage ads","Vintage ads — Classic Toothbrush Old Indian Doordarshan Ad","https://www.youtube.com/watch?v=M3RIwBq7Bzk","20","https://www.youtube.com/playlist?list=PLhgnBue3FjS1UaszaMj5FPFLsG7rvL0Bn","All About 90's Life"
"30","704:32:16","Tehkikaat","Tehkikaat — Tehkikaat तहकीकात | Jealousi Turns Blood - Crime Serial | Ranjeet, Saurabh Shukla, Vijay A. | EP 41","https://www.youtube.com/watch?v=TxKKiDtXKPw","1268","https://www.youtube.com/playlist?list=PLImQCagB5etA0FMEJ7yrWIUBCzxgOBikn","Raj Rishi Serials"
"30","704:53:24","Vikram Aur Betaal","Vikram Aur Betaal — रामानंद सागर कृत विक्रम और बेताल भाग 23 - राजा सत्यदेव का न्याय","https://www.youtube.com/watch?v=JVdISXgiGXI","1362","https://www.youtube.com/playlist?list=PL-eaGjSO6F70C3-LkA3kEqAIHkdDLhI6Q","Tilak Kathayein"
"30","705:16:06","Swabhimaan","Swabhimaan — Swabhimaan Episode 679 | Classic Indian TV Serial | Rohit Roy, Ashutosh Rana, Manoj Bajpayee","https://www.youtube.com/watch?v=NtRHco6YB14","1288","https://www.youtube.com/playlist?list=PLZeNWB9l7494","Classic Indian TV Serials"
"30","705:37:34","Fauji","Fauji — Fauji Episode 12 | Shah Rukh Khan's Television Debut (1989) | SRK's First-Ever TV Serial Appearance","https://www.youtube.com/watch?v=L_WWTImOq74","1385","https://www.youtube.com/playlist?list=PLYqSow41YJ2I","Goldmines Bollywood"
"30","706:00:39","Swabhimaan","Swabhimaan — Swabhimaan Episode 680 | Classic Indian TV Serial | Rohit Roy, Ashutosh Rana, Manoj Bajpayee","https://www.youtube.com/watch?v=208aGfn_mDk","1250","https://www.youtube.com/playlist?list=PLZeNWB9l7494","Classic Indian TV Serials"
"30","706:21:29","Vintage ads","Vintage ads — Cadbury's dairy milk Cricket ad old doordarshan","https://www.youtube.com/watch?v=kKXR6ZZ1LU0","41","https://www.youtube.com/playlist?list=PLhgnBue3FjS1UaszaMj5FPFLsG7rvL0Bn","All About 90's Life"
"30","706:22:10","Shri Krishna","Shri Krishna — Sri Krishna EP 188 - महाभारत का युद्ध | HQ WIDE SCREEN | English Subtitles","https://www.youtube.com/watch?v=o2_KB3hZsow","2753","https://www.youtube.com/playlist?list=PLFPJRCFRDARR9IkjkVi6O9ue5DjKiKtkI","Tilak"
"30","707:08:03","Swabhimaan","Swabhimaan — Swabhimaan Episode 681 | Classic Indian TV Serial | Rohit Roy, Ashutosh Rana, Manoj Bajpayee","https://www.youtube.com/watch?v=sm7sa62vqcw","1207","https://www.youtube.com/playlist?list=PLZeNWB9l7494","Classic Indian TV Serials"
"30","707:28:10","Byomkesh Bakshi","Byomkesh Bakshi — Byomkesh Bakshi: Ep#28 - Kamra No.102","https://www.youtube.com/watch?v=NJGoMJxPNjI","2478","https://www.youtube.com/playlist?list=PLUiMfS6qzIMxiHu2N2Px1ISp5vxCm3PMo","Doordarshan National"
"30","708:09:28","Hum Log","Hum Log — Hum Log | Episode 51 | India's First Hindi TV Serial | Ashok Kumar, Seema Bhargava, Vinod & Jayshri","https://www.youtube.com/watch?v=jIr0QOWuKUY","1233","https://www.youtube.com/playlist?list=PLaNSOkABhCUE","Goldmines Movies"
"30","708:30:01","Swabhimaan","Swabhimaan — Swabhimaan Episode 682 | Classic Indian TV Serial | Rohit Roy, Ashutosh Rana, Manoj Bajpayee","https://www.youtube.com/watch?v=iGLSlrbUwHA","1197","https://www.youtube.com/playlist?list=PLZeNWB9l7494","Classic Indian TV Serials"
"30","708:49:58","Chandrakanta","Chandrakanta — Chandrakanta 1994 Episode 112 LONE WARRIOR","https://www.youtube.com/watch?v=lrD4LCXmF-k","1158","https://www.youtube.com/playlist?list=PLKfQh0u-9j2YaM54LNfASdQYllxsoU05a","lone warrior"
"30","709:09:16","Swabhimaan","Swabhimaan — Swabhimaan Episode 683 | Classic Indian TV Serial | Rohit Roy, Ashutosh Rana, Manoj Bajpayee","https://www.youtube.com/watch?v=8L1rv1utCi4","1116","https://www.youtube.com/playlist?list=PLZeNWB9l7494","Classic Indian TV Serials"
"30","709:27:52","Dekh Bhai Dekh","Dekh Bhai Dekh — Dekh Bhai Dekh episode 47 part 1","https://www.youtube.com/watch?v=_UXLKb12A4c","406","https://www.youtube.com/playlist?list=UUYdB1nhxEAtjp-TLnv5utzg","LBEstudio"
"30","709:34:38","Dekh Bhai Dekh","Dekh Bhai Dekh — Dekh Bhai Dekh episode 47 part 2","https://www.youtube.com/watch?v=ClgjwbMlphc","406","https://www.youtube.com/playlist?list=UUYdB1nhxEAtjp-TLnv5utzg","LBEstudio"
"30","709:41:24","Dekh Bhai Dekh","Dekh Bhai Dekh — Dekh Bhai Dekh episode 47 part 3","https://www.youtube.com/watch?v=pVna7Dj7WcU","389","https://www.youtube.com/playlist?list=UUYdB1nhxEAtjp-TLnv5utzg","LBEstudio"
"30","709:47:53","Vintage ads","Vintage ads — Lijjat Papad Commercial Old Doordarshan","https://www.youtube.com/watch?v=24mbYBH95H4","33","https://www.youtube.com/playlist?list=PLhgnBue3FjS1UaszaMj5FPFLsG7rvL0Bn","All About 90's Life"
"30","709:48:26","Swabhimaan","Swabhimaan — Swabhimaan Episode 684 | Classic Indian TV Serial | Rohit Roy, Ashutosh Rana, Manoj Bajpayee","https://www.youtube.com/watch?v=vkZyXijyUVE","1311","https://www.youtube.com/playlist?list=PLZeNWB9l7494","Classic Indian TV Serials"
"30","710:10:17","Shri Krishna","Shri Krishna — Sri Krishna EP 189 - महाभारत का युद्ध | HQ WIDE SCREEN | English Subtitles","https://www.youtube.com/watch?v=4YRbpsPSQx4","2733","https://www.youtube.com/playlist?list=PLFPJRCFRDARR9IkjkVi6O9ue5DjKiKtkI","Tilak"
"30","710:55:50","Swabhimaan","Swabhimaan — Swabhimaan Episode 685 | Classic Indian TV Serial | Rohit Roy, Ashutosh Rana, Manoj Bajpayee","https://www.youtube.com/watch?v=yZadKadk9CQ","1058","https://www.youtube.com/playlist?list=PLZeNWB9l7494","Classic Indian TV Serials"
"30","711:13:28","Alif Laila","Alif Laila — बदरूस ने किया जब सिंदबाद पर हमला फिर क्या हुआ देखिये Episode 88 | Alif Laila | Sagar Pictures","https://www.youtube.com/watch?v=R1xYHAOVaIo","1065","https://www.youtube.com/playlist?list=PLqmdsOwstpJfOtjWGMFTGMruqQV7C5XoL","Sagar Pictures"
"30","711:31:13","Swabhimaan","Swabhimaan — Swabhimaan Episode 686 | Classic Indian TV Serial | Rohit Roy, Ashutosh Rana, Manoj Bajpayee","https://www.youtube.com/watch?v=36Y1deW9en0","1256","https://www.youtube.com/playlist?list=PLZeNWB9l7494","Classic Indian TV Serials"
"30","711:52:09","Udaan","Udaan — Udaan DD national old serial Episode 25 Doordarshan Archive उड़ान दूरदर्शन डीडी नेशनल","https://www.youtube.com/watch?v=o3RsW330jaE","1719","https://www.youtube.com/playlist?list=PLFSBneXK-Uv8l6Fs99d5HyhaMlW8q8tWk","Doordarshan Serial"
"30","712:20:48","Bharat Ek Khoj","Bharat Ek Khoj — Bharat Ek Khoj | Episode-47 | Vivekananda","https://www.youtube.com/watch?v=gbXsbzNYxm0","3702","https://www.youtube.com/playlist?list=PLqtVCj5iilH4w0Y8KBB4fqBu25T0sGhXG","Prasar Bharati Archives"
"30","713:22:30","Vintage ads","Vintage ads — Original Nerolac Paints Jingle Doordarshan","https://www.youtube.com/watch?v=muQuGtLl8ms","26","https://www.youtube.com/playlist?list=PLhgnBue3FjS1UaszaMj5FPFLsG7rvL0Bn","All About 90's Life"
"30","713:22:56","Swabhimaan","Swabhimaan — Swabhimaan Episode 687 | Classic Indian TV Serial | Rohit Roy, Ashutosh Rana, Manoj Bajpayee","https://www.youtube.com/watch?v=FPXduePN6jY","1247","https://www.youtube.com/playlist?list=PLZeNWB9l7494","Classic Indian TV Serials"
"30","713:43:43","Surabhi","Surabhi — Surabhi | सुरभि  : Ep - 52","https://www.youtube.com/watch?v=TIYVG-4sBuQ","1499","https://www.youtube.com/playlist?list=PLUiMfS6qzIMzE8lgWFaQ3qvVFCCONXALQ","Doordarshan National"
"30","714:08:42","Shri Krishna","Shri Krishna — Sri Krishna EP 190 - महाभारत का युद्ध | HQ WIDE SCREEN | English Subtitles","https://www.youtube.com/watch?v=zLE2skrH1vo","2752","https://www.youtube.com/playlist?list=PLFPJRCFRDARR9IkjkVi6O9ue5DjKiKtkI","Tilak"
"30","714:54:34","The Great Maratha","The Great Maratha — The Great Maratha | Full Episode 45 | Irrfan Khan, Pankaj Dheer | Dangal TV Gathaa","https://www.youtube.com/watch?v=YEhuLcgwPX0","2556","https://www.youtube.com/playlist?list=PLL8R100698nc9lYCs25j4FrcGDyqdtq_B","Dangal TV Replay"
"30","715:37:10","Swabhimaan","Swabhimaan — Swabhimaan Episode 688 | Classic Indian TV Serial | Rohit Roy, Ashutosh Rana, Manoj Bajpayee","https://www.youtube.com/watch?v=W_uT_9H4cms","1220","https://www.youtube.com/playlist?list=PLZeNWB9l7494","Classic Indian TV Serials"
"30","715:57:30","Chandrakanta","Chandrakanta — Chandrakanta 1994 Episode 113LONE WARRIOR","https://www.youtube.com/watch?v=f5uK4T_t0PQ","1159","https://www.youtube.com/playlist?list=PLKfQh0u-9j2YaM54LNfASdQYllxsoU05a","lone warrior"
"30","716:16:49","Malgudi Days","Malgudi Days — Malgudi Days (Hindi) - मालगुडी डेज़ (हिंदी) - The Vendor of Sweets - Part 3 - मिठाईवाला","https://www.youtube.com/watch?v=2K9gbR_Zdrk","1309","https://www.youtube.com/playlist?list=PLIhvrpwTgKyrXD3jx9PSxMaP7_j53RmXS","Ultra TV Series"
"30","716:38:38","Swabhimaan","Swabhimaan — Swabhimaan Episode 689 | Classic Indian TV Serial | Rohit Roy, Ashutosh Rana, Manoj Bajpayee","https://www.youtube.com/watch?v=Zcb8S6h8ii0","1189","https://www.youtube.com/playlist?list=PLZeNWB9l7494","Classic Indian TV Serials"
"30","716:58:27","Vintage ads","Vintage ads — Sundrop Oil Old Ad Doordarshan","https://www.youtube.com/watch?v=ZjivtgvB7k0","32","https://www.youtube.com/playlist?list=PLhgnBue3FjS1UaszaMj5FPFLsG7rvL0Bn","All About 90's Life"
"30","716:58:59","Swabhimaan","Swabhimaan — Swabhimaan Episode 690 | Classic Indian TV Serial | Rohit Roy, Ashutosh Rana, Manoj Bajpayee","https://www.youtube.com/watch?v=IRnPm1r7kIU","1134","https://www.youtube.com/playlist?list=PLZeNWB9l7494","Classic Indian TV Serials"
"30","717:17:53","Chanakya","Chanakya — चाणक्य Official | Episode 42 - Part -1 | Directed & Acted by Dr. Chandraprakash Dwivedi","https://www.youtube.com/watch?v=um6CHFtBGxM","1450","https://www.youtube.com/playlist?list=PLY-qGtGftCjm1_tDxT2TsDAXXC2p-iutt","Chanakya_theofficial"
"30","717:42:03","Chanakya","Chanakya — चाणक्य Official | Episode 42 - Part -2 | Directed & Acted by Dr. Chandraprakash Dwivedi","https://www.youtube.com/watch?v=W2WKeMnwL_Y","1590","https://www.youtube.com/playlist?list=PLY-qGtGftCjm1_tDxT2TsDAXXC2p-iutt","Chanakya_theofficial"
"30","718:08:33","Swabhimaan","Swabhimaan — Swabhimaan Episode 691 | Classic Indian TV Serial | Rohit Roy, Ashutosh Rana, Manoj Bajpayee","https://www.youtube.com/watch?v=5XWRtNs6P8s","1275","https://www.youtube.com/playlist?list=PLZeNWB9l7494","Classic Indian TV Serials"
"30","718:29:48","Shri Krishna","Shri Krishna — Sri Krishna EP 191 - महाभारत का युद्ध | HQ WIDE SCREEN | English Subtitles","https://www.youtube.com/watch?v=HLrvpxDE_lQ","2745","https://www.youtube.com/playlist?list=PLFPJRCFRDARR9IkjkVi6O9ue5DjKiKtkI","Tilak"
"30","719:15:33","The Sword of Tipu Sultan","The Sword of Tipu Sultan — Tipu Sultan | Full Episode 47 | Sanjay Khan, Dipika Chikhlia, Swapnil Joshi | Dangal TV Gathaa","https://www.youtube.com/watch?v=8NPqltuCYN4","2424","https://www.youtube.com/playlist?list=PLL8R100698ndzARBsLB6Z8jYs_52cDJJ7","Dangal TV Replay"
"30","719:55:57","Swabhimaan","Swabhimaan — Swabhimaan Episode 692 | Classic Indian TV Serial | Rohit Roy, Ashutosh Rana, Manoj Bajpayee","https://www.youtube.com/watch?v=t9D_haol0f0","1228","https://www.youtube.com/playlist?list=PLZeNWB9l7494","Classic Indian TV Serials"
"31","720:16:25","Vintage ads","Vintage ads — Aamir Khan 1st Coca Cola Old Indian Doordarshan Ad","https://www.youtube.com/watch?v=2yO4-Oh-JP4","50","https://www.youtube.com/playlist?list=PLhgnBue3FjS1UaszaMj5FPFLsG7rvL0Bn","All About 90's Life"
"31","720:17:15","Swabhimaan","Swabhimaan — Swabhimaan Episode 693 | Classic Indian TV Serial | Rohit Roy, Ashutosh Rana, Manoj Bajpayee","https://www.youtube.com/watch?v=xmUdYt5G_M4","1221","https://www.youtube.com/playlist?list=PLZeNWB9l7494","Classic Indian TV Serials"
"31","720:37:36","Alif Laila","Alif Laila — सिंबाद को किसकी मदद से मिली सुनहरी दरख़्त की जादुई पत्तियां Episode 89 | Alif Laila| Sagar Pictures","https://www.youtube.com/watch?v=i_dzDqtam84","1057","https://www.youtube.com/playlist?list=PLqmdsOwstpJfOtjWGMFTGMruqQV7C5XoL","Sagar Pictures"
"31","720:55:13","Nukkad","Nukkad — Nukkad   Episode #21   Begging As Spiritual Profession   Best TV Show","https://www.youtube.com/watch?v=npLXyJDwcsw","1395","https://www.youtube.com/playlist?list=PLDXzvDkBVqqSGYLZPlZQfl_Vn-JmuiTDN","movie clips"
"31","721:18:28","Hum Log","Hum Log — Hum Log | Episode 52 | India's First Hindi TV Serial | Ashok Kumar, Seema Bhargava, Vinod & Jayshri","https://www.youtube.com/watch?v=YBr3_93-NrQ","1368","https://www.youtube.com/playlist?list=PLaNSOkABhCUE","Goldmines Movies"
"31","721:41:16","Swabhimaan","Swabhimaan — Swabhimaan Episode 694 | Classic Indian TV Serial | Rohit Roy, Ashutosh Rana, Manoj Bajpayee","https://www.youtube.com/watch?v=gwhKUzWs2j8","1088","https://www.youtube.com/playlist?list=PLZeNWB9l7494","Classic Indian TV Serials"
"31","721:59:24","Tehkikaat","Tehkikaat — Tehkikaat तहकीकात | Jealousi Turns Blood - Crime Serial | Ranjeet, Saurabh Shukla, Vijay A. | EP 42","https://www.youtube.com/watch?v=uMQhT7FDKoo","1313","https://www.youtube.com/playlist?list=PLImQCagB5etA0FMEJ7yrWIUBCzxgOBikn","Raj Rishi Serials"
"31","722:21:17","Chandrakanta","Chandrakanta — Chandrakanta 1994 Episode 114 LONE WARRIOR","https://www.youtube.com/watch?v=sNciteTpGxQ","1158","https://www.youtube.com/playlist?list=PLKfQh0u-9j2YaM54LNfASdQYllxsoU05a","lone warrior"
"31","722:40:35","Shri Krishna","Shri Krishna — Sri Krishna EP 192 - अश्वत्थामा ने रात्रि में किया पांडवों के शिविर पर हमला | HQ WIDE SCREEN","https://www.youtube.com/watch?v=iBJoGjUyNg0","2691","https://www.youtube.com/playlist?list=PLFPJRCFRDARR9IkjkVi6O9ue5DjKiKtkI","Tilak"
"31","723:25:26","Swabhimaan","Swabhimaan — Swabhimaan Episode 695 | Classic Indian TV Serial | Rohit Roy, Ashutosh Rana, Manoj Bajpayee","https://www.youtube.com/watch?v=J2qvuUCd0wY","1220","https://www.youtube.com/playlist?list=PLZeNWB9l7494","Classic Indian TV Serials"
"31","723:45:46","Swabhimaan","Swabhimaan — Swabhimaan Episode 696 | Classic Indian TV Serial | Rohit Roy, Ashutosh Rana, Manoj Bajpayee","https://www.youtube.com/watch?v=jz7tf98YD9o","1161","https://www.youtube.com/playlist?list=PLZeNWB9l7494","Classic Indian TV Serials"
"31","724:05:07","Dekh Bhai Dekh","Dekh Bhai Dekh — Dekh Bhai Dekh episode 48 part 1","https://www.youtube.com/watch?v=V9mCzL35ykE","411","https://www.youtube.com/playlist?list=UUYdB1nhxEAtjp-TLnv5utzg","LBEstudio"
"31","724:11:58","Dekh Bhai Dekh","Dekh Bhai Dekh — Dekh Bhai Dekh episode 48 part 2","https://www.youtube.com/watch?v=y4JkN5NBF4Q","411","https://www.youtube.com/playlist?list=UUYdB1nhxEAtjp-TLnv5utzg","LBEstudio"
"31","724:18:49","Dekh Bhai Dekh","Dekh Bhai Dekh — Dekh Bhai Dekh episode 48 part 3","https://www.youtube.com/watch?v=x7TKkE72dvM","422","https://www.youtube.com/playlist?list=UUYdB1nhxEAtjp-TLnv5utzg","LBEstudio"
"31","724:25:51","Vintage ads","Vintage ads — Gayatri Joshi Cadbury Perk Old Indian Ad","https://www.youtube.com/watch?v=igspHgw0oDI","30","https://www.youtube.com/playlist?list=PLhgnBue3FjS1UaszaMj5FPFLsG7rvL0Bn","All About 90's Life"
"31","724:26:21","Swabhimaan","Swabhimaan — Swabhimaan Episode 697 | Classic Indian TV Serial | Rohit Roy, Ashutosh Rana, Manoj Bajpayee","https://www.youtube.com/watch?v=Qh8Qgp2a704","1178","https://www.youtube.com/playlist?list=PLZeNWB9l7494","Classic Indian TV Serials"
"31","724:45:59","Swabhimaan","Swabhimaan — Swabhimaan Episode 698 | Classic Indian TV Serial | Rohit Roy, Ashutosh Rana, Manoj Bajpayee","https://www.youtube.com/watch?v=emIsGVGpKAs","1143","https://www.youtube.com/playlist?list=PLZeNWB9l7494","Classic Indian TV Serials"
"31","725:05:02","Shri Krishna","Shri Krishna — Sri Krishna EP 193 - अश्वत्थामा ने किया पांडव पुत्रों का वध | HQ WIDE SCREEN | English Subtitles","https://www.youtube.com/watch?v=mfccA4_iU24","2669","https://www.youtube.com/playlist?list=PLFPJRCFRDARR9IkjkVi6O9ue5DjKiKtkI","Tilak"
"31","725:49:31","Swabhimaan","Swabhimaan — Swabhimaan Episode 699 | Classic Indian TV Serial | Rohit Roy, Ashutosh Rana, Manoj Bajpayee","https://www.youtube.com/watch?v=iKwa6J1RpRw","1286","https://www.youtube.com/playlist?list=PLZeNWB9l7494","Classic Indian TV Serials"
"31","726:10:57","Vintage ads","Vintage ads — Ajenta Clock Dadi Old Indian Ad","https://www.youtube.com/watch?v=-gIXrcJAi4o","31","https://www.youtube.com/playlist?list=PLhgnBue3FjS1UaszaMj5FPFLsG7rvL0Bn","All About 90's Life"
"31","726:11:28","Swabhimaan","Swabhimaan — Swabhimaan Episode 700 | Classic Indian TV Serial | Rohit Roy, Ashutosh Rana, Manoj Bajpayee","https://www.youtube.com/watch?v=7XrrEOccdmM","1180","https://www.youtube.com/playlist?list=PLZeNWB9l7494","Classic Indian TV Serials"
"31","726:31:08","Alif Laila","Alif Laila — देखिये अब क्या नयी चुनौती आयी सिंदबाद के सामने Episode 90 | Alif Laila | Sagar Pictures","https://www.youtube.com/watch?v=7_YC4bU9rLc","1228","https://www.youtube.com/playlist?list=PLqmdsOwstpJfOtjWGMFTGMruqQV7C5XoL","Sagar Pictures"
"31","726:51:36","Chandrakanta","Chandrakanta — Chandrakanta 1994 Episode 115 LONE WARRIOR","https://www.youtube.com/watch?v=4pcui0UP05s","1118","https://www.youtube.com/playlist?list=PLKfQh0u-9j2YaM54LNfASdQYllxsoU05a","lone warrior"
"31","727:10:14","Swabhimaan","Swabhimaan — Swabhimaan Episode 701 | Classic Indian TV Serial | Rohit Roy, Ashutosh Rana, Manoj Bajpayee","https://www.youtube.com/watch?v=2zaQrQLRgkE","1188","https://www.youtube.com/playlist?list=PLZeNWB9l7494","Classic Indian TV Serials"
"31","727:30:02","Surabhi","Surabhi — Surabhi - Episode 247 - Renuka Shahane and Siddharth Kak","https://www.youtube.com/watch?v=LhayM3jBcyM","1808","https://www.youtube.com/playlist?list=UUZsUMUcdvXdW3GJp4wpchHA","ViralVideosToday4U"
"31","728:00:10","Shri Krishna","Shri Krishna — Sri Krishna EP 194 - अश्वत्थामा ने चलाया ब्रह्मषिर अस्त्र | HQ WIDE SCREEN | English Subtitles","https://www.youtube.com/watch?v=VsSLSrbGg50","2735","https://www.youtube.com/playlist?list=PLFPJRCFRDARR9IkjkVi6O9ue5DjKiKtkI","Tilak"
"31","728:45:45","Swabhimaan","Swabhimaan — Swabhimaan Episode 702 | Classic Indian TV Serial | Rohit Roy, Ashutosh Rana, Manoj Bajpayee","https://www.youtube.com/watch?v=XetVrSTn6ng","1134","https://www.youtube.com/playlist?list=PLZeNWB9l7494","Classic Indian TV Serials"
"31","729:04:39","Vintage ads","Vintage ads — Parle G Dadaji Old Indian Ad","https://www.youtube.com/watch?v=mJaEYOZCeOE","25","https://www.youtube.com/playlist?list=PLhgnBue3FjS1UaszaMj5FPFLsG7rvL0Bn","All About 90's Life"
"31","729:05:04","Swabhimaan","Swabhimaan — Swabhimaan Episode 703 | Classic Indian TV Serial | Rohit Roy, Ashutosh Rana, Manoj Bajpayee","https://www.youtube.com/watch?v=AofhzHgN60w","1202","https://www.youtube.com/playlist?list=PLZeNWB9l7494","Classic Indian TV Serials"
"31","729:25:06","Swabhimaan","Swabhimaan — Swabhimaan Episode 704 | Classic Indian TV Serial | Rohit Roy, Ashutosh Rana, Manoj Bajpayee","https://www.youtube.com/watch?v=31cZjlnanB0","1188","https://www.youtube.com/playlist?list=PLZeNWB9l7494","Classic Indian TV Serials"
"31","729:44:54","Vintage ads","Vintage ads — Anti Smoking Campaign Old Ad - Cigarette in My hand","https://www.youtube.com/watch?v=7M7oRkAaujg","58","https://www.youtube.com/playlist?list=PLhgnBue3FjS1UaszaMj5FPFLsG7rvL0Bn","All About 90's Life"
"31","729:45:52","Bharat Ek Khoj","Bharat Ek Khoj — Bharat Ek Khoj | Episode-48 | Extremists And Moderates","https://www.youtube.com/watch?v=ih2cCYjrUP0","3355","https://www.youtube.com/playlist?list=PLqtVCj5iilH4w0Y8KBB4fqBu25T0sGhXG","Prasar Bharati Archives"
"31","730:41:47","Swabhimaan","Swabhimaan — Swabhimaan Episode 705 | Classic Indian TV Serial | Rohit Roy, Ashutosh Rana, Manoj Bajpayee","https://www.youtube.com/watch?v=fIgublPDv28","1166","https://www.youtube.com/playlist?list=PLZeNWB9l7494","Classic Indian TV Serials"
"31","731:01:13","Shri Krishna","Shri Krishna — Sri Krishna EP 195 - मुरा का श्री कृष्ण से युद्ध | HQ WIDE SCREEN | English Subtitles","https://www.youtube.com/watch?v=nnPsxfsr1lE","2883","https://www.youtube.com/playlist?list=PLFPJRCFRDARR9IkjkVi6O9ue5DjKiKtkI","Tilak"
"31","731:49:16","Byomkesh Bakshi","Byomkesh Bakshi — Byomkesh Bakshi: Ep#29 - Dhokadhari","https://www.youtube.com/watch?v=4dm1jbhvdFQ","2209","https://www.youtube.com/playlist?list=PLUiMfS6qzIMxiHu2N2Px1ISp5vxCm3PMo","Doordarshan National"
"31","732:26:05","Swabhimaan","Swabhimaan — Swabhimaan Episode 706 | Classic Indian TV Serial | Rohit Roy, Ashutosh Rana, Manoj Bajpayee","https://www.youtube.com/watch?v=IX7O0P9fsM4","1266","https://www.youtube.com/playlist?list=PLZeNWB9l7494","Classic Indian TV Serials"
"31","732:47:11","The Great Maratha","The Great Maratha — The Great Maratha | Full Episode 46 | Irrfan Khan, Pankaj Dheer | Dangal TV Gathaa","https://www.youtube.com/watch?v=QKUjpd3YyiY","2521","https://www.youtube.com/playlist?list=PLL8R100698nc9lYCs25j4FrcGDyqdtq_B","Dangal TV Replay"
"31","733:29:12","The Sword of Tipu Sultan","The Sword of Tipu Sultan — Tipu Sultan | Full Episode 48 | Sanjay Khan, Dipika Chikhlia, Swapnil Joshi | Dangal TV Gathaa","https://www.youtube.com/watch?v=vrbzwNQ8sR0","2688","https://www.youtube.com/playlist?list=PLL8R100698ndzARBsLB6Z8jYs_52cDJJ7","Dangal TV Replay"
"31","734:14:00","Chandrakanta","Chandrakanta — Chandrakanta 1994 Episode 116Lone Warrior","https://www.youtube.com/watch?v=eQXxM5-V-Gw","1050","https://www.youtube.com/playlist?list=PLKfQh0u-9j2YaM54LNfASdQYllxsoU05a","lone warrior"
"31","734:31:30","Swabhimaan","Swabhimaan — Swabhimaan Episode 707 | Classic Indian TV Serial | Rohit Roy, Ashutosh Rana, Manoj Bajpayee","https://www.youtube.com/watch?v=TWm6jqgQkvM","1195","https://www.youtube.com/playlist?list=PLZeNWB9l7494","Classic Indian TV Serials"
"31","734:51:25","Hum Log","Hum Log — Hum Log | Episode 53 | India's First Hindi TV Serial | Ashok Kumar, Seema Bhargava, Vinod & Jayshri","https://www.youtube.com/watch?v=na8Ibz_fNj8","1365","https://www.youtube.com/playlist?list=PLaNSOkABhCUE","Goldmines Movies"
"31","735:14:10","Vikram Aur Betaal","Vikram Aur Betaal — रामानंद सागर कृत विक्रम और बेताल भाग 24 - दगड़ु के सपने","https://www.youtube.com/watch?v=_vidr0lRRSw","1397","https://www.youtube.com/playlist?list=PL-eaGjSO6F70C3-LkA3kEqAIHkdDLhI6Q","Tilak Kathayein"
"31","735:37:27","Swabhimaan","Swabhimaan — Swabhimaan Episode 708 | Classic Indian TV Serial | Rohit Roy, Ashutosh Rana, Manoj Bajpayee","https://www.youtube.com/watch?v=yYxmWaYuI2A","1191","https://www.youtube.com/playlist?list=PLZeNWB9l7494","Classic Indian TV Serials"
"31","735:57:18","Chanakya","Chanakya — चाणक्य Official | Episode 43 - Part -1 | Directed & Acted by Dr. Chandraprakash Dwivedi","https://www.youtube.com/watch?v=Hgj9mKFu8q4","1490","https://www.youtube.com/playlist?list=PLY-qGtGftCjm1_tDxT2TsDAXXC2p-iutt","Chanakya_theofficial"
"31","736:22:08","Chanakya","Chanakya — चाणक्य Official | Episode 43 - Part -2 | Directed & Acted by Dr. Chandraprakash Dwivedi","https://www.youtube.com/watch?v=-8lqNkm7jW8","1457","https://www.youtube.com/playlist?list=PLY-qGtGftCjm1_tDxT2TsDAXXC2p-iutt","Chanakya_theofficial"
"31","736:46:25","Alif Laila","Alif Laila — फ़क़ीर बाबा ने काला जजीरा का रहस्य बताया सिंदबाद को | Episode 91 Alif Laila | Sagar Pictures","https://www.youtube.com/watch?v=2rokSvynuIA","1209","https://www.youtube.com/playlist?list=PLqmdsOwstpJfOtjWGMFTGMruqQV7C5XoL","Sagar Pictures"
"31","737:06:34","Swabhimaan","Swabhimaan — Swabhimaan Episode 709 | Classic Indian TV Serial | Rohit Roy, Ashutosh Rana, Manoj Bajpayee","https://www.youtube.com/watch?v=wvCNYpDMoQ4","1129","https://www.youtube.com/playlist?list=PLZeNWB9l7494","Classic Indian TV Serials"
"31","737:25:23","Shri Krishna","Shri Krishna — Sri Krishna EP 196 - बर्ब्रिक की कथा और उसकी मुक्ति की कथा | HQ WIDE SCREEN | English Subtitles","https://www.youtube.com/watch?v=H4mJV_ys7qQ","2865","https://www.youtube.com/playlist?list=PLFPJRCFRDARR9IkjkVi6O9ue5DjKiKtkI","Tilak"
"31","738:13:08","Dekh Bhai Dekh","Dekh Bhai Dekh — Dekh Bhai Dekh episode 49 part 1","https://www.youtube.com/watch?v=CvcKEeREo18","436","https://www.youtube.com/playlist?list=UUYdB1nhxEAtjp-TLnv5utzg","LBEstudio"
"31","738:20:24","Dekh Bhai Dekh","Dekh Bhai Dekh — Dekh Bhai Dekh episode 49 part 2","https://www.youtube.com/watch?v=SEn41o_dtGA","436","https://www.youtube.com/playlist?list=UUYdB1nhxEAtjp-TLnv5utzg","LBEstudio"
"31","738:27:40","Dekh Bhai Dekh","Dekh Bhai Dekh — Dekh Bhai Dekh episode 49 part 3","https://www.youtube.com/watch?v=PZYfmRQaTj0","437","https://www.youtube.com/playlist?list=UUYdB1nhxEAtjp-TLnv5utzg","LBEstudio"
"31","738:34:57","Vintage ads","Vintage ads — Lisa Ray Garden Saree Ad Old Indian Ad","https://www.youtube.com/watch?v=UoSR5pLdpxs","33","https://www.youtube.com/playlist?list=PLhgnBue3FjS1UaszaMj5FPFLsG7rvL0Bn","All About 90's Life"
"31","738:35:30","Swabhimaan","Swabhimaan — Swabhimaan Episode 710 | Classic Indian TV Serial | Rohit Roy, Ashutosh Rana, Manoj Bajpayee","https://www.youtube.com/watch?v=stApT2rSg-M","1155","https://www.youtube.com/playlist?list=PLZeNWB9l7494","Classic Indian TV Serials"
"31","738:54:45","Tehkikaat","Tehkikaat — Tehkikaat तहकीकात | Jealousi Turns Blood - Crime Serial | Ranjeet, Saurabh Shukla, Vijay A. | EP 43","https://www.youtube.com/watch?v=KKklWRdn71Y","1240","https://www.youtube.com/playlist?list=PLImQCagB5etA0FMEJ7yrWIUBCzxgOBikn","Raj Rishi Serials"
"31","739:15:25","Swabhimaan","Swabhimaan — Swabhimaan Episode 711 | Classic Indian TV Serial | Rohit Roy, Ashutosh Rana, Manoj Bajpayee","https://www.youtube.com/watch?v=t14TDY7cPbw","1211","https://www.youtube.com/playlist?list=PLZeNWB9l7494","Classic Indian TV Serials"
"31","739:35:36","Swabhimaan","Swabhimaan — Swabhimaan Episode 712 | Classic Indian TV Serial | Rohit Roy, Ashutosh Rana, Manoj Bajpayee","https://www.youtube.com/watch?v=gFai3mnuQV8","1163","https://www.youtube.com/playlist?list=PLZeNWB9l7494","Classic Indian TV Serials"
"31","739:54:59","Chandrakanta","Chandrakanta — Chandrakanta 1994 Episode 117 LONE WARRIOR","https://www.youtube.com/watch?v=wdcsnFrGtPA","1117","https://www.youtube.com/playlist?list=PLKfQh0u-9j2YaM54LNfASdQYllxsoU05a","lone warrior"
"31","740:13:36","Vintage ads","Vintage ads — Reynolds Pens Old Indian Doordarshan Ad","https://www.youtube.com/watch?v=5-_5pPXcoEo","33","https://www.youtube.com/playlist?list=PLhgnBue3FjS1UaszaMj5FPFLsG7rvL0Bn","All About 90's Life"
"31","740:14:09","Shri Krishna","Shri Krishna — Sri Krishna EP 197 - धृतराष्ट्र ने भीम को मारना चाहा | HQ WIDE SCREEN | English Subtitles","https://www.youtube.com/watch?v=95HbuSkIjpw","2866","https://www.youtube.com/playlist?list=PLFPJRCFRDARR9IkjkVi6O9ue5DjKiKtkI","Tilak"
"31","741:01:55","Swabhimaan","Swabhimaan — Swabhimaan Episode 713 | Classic Indian TV Serial | Rohit Roy, Ashutosh Rana, Manoj Bajpayee","https://www.youtube.com/watch?v=NUFpuSlC9O8","1307","https://www.youtube.com/playlist?list=PLZeNWB9l7494","Classic Indian TV Serials"
"31","741:23:42","Swabhimaan","Swabhimaan — Swabhimaan Episode 714 | Classic Indian TV Serial | Rohit Roy, Ashutosh Rana, Manoj Bajpayee","https://www.youtube.com/watch?v=fpbGW1EnPAM","1166","https://www.youtube.com/playlist?list=PLZeNWB9l7494","Classic Indian TV Serials"
"31","741:43:08","Junoon","Junoon — मौत से पहले किसे बुलाना चाहता था वो? Junoon Ep 259","https://www.youtube.com/watch?v=JjOfciMxWVc","1346","https://www.youtube.com/playlist?list=PLrkDcuaB2OX_ZuAo48tg5pEa2BjdoM8Y2","Cinevista Entertainment"
"31","742:05:34","Circus","Circus — Shahrukh Khan starrer Circus - Ep #18","https://www.youtube.com/watch?v=HklwioDtYJc","1527","https://www.youtube.com/playlist?list=PLUiMfS6qzIMzAqteEcp055VDYpgZDbeyT","Doordarshan National"
"31","742:31:01","Om Namah Shivay","Om Namah Shivay — नारद भगवान विष्णु और देवी लक्ष्मी के सामने गणेश की स्तुति करते हैं | Om Namah Shivay Serial | Ep 236","https://www.youtube.com/watch?v=Zgf9frCC8no","1112","https://www.youtube.com/playlist?list=PL5A5QJkW7MkuEgaSMSlkmc51V_jBHv6fO","Saregama Bhakti"
"31","742:49:33","Swabhimaan","Swabhimaan — Swabhimaan Episode 715 | Classic Indian TV Serial | Rohit Roy, Ashutosh Rana, Manoj Bajpayee","https://www.youtube.com/watch?v=K1IleS_DQcI","1219","https://www.youtube.com/playlist?list=PLZeNWB9l7494","Classic Indian TV Serials"
"31","743:09:52","Vintage ads","Vintage ads — Chutki Masala Deepak Tijori Deepti Bhatnagar Old Indian Doordarshan Ad","https://www.youtube.com/watch?v=j7Pb00Wg4I4","15","https://www.youtube.com/playlist?list=PLhgnBue3FjS1UaszaMj5FPFLsG7rvL0Bn","All About 90's Life"
"31","743:10:07","Swabhimaan","Swabhimaan — Swabhimaan Episode 716 | Classic Indian TV Serial | Rohit Roy, Ashutosh Rana, Manoj Bajpayee","https://www.youtube.com/watch?v=UM8Wt0uh7g4","1149","https://www.youtube.com/playlist?list=PLZeNWB9l7494","Classic Indian TV Serials"
"31","743:29:16","Shri Krishna","Shri Krishna — Sri Krishna EP 198 - कुंती ने बताई पांडवों को कर्ण की सचाई | HQ WIDE SCREEN | English Subtitles","https://www.youtube.com/watch?v=B1CZtvzmknY","2785","https://www.youtube.com/playlist?list=PLFPJRCFRDARR9IkjkVi6O9ue5DjKiKtkI","Tilak"
"32","744:15:41","Swabhimaan","Swabhimaan — Swabhimaan Episode 717 | Classic Indian TV Serial | Rohit Roy, Ashutosh Rana, Manoj Bajpayee","https://www.youtube.com/watch?v=jRjzM6RSM28","1169","https://www.youtube.com/playlist?list=PLZeNWB9l7494","Classic Indian TV Serials"
"32","744:35:10","Vintage ads","Vintage ads — Shahrukh khan and Gauri in Cinthol Old Indian Ad","https://www.youtube.com/watch?v=YX5n-v99Kck","44","https://www.youtube.com/playlist?list=PLhgnBue3FjS1UaszaMj5FPFLsG7rvL0Bn","All About 90's Life"
"32","744:35:54","Alif Laila","Alif Laila — समुद्री सतानो का कैसे करेगा सामना सिंदबाद देखिए Episode 92 | Alif Laila| Sagar Pictures","https://www.youtube.com/watch?v=WUZ_iSCP-qU","1123","https://www.youtube.com/playlist?list=PLqmdsOwstpJfOtjWGMFTGMruqQV7C5XoL","Sagar Pictures"
"32","744:54:37","Flop Show","Flop Show — Jaspal Bhatti's  Flop Show |  TV producers and Directors |  Ep #10","https://www.youtube.com/watch?v=tdKmTGIDDyw","1519","https://www.youtube.com/playlist?list=PLUiMfS6qzIMyisp9Ks0FxE9Ba4EpLQm0Z","Doordarshan National"
"32","745:19:56","Chandrakanta","Chandrakanta — Chandrakanta 1994 Episode 118LONE WARRIOR","https://www.youtube.com/watch?v=hE3WuA_S__0","1117","https://www.youtube.com/playlist?list=PLKfQh0u-9j2YaM54LNfASdQYllxsoU05a","lone warrior"
"32","745:38:33","Surabhi","Surabhi — Surabhi - Episode 268 - Renuka Shahane and Siddharth Kak","https://www.youtube.com/watch?v=cP4ighCLqDA","1729","https://www.youtube.com/playlist?list=UUZsUMUcdvXdW3GJp4wpchHA","ViralVideosToday4U"
"32","746:07:22","Swabhimaan","Swabhimaan — Swabhimaan Episode 718 | Classic Indian TV Serial | Rohit Roy, Ashutosh Rana, Manoj Bajpayee","https://www.youtube.com/watch?v=LzKhFd8xCx4","1148","https://www.youtube.com/playlist?list=PLZeNWB9l7494","Classic Indian TV Serials"
"32","746:26:30","Swabhimaan","Swabhimaan — Swabhimaan Episode 719 | Classic Indian TV Serial | Rohit Roy, Ashutosh Rana, Manoj Bajpayee","https://www.youtube.com/watch?v=Qey9noSKidU","1056","https://www.youtube.com/playlist?list=PLZeNWB9l7494","Classic Indian TV Serials"
"32","746:44:06","Swabhimaan","Swabhimaan — Swabhimaan Episode 720 | Classic Indian TV Serial | Rohit Roy, Ashutosh Rana, Manoj Bajpayee","https://www.youtube.com/watch?v=qDMMa6TCu7c","1196","https://www.youtube.com/playlist?list=PLZeNWB9l7494","Classic Indian TV Serials"
"32","747:04:02","Shri Krishna","Shri Krishna — Sri Krishna EP 199 - कुंती ने बताई पांडवों को कर्ण की सचाई | HQ WIDE SCREEN | English Subtitles","https://www.youtube.com/watch?v=ih0zLgVYqqE","2765","https://www.youtube.com/playlist?list=PLFPJRCFRDARR9IkjkVi6O9ue5DjKiKtkI","Tilak"
"32","747:50:07","Swabhimaan","Swabhimaan — Swabhimaan Episode 721 | Classic Indian TV Serial | Rohit Roy, Ashutosh Rana, Manoj Bajpayee","https://www.youtube.com/watch?v=jNSRIGDUHIw","1269","https://www.youtube.com/playlist?list=PLZeNWB9l7494","Classic Indian TV Serials"
"32","748:11:16","Vintage ads","Vintage ads — Band Aid featuring Tejan Diwanji Old Indian Doordarshan Ad","https://www.youtube.com/watch?v=X089akf77oQ","30","https://www.youtube.com/playlist?list=PLhgnBue3FjS1UaszaMj5FPFLsG7rvL0Bn","All About 90's Life"
"32","748:11:46","Bharat Ek Khoj","Bharat Ek Khoj — Bharat Ek Khoj | Episode-49 | And Gandhi Came, Part I","https://www.youtube.com/watch?v=nqFmhgANCsg","3004","https://www.youtube.com/playlist?list=PLqtVCj5iilH4w0Y8KBB4fqBu25T0sGhXG","Prasar Bharati Archives"
"32","749:01:50","Hum Log","Hum Log — Hum Log | Episode 54 | India's First Hindi TV Serial | Ashok Kumar, Seema Bhargava, Vinod & Jayshri","https://www.youtube.com/watch?v=pbrxRg81fAs","1316","https://www.youtube.com/playlist?list=PLaNSOkABhCUE","Goldmines Movies"
"32","749:23:46","Swabhimaan","Swabhimaan — Swabhimaan Episode 722 | Classic Indian TV Serial | Rohit Roy, Ashutosh Rana, Manoj Bajpayee","https://www.youtube.com/watch?v=xP_AMgcbibM","1254","https://www.youtube.com/playlist?list=PLZeNWB9l7494","Classic Indian TV Serials"
"32","749:44:40","The Sword of Tipu Sultan","The Sword of Tipu Sultan — Tipu Sultan | Full Episode 49 | Sanjay Khan, Dipika Chikhlia, Swapnil Joshi | Dangal TV Gathaa","https://www.youtube.com/watch?v=aiZnuyAZGaM","2552","https://www.youtube.com/playlist?list=PLL8R100698ndzARBsLB6Z8jYs_52cDJJ7","Dangal TV Replay"
"32","750:27:12","Swabhimaan","Swabhimaan — Swabhimaan Episode 723 | Classic Indian TV Serial | Rohit Roy, Ashutosh Rana, Manoj Bajpayee","https://www.youtube.com/watch?v=Rf5Gl-eBtO8","1178","https://www.youtube.com/playlist?list=PLZeNWB9l7494","Classic Indian TV Serials"
"32","750:46:50","Dekh Bhai Dekh","Dekh Bhai Dekh — Dekh Bhai Dekh episode 50 part 1","https://www.youtube.com/watch?v=iZGLiiJgSgw","391","https://www.youtube.com/playlist?list=UUYdB1nhxEAtjp-TLnv5utzg","LBEstudio"
"32","750:53:21","Dekh Bhai Dekh","Dekh Bhai Dekh — Dekh Bhai Dekh episode 50 part 2","https://www.youtube.com/watch?v=8elQe-AHFRc","391","https://www.youtube.com/playlist?list=UUYdB1nhxEAtjp-TLnv5utzg","LBEstudio"
"32","750:59:52","Dekh Bhai Dekh","Dekh Bhai Dekh — Dekh Bhai Dekh episode 50 part 3","https://www.youtube.com/watch?v=h6k3wpsRD7Q","381","https://www.youtube.com/playlist?list=UUYdB1nhxEAtjp-TLnv5utzg","LBEstudio"
"32","751:06:13","Chandrakanta","Chandrakanta — Chandrakanta 1994 Episode 119 LONE WARRIOR","https://www.youtube.com/watch?v=wL7E6Zb6Z2E","1117","https://www.youtube.com/playlist?list=PLKfQh0u-9j2YaM54LNfASdQYllxsoU05a","lone warrior"
"32","751:24:50","Vintage ads","Vintage ads — captain cook Atta","https://www.youtube.com/watch?v=Ge-O_B5ZYfs","62","https://www.youtube.com/playlist?list=PLhgnBue3FjS1UaszaMj5FPFLsG7rvL0Bn","All About 90's Life"
"32","751:25:52","Shri Krishna","Shri Krishna — Sri Krishna EP 200 - भीष्म का युधिष्ठिर को ज्ञान | HQ WIDE SCREEN | English Subtitles","https://www.youtube.com/watch?v=Dm1jBaLO9mM","2797","https://www.youtube.com/playlist?list=PLFPJRCFRDARR9IkjkVi6O9ue5DjKiKtkI","Tilak"
"32","752:12:29","Swabhimaan","Swabhimaan — Swabhimaan Episode 724 | Classic Indian TV Serial | Rohit Roy, Ashutosh Rana, Manoj Bajpayee","https://www.youtube.com/watch?v=81_Ibr1cVmw","1169","https://www.youtube.com/playlist?list=PLZeNWB9l7494","Classic Indian TV Serials"
"32","752:31:58","The Great Maratha","The Great Maratha — The Great Maratha | Full Episode 47 | Irrfan Khan, Pankaj Dheer | Dangal TV Gathaa","https://www.youtube.com/watch?v=Suwc773rI18","2523","https://www.youtube.com/playlist?list=PLL8R100698nc9lYCs25j4FrcGDyqdtq_B","Dangal TV Replay"
"32","753:14:01","Alif Laila","Alif Laila — अजगर जिन को सिंदबाद ने अपनी तलवार ए सुलेमानी से कैसे मारा Episode 93 | Alif Laila | Sagar Pictures","https://www.youtube.com/watch?v=HCYoWwOrSWI","1266","https://www.youtube.com/playlist?list=PLqmdsOwstpJfOtjWGMFTGMruqQV7C5XoL","Sagar Pictures"
"32","753:35:07","Swabhimaan","Swabhimaan — Swabhimaan Episode 725 | Classic Indian TV Serial | Rohit Roy, Ashutosh Rana, Manoj Bajpayee","https://www.youtube.com/watch?v=xtobB16S3vQ","1155","https://www.youtube.com/playlist?list=PLZeNWB9l7494","Classic Indian TV Serials"
"32","753:54:22","Chanakya","Chanakya — चाणक्य Official | Episode 44 - Part -1 | Directed & Acted by Dr. Chandraprakash Dwivedi","https://www.youtube.com/watch?v=1ofoxLXGar8","1453","https://www.youtube.com/playlist?list=PLY-qGtGftCjm1_tDxT2TsDAXXC2p-iutt","Chanakya_theofficial"
"32","754:18:35","Chanakya","Chanakya — चाणक्य Official | Episode 44 - Part -2 | Directed & Acted by Dr. Chandraprakash Dwivedi","https://www.youtube.com/watch?v=3ivLDnHJxNQ","1462","https://www.youtube.com/playlist?list=PLY-qGtGftCjm1_tDxT2TsDAXXC2p-iutt","Chanakya_theofficial"
"32","754:42:57","Swabhimaan","Swabhimaan — Swabhimaan Episode 726 | Classic Indian TV Serial | Rohit Roy, Ashutosh Rana, Manoj Bajpayee","https://www.youtube.com/watch?v=fRlukkiykkI","1180","https://www.youtube.com/playlist?list=PLZeNWB9l7494","Classic Indian TV Serials"
"32","755:02:37","Tehkikaat","Tehkikaat — Tehkikaat तहकीकात | Jealousi Turns Blood - Crime Serial | Ranjeet, Saurabh Shukla, Vijay A. | EP 45","https://www.youtube.com/watch?v=Cq11Z4qpzp4","1240","https://www.youtube.com/playlist?list=PLImQCagB5etA0FMEJ7yrWIUBCzxgOBikn","Raj Rishi Serials"
"32","755:23:17","Swabhimaan","Swabhimaan — Swabhimaan Episode 727 | Classic Indian TV Serial | Rohit Roy, Ashutosh Rana, Manoj Bajpayee","https://www.youtube.com/watch?v=z0wfYbe4o28","1250","https://www.youtube.com/playlist?list=PLZeNWB9l7494","Classic Indian TV Serials"
"32","755:44:07","Byomkesh Bakshi","Byomkesh Bakshi — Byomkesh Bakshi: Ep#30 - Sahi Ka Kanta","https://www.youtube.com/watch?v=fudbHt3zAzE","2528","https://www.youtube.com/playlist?list=PLUiMfS6qzIMxiHu2N2Px1ISp5vxCm3PMo","Doordarshan National"
"32","756:26:15","Udaan","Udaan — Udaan DD national old tv serial episode 26 doordarshan उड़ान डीडी नेशनल archive दूरदर्शन","https://www.youtube.com/watch?v=cvXrG2DoC9M","1724","https://www.youtube.com/playlist?list=PLFSBneXK-Uv8l6Fs99d5HyhaMlW8q8tWk","Doordarshan Serial"
"32","756:54:59","Shri Krishna","Shri Krishna — Sri Krishna EP 201 - धृतराष्ट्र का वन में जाकर रहने का निर्णय | HQ WIDE SCREEN | English Subtitles","https://www.youtube.com/watch?v=IGkZ-nZKQvA","2733","https://www.youtube.com/playlist?list=PLFPJRCFRDARR9IkjkVi6O9ue5DjKiKtkI","Tilak"
"32","757:40:32","Swabhimaan","Swabhimaan — Swabhimaan Episode 728 | Classic Indian TV Serial | Rohit Roy, Ashutosh Rana, Manoj Bajpayee","https://www.youtube.com/watch?v=L-WbvgRATlU","1202","https://www.youtube.com/playlist?list=PLZeNWB9l7494","Classic Indian TV Serials"
"32","758:00:34","Swabhimaan","Swabhimaan — Swabhimaan Episode 729 | Classic Indian TV Serial | Rohit Roy, Ashutosh Rana, Manoj Bajpayee","https://www.youtube.com/watch?v=N3SH2jwZmhc","1196","https://www.youtube.com/playlist?list=PLZeNWB9l7494","Classic Indian TV Serials"
"32","758:20:30","Vintage ads","Vintage ads — Old Indian Doordarshan Ad","https://www.youtube.com/watch?v=GTFK3zeauH0","22","https://www.youtube.com/playlist?list=PLhgnBue3FjS1UaszaMj5FPFLsG7rvL0Bn","All About 90's Life"
"32","758:20:52","Chandrakanta","Chandrakanta — Chandrakanta 1994 Episode 120 LONE WARRIOR","https://www.youtube.com/watch?v=TPzlUInA9p8","1117","https://www.youtube.com/playlist?list=PLKfQh0u-9j2YaM54LNfASdQYllxsoU05a","lone warrior"
"32","758:39:29","Nukkad","Nukkad — Nukkad   Episode #22   A Lottery Ticket   Hit Old TV Shows","https://www.youtube.com/watch?v=-kZrKvv26vM","1329","https://www.youtube.com/playlist?list=PLDXzvDkBVqqSGYLZPlZQfl_Vn-JmuiTDN","movie clips"
"32","759:01:38","Wagle Ki Duniya","Wagle Ki Duniya — Wagle Ki Duniya - Episode 13 - New TV | DD EXCLUSIVE","https://www.youtube.com/watch?v=vdPM2B5biUU","1484","https://www.youtube.com/playlist?list=PL5TZ-0sMyEgVQcbG4E10bBeGcQEQ3WR-S","90's Ki Yaadein"
"32","759:26:22","Swabhimaan","Swabhimaan — Swabhimaan Episode 730 | Classic Indian TV Serial | Rohit Roy, Ashutosh Rana, Manoj Bajpayee","https://www.youtube.com/watch?v=ZeQsV-W2FOQ","1103","https://www.youtube.com/playlist?list=PLZeNWB9l7494","Classic Indian TV Serials"
"32","759:44:45","Swabhimaan","Swabhimaan — Swabhimaan Episode 731 | Classic Indian TV Serial | Rohit Roy, Ashutosh Rana, Manoj Bajpayee","https://www.youtube.com/watch?v=KSJXsVGOi64","1252","https://www.youtube.com/playlist?list=PLZeNWB9l7494","Classic Indian TV Serials"
"32","760:05:37","Shri Krishna","Shri Krishna — Sri Krishna EP 202 - युधिष्ठिर का अश्वमेध यज्ञ करना | HQ WIDE SCREEN | English Subtitles","https://www.youtube.com/watch?v=TlZQaUqtXts","2824","https://www.youtube.com/playlist?list=PLFPJRCFRDARR9IkjkVi6O9ue5DjKiKtkI","Tilak"
"32","760:52:41","Vintage ads","Vintage ads — All Out Old Indian Doordarshan Ad","https://www.youtube.com/watch?v=gA4A6nH_25k","21","https://www.youtube.com/playlist?list=PLhgnBue3FjS1UaszaMj5FPFLsG7rvL0Bn","All About 90's Life"
"32","760:53:02","Swabhimaan","Swabhimaan — Swabhimaan Episode 732 | Classic Indian TV Serial | Rohit Roy, Ashutosh Rana, Manoj Bajpayee","https://www.youtube.com/watch?v=f7elHGt89oE","1178","https://www.youtube.com/playlist?list=PLZeNWB9l7494","Classic Indian TV Serials"
"32","761:12:40","Swabhimaan","Swabhimaan — Swabhimaan Episode 733 | Classic Indian TV Serial | Rohit Roy, Ashutosh Rana, Manoj Bajpayee","https://www.youtube.com/watch?v=r-Cmf6mWDLw","1155","https://www.youtube.com/playlist?list=PLZeNWB9l7494","Classic Indian TV Serials"
"32","761:31:55","Vintage ads","Vintage ads — Courtney Walsh Old Pepsi Doordarshan ad","https://www.youtube.com/watch?v=NROj5VOJOog","21","https://www.youtube.com/playlist?list=PLhgnBue3FjS1UaszaMj5FPFLsG7rvL0Bn","All About 90's Life"
"32","761:32:16","Alif Laila","Alif Laila — लाल खूनी समंदर में किस पुराने दुसमन से हुआ सिंदबाद का सामना Episode 94 | Alif Laila | Sagar Pictures","https://www.youtube.com/watch?v=8x3-tKKfkB8","1181","https://www.youtube.com/playlist?list=PLqmdsOwstpJfOtjWGMFTGMruqQV7C5XoL","Sagar Pictures"
"32","761:51:57","Surabhi","Surabhi — Surabhi - Episode 320 - Renuka Shahane and Siddharth Kak","https://www.youtube.com/watch?v=dfW8PTShg5g","1829","https://www.youtube.com/playlist?list=UUZsUMUcdvXdW3GJp4wpchHA","ViralVideosToday4U"
"32","762:22:26","Swabhimaan","Swabhimaan — Swabhimaan Episode 734 | Classic Indian TV Serial | Rohit Roy, Ashutosh Rana, Manoj Bajpayee","https://www.youtube.com/watch?v=ia9KpOr-Nuw","1137","https://www.youtube.com/playlist?list=PLZeNWB9l7494","Classic Indian TV Serials"
"32","762:41:23","Shri Krishna","Shri Krishna — Sri Krishna EP 203 -पांडवों, धरितराष्ट्र्र, गांधारी और कुंती ने किए दर्शन | HQ WIDE SCREEN","https://www.youtube.com/watch?v=pw3cFgGa0-c","2806","https://www.youtube.com/playlist?list=PLFPJRCFRDARR9IkjkVi6O9ue5DjKiKtkI","Tilak"
"32","763:28:09","Hum Log","Hum Log — Hum Log | Episode 55 | India's First Hindi TV Serial | Ashok Kumar, Seema Bhargava, Vinod & Jayshri","https://www.youtube.com/watch?v=IJ44AcxFevU","1350","https://www.youtube.com/playlist?list=PLaNSOkABhCUE","Goldmines Movies"
"32","763:50:39","Swabhimaan","Swabhimaan — Swabhimaan Episode 735 | Classic Indian TV Serial | Rohit Roy, Ashutosh Rana, Manoj Bajpayee","https://www.youtube.com/watch?v=ZCcbaLxIBuo","1170","https://www.youtube.com/playlist?list=PLZeNWB9l7494","Classic Indian TV Serials"
"32","764:10:09","Vintage ads","Vintage ads — Sachin Tendulkar Old Pepsi Doordarshan ad","https://www.youtube.com/watch?v=iOTF4cZFm6k","21","https://www.youtube.com/playlist?list=PLhgnBue3FjS1UaszaMj5FPFLsG7rvL0Bn","All About 90's Life"
"32","764:10:30","Chandrakanta","Chandrakanta — Chandrakanta 1994  Episode 121LONE WARRIOR","https://www.youtube.com/watch?v=t6R3nL5tXvQ","1117","https://www.youtube.com/playlist?list=PLKfQh0u-9j2YaM54LNfASdQYllxsoU05a","lone warrior"
"32","764:29:07","Dekh Bhai Dekh","Dekh Bhai Dekh — Dekh Bhai Dekh episode 51 part 1","https://www.youtube.com/watch?v=330_0b6SJOc","391","https://www.youtube.com/playlist?list=UUYdB1nhxEAtjp-TLnv5utzg","LBEstudio"
"32","764:35:38","Dekh Bhai Dekh","Dekh Bhai Dekh — Dekh Bhai Dekh episode 51 part 2","https://www.youtube.com/watch?v=1PMPiroRWQI","391","https://www.youtube.com/playlist?list=UUYdB1nhxEAtjp-TLnv5utzg","LBEstudio"
"32","764:42:09","Dekh Bhai Dekh","Dekh Bhai Dekh — Dekh Bhai Dekh episode 51 part 3","https://www.youtube.com/watch?v=hbkD_Fi9Joo","382","https://www.youtube.com/playlist?list=UUYdB1nhxEAtjp-TLnv5utzg","LBEstudio"
"32","764:48:31","Swabhimaan","Swabhimaan — Swabhimaan Episode 736 | Classic Indian TV Serial | Rohit Roy, Ashutosh Rana, Manoj Bajpayee","https://www.youtube.com/watch?v=5-qfd6SRyKk","1235","https://www.youtube.com/playlist?list=PLZeNWB9l7494","Classic Indian TV Serials"
"32","765:09:06","Bharat Ek Khoj","Bharat Ek Khoj — Bharat Ek Khoj | Episode-50 | And Gandhi Came, Part II","https://www.youtube.com/watch?v=knKvI8_gem0","2653","https://www.youtube.com/playlist?list=PLqtVCj5iilH4w0Y8KBB4fqBu25T0sGhXG","Prasar Bharati Archives"
"32","765:53:19","Swabhimaan","Swabhimaan — Swabhimaan Episode 737 | Classic Indian TV Serial | Rohit Roy, Ashutosh Rana, Manoj Bajpayee","https://www.youtube.com/watch?v=CTf8olMdjtk","1177","https://www.youtube.com/playlist?list=PLZeNWB9l7494","Classic Indian TV Serials"
"32","766:12:56","Vintage ads","Vintage ads — Ian Bishop Old Pepsi Doordarshan ad","https://www.youtube.com/watch?v=azTG2aSkCP8","21","https://www.youtube.com/playlist?list=PLhgnBue3FjS1UaszaMj5FPFLsG7rvL0Bn","All About 90's Life"
"32","766:13:17","The Sword of Tipu Sultan","The Sword of Tipu Sultan — Tipu Sultan | Full Episode 50 | Sanjay Khan, Dipika Chikhlia, Swapnil Joshi | Dangal TV Gathaa","https://www.youtube.com/watch?v=maaGdNYzay4","3541","https://www.youtube.com/playlist?list=PLL8R100698ndzARBsLB6Z8jYs_52cDJJ7","Dangal TV Replay"
"32","767:12:18","Swabhimaan","Swabhimaan — Swabhimaan | Episode 738 | Classic Indian TV Serial | Rohit Roy, Ashutosh Rana, Manoj Bajpayee","https://www.youtube.com/watch?v=lJu0AwlRxXU","1129","https://www.youtube.com/playlist?list=PLZeNWB9l7494","Classic Indian TV Serials"
"32","767:31:07","Shri Krishna","Shri Krishna — Sri Krishna EP 204 - हस्तिनापुर से श्री कृष्ण की विदाई | HQ WIDE SCREEN | English Subtitles","https://www.youtube.com/watch?v=5LSxxmelF4E","2694","https://www.youtube.com/playlist?list=PLFPJRCFRDARR9IkjkVi6O9ue5DjKiKtkI","Tilak"
"33","768:16:01","Vikram Aur Betaal","Vikram Aur Betaal — रामानंद सागर कृत विक्रम और बेताल भाग 25 - लालची अपूर्व की कहानी","https://www.youtube.com/watch?v=Q2nPgDTXEDY","1394","https://www.youtube.com/playlist?list=PL-eaGjSO6F70C3-LkA3kEqAIHkdDLhI6Q","Tilak Kathayein"
"33","768:39:15","Swabhimaan","Swabhimaan — Swabhimaan | Episode 739 | Classic Indian TV Serial | Rohit Roy, Ashutosh Rana, Manoj Bajpayee","https://www.youtube.com/watch?v=EFXSr6-RMoc","1188","https://www.youtube.com/playlist?list=PLZeNWB9l7494","Classic Indian TV Serials"
"33","768:59:03","Vintage ads","Vintage ads — Dickie Bird Old Pepsi Doordarshan ad","https://www.youtube.com/watch?v=WsfYLRwYQkE","21","https://www.youtube.com/playlist?list=PLhgnBue3FjS1UaszaMj5FPFLsG7rvL0Bn","All About 90's Life"
"33","768:59:24","Fauji","Fauji — Fauji Episode 13 | Shah Rukh Khan's Television Debut (1989) | SRK's First-Ever TV Serial Appearance","https://www.youtube.com/watch?v=fcdvEtSvgDg","1361","https://www.youtube.com/playlist?list=PLYqSow41YJ2I","Goldmines Bollywood"
"33","769:22:05","Swabhimaan","Swabhimaan — Swabhimaan | Episode 740 | Classic Indian TV Serial | Rohit Roy, Ashutosh Rana, Manoj Bajpayee","https://www.youtube.com/watch?v=jO3l2AB4x-Y","1184","https://www.youtube.com/playlist?list=PLZeNWB9l7494","Classic Indian TV Serials"
"33","769:41:49","Swabhimaan","Swabhimaan — Swabhimaan | Episode 741 | Classic Indian TV Serial | Rohit Roy, Ashutosh Rana, Manoj Bajpayee","https://www.youtube.com/watch?v=SNFeGZvv02w","1231","https://www.youtube.com/playlist?list=PLZeNWB9l7494","Classic Indian TV Serials"
"33","770:02:20","Vintage ads","Vintage ads — Dominic Cork 2 Old Pepsi Doordarshan ad","https://www.youtube.com/watch?v=VPk5vtk05to","21","https://www.youtube.com/playlist?list=PLhgnBue3FjS1UaszaMj5FPFLsG7rvL0Bn","All About 90's Life"
"33","770:02:41","Chandrakanta","Chandrakanta — Chandrakanta 1994 Episode 122LONE WARRIOR","https://www.youtube.com/watch?v=hHNaZT8fv5Y","1070","https://www.youtube.com/playlist?list=PLKfQh0u-9j2YaM54LNfASdQYllxsoU05a","lone warrior"
"33","770:20:31","Tehkikaat","Tehkikaat — Tehkikaat तहकीकात | Jealousi Turns Blood - Crime Serial | Ranjeet, Saurabh Shukla, Vijay A. | EP 46","https://www.youtube.com/watch?v=qHRmF7gnlLg","1080","https://www.youtube.com/playlist?list=PLImQCagB5etA0FMEJ7yrWIUBCzxgOBikn","Raj Rishi Serials"
"33","770:38:31","Alif Laila","Alif Laila — खूनी परिंदे ने सिंदबाद को कैसे बचाया समुद्री डाकू कहरमान से Episode 95 | Alif Laila | Sagar Pictures","https://www.youtube.com/watch?v=IMtWJsGCe-E","1178","https://www.youtube.com/playlist?list=PLqmdsOwstpJfOtjWGMFTGMruqQV7C5XoL","Sagar Pictures"
"33","770:58:09","Shri Krishna","Shri Krishna — Sri Krishna EP 205 - महाऋषि उत्तंग की इंद्र देव ने ली परीक्षा | HQ WIDE SCREEN | English Subtitles","https://www.youtube.com/watch?v=VhFzhgudkYE","2751","https://www.youtube.com/playlist?list=PLFPJRCFRDARR9IkjkVi6O9ue5DjKiKtkI","Tilak"
"33","771:44:00","Swabhimaan","Swabhimaan — Swabhimaan | Episode 742 | Classic Indian TV Serial | Rohit Roy, Ashutosh Rana, Manoj Bajpayee","https://www.youtube.com/watch?v=wZpUb7jhUfM","1182","https://www.youtube.com/playlist?list=PLZeNWB9l7494","Classic Indian TV Serials"
"33","772:03:42","Chanakya","Chanakya — चाणक्य Official | Episode 45 - Part -1 | Directed & Acted by Dr. Chandraprakash Dwivedi","https://www.youtube.com/watch?v=x5lkeF47YX8","1549","https://www.youtube.com/playlist?list=PLY-qGtGftCjm1_tDxT2TsDAXXC2p-iutt","Chanakya_theofficial"
"33","772:29:31","Chanakya","Chanakya — चाणक्य Official | Episode 45 - Part -2 | Directed & Acted by Dr. Chandraprakash Dwivedi","https://www.youtube.com/watch?v=5yGN5SokMPY","1486","https://www.youtube.com/playlist?list=PLY-qGtGftCjm1_tDxT2TsDAXXC2p-iutt","Chanakya_theofficial"
"33","772:54:17","The Great Maratha","The Great Maratha — The Great Maratha | Full Episode 48 | Irrfan Khan, Pankaj Dheer | Dangal TV Gathaa","https://www.youtube.com/watch?v=kkJKj2Zkj40","2657","https://www.youtube.com/playlist?list=PLL8R100698nc9lYCs25j4FrcGDyqdtq_B","Dangal TV Replay"
"33","773:38:34","Swabhimaan","Swabhimaan — Swabhimaan | Episode 743 | Classic Indian TV Serial | Rohit Roy, Ashutosh Rana, Manoj Bajpayee","https://www.youtube.com/watch?v=fPVjS6OT5u4","1230","https://www.youtube.com/playlist?list=PLZeNWB9l7494","Classic Indian TV Serials"
"33","773:59:04","Vintage ads","Vintage ads — Dominic Cork 1 Old Pepsi Doordarshan ad","https://www.youtube.com/watch?v=gb3ogH47kyY","22","https://www.youtube.com/playlist?list=PLhgnBue3FjS1UaszaMj5FPFLsG7rvL0Bn","All About 90's Life"
"33","773:59:26","Swabhimaan","Swabhimaan — Swabhimaan | Episode 744 | Classic Indian TV Serial | Rohit Roy, Ashutosh Rana, Manoj Bajpayee","https://www.youtube.com/watch?v=beP0DK5gno4","1219","https://www.youtube.com/playlist?list=PLZeNWB9l7494","Classic Indian TV Serials"
"33","774:19:45","Vintage ads","Vintage ads — Azhar Old Pepsi Doordarshan ad","https://www.youtube.com/watch?v=hD_7nlb6AOU","21","https://www.youtube.com/playlist?list=PLhgnBue3FjS1UaszaMj5FPFLsG7rvL0Bn","All About 90's Life"
"33","774:20:06","Swabhimaan","Swabhimaan — Swabhimaan | Episode 745 | Classic Indian TV Serial | Rohit Roy, Ashutosh Rana, Manoj Bajpayee","https://www.youtube.com/watch?v=X6ccbZda5uc","1207","https://www.youtube.com/playlist?list=PLZeNWB9l7494","Classic Indian TV Serials"
"33","774:40:13","Shri Krishna","Shri Krishna — Sri Krishna EP 206 - श्री कृष्ण पर द्वारिका में चर्वारत ने किया हमला | HQ WIDE SCREEN","https://www.youtube.com/watch?v=v0JMVJLPnGY","2635","https://www.youtube.com/playlist?list=PLFPJRCFRDARR9IkjkVi6O9ue5DjKiKtkI","Tilak"
"33","775:24:08","Swabhimaan","Swabhimaan — Swabhimaan | Episode 746 | Classic Indian TV Serial | Rohit Roy, Ashutosh Rana, Manoj Bajpayee","https://www.youtube.com/watch?v=YoB-G5BWRwg","1092","https://www.youtube.com/playlist?list=PLZeNWB9l7494","Classic Indian TV Serials"
"33","775:42:20","Chandrakanta","Chandrakanta — Chandrakanta 1994 Episode 123 LONE WARRIOR","https://www.youtube.com/watch?v=xdBF4aXlwEg","1127","https://www.youtube.com/playlist?list=PLKfQh0u-9j2YaM54LNfASdQYllxsoU05a","lone warrior"
"33","776:01:07","Vintage ads","Vintage ads — Old Pepsi ad – cricketers","https://www.youtube.com/watch?v=On8Mhzc3-3Q","32","https://www.youtube.com/playlist?list=PLhgnBue3FjS1UaszaMj5FPFLsG7rvL0Bn","All About 90's Life"
"33","776:01:39","Swabhimaan","Swabhimaan — Swabhimaan | Episode 747 | Classic Indian TV Serial | Rohit Roy, Ashutosh Rana, Manoj Bajpayee","https://www.youtube.com/watch?v=GYfyLwBDipc","1285","https://www.youtube.com/playlist?list=PLZeNWB9l7494","Classic Indian TV Serials"
"33","776:23:04","Swabhimaan","Swabhimaan — Swabhimaan | Episode 748 | Classic Indian TV Serial | Rohit Roy, Ashutosh Rana, Manoj Bajpayee","https://www.youtube.com/watch?v=3Y1E4b0kPCk","1269","https://www.youtube.com/playlist?list=PLZeNWB9l7494","Classic Indian TV Serials"
"33","776:44:13","Dekh Bhai Dekh","Dekh Bhai Dekh — Dekh Bhai Dekh episode 52 part 1","https://www.youtube.com/watch?v=8ywPDbL_tCM","401","https://www.youtube.com/playlist?list=UUYdB1nhxEAtjp-TLnv5utzg","LBEstudio"
"33","776:50:54","Dekh Bhai Dekh","Dekh Bhai Dekh — Dekh Bhai Dekh episode 52 part 2","https://www.youtube.com/watch?v=9BocTCrCgoY","401","https://www.youtube.com/playlist?list=UUYdB1nhxEAtjp-TLnv5utzg","LBEstudio"
"33","776:57:35","Dekh Bhai Dekh","Dekh Bhai Dekh — Dekh Bhai Dekh episode 52 part 3","https://www.youtube.com/watch?v=PrmcVBMfwHM","410","https://www.youtube.com/playlist?list=UUYdB1nhxEAtjp-TLnv5utzg","LBEstudio"
"33","777:04:25","Hum Log","Hum Log — Hum Log | Episode 56 | India's First Hindi TV Serial | Ashok Kumar, Seema Bhargava, Vinod & Jayshri","https://www.youtube.com/watch?v=HU7GxvDZ564","1317","https://www.youtube.com/playlist?list=PLaNSOkABhCUE","Goldmines Movies"
"33","777:26:22","Shri Krishna","Shri Krishna — Sri Krishna EP 207 - श्री कृष्ण ने मिलाया देवकी वासुदेव को उनके सातों पुत्रों से | HQ WIDE SCREEN","https://www.youtube.com/watch?v=tLx9PySvkjo","2635","https://www.youtube.com/playlist?list=PLFPJRCFRDARR9IkjkVi6O9ue5DjKiKtkI","Tilak"
"33","778:10:17","Swabhimaan","Swabhimaan — Swabhimaan | Episode 749 | Classic Indian TV Serial | Rohit Roy, Ashutosh Rana, Manoj Bajpayee","https://www.youtube.com/watch?v=Q5-QC0M8C2A","1135","https://www.youtube.com/playlist?list=PLZeNWB9l7494","Classic Indian TV Serials"
"33","778:29:12","Bharat Ek Khoj","Bharat Ek Khoj — Bharat Ek Khoj | Episode-51 | Separatism","https://www.youtube.com/watch?v=cZC2Ls8ylx4","3077","https://www.youtube.com/playlist?list=PLqtVCj5iilH4w0Y8KBB4fqBu25T0sGhXG","Prasar Bharati Archives"
"33","779:20:29","Vintage ads","Vintage ads — Old Archies Greeting Card Ad - Valentines Day","https://www.youtube.com/watch?v=g0y_DVsyYX0","10","https://www.youtube.com/playlist?list=PLhgnBue3FjS1UaszaMj5FPFLsG7rvL0Bn","All About 90's Life"
"33","779:20:39","Alif Laila","Alif Laila — अज़ीम मिश्री जादूगर से कैसे सीखा कहरमान ने काला जादू Episode 96 | Alif Laila | Sagar Pictures","https://www.youtube.com/watch?v=oLmFvxzRs4g","1104","https://www.youtube.com/playlist?list=PLqmdsOwstpJfOtjWGMFTGMruqQV7C5XoL","Sagar Pictures"
"33","779:39:03","Om Namah Shivay","Om Namah Shivay — Om Namah Shivay TV Serial | Episode 385","https://www.youtube.com/watch?v=IBGHF1fJuUM","1556","https://www.youtube.com/playlist?list=PL5A5QJkW7MkuEgaSMSlkmc51V_jBHv6fO","Saregama Bhakti"
"33","780:04:59","Swabhimaan","Swabhimaan — Swabhimaan | Episode 750 | Classic Indian TV Serial | Rohit Roy, Ashutosh Rana, Manoj Bajpayee","https://www.youtube.com/watch?v=88TFY8RCh_I","1244","https://www.youtube.com/playlist?list=PLZeNWB9l7494","Classic Indian TV Serials"
"33","780:25:43","Surabhi","Surabhi — Surabhi - Episode 322 - Renuka Shahane and Siddharth Kak","https://www.youtube.com/watch?v=n2kotPxzSFU","1854","https://www.youtube.com/playlist?list=UUZsUMUcdvXdW3GJp4wpchHA","ViralVideosToday4U"
"33","780:56:37","Vintage ads","Vintage ads — Old Archies Greeting Card Ad - Teachers Day","https://www.youtube.com/watch?v=a6UgEftHOBw","20","https://www.youtube.com/playlist?list=PLhgnBue3FjS1UaszaMj5FPFLsG7rvL0Bn","All About 90's Life"
"33","780:56:57","Swabhimaan","Swabhimaan — Swabhimaan | Episode 751 | Classic Indian TV Serial | Rohit Roy, Ashutosh Rana, Manoj Bajpayee","https://www.youtube.com/watch?v=90AeA3M27g0","1162","https://www.youtube.com/playlist?list=PLZeNWB9l7494","Classic Indian TV Serials"
"33","781:16:19","Swabhimaan","Swabhimaan — Swabhimaan | Episode 752 | Classic Indian TV Serial | Rohit Roy, Ashutosh Rana, Manoj Bajpayee","https://www.youtube.com/watch?v=GT5tiRu0dTM","1249","https://www.youtube.com/playlist?list=PLZeNWB9l7494","Classic Indian TV Serials"
"33","781:37:08","Byomkesh Bakshi","Byomkesh Bakshi — Byomkesh Bakshi: Ep#31 - Veni Sanhar","https://www.youtube.com/watch?v=C0KFS1_7hjU","2427","https://www.youtube.com/playlist?list=PLUiMfS6qzIMxiHu2N2Px1ISp5vxCm3PMo","Doordarshan National"
"33","782:17:35","Shri Krishna","Shri Krishna — Sri Krishna EP 208 - श्री कृष्ण द्वारा प्रध्यमं और प्रभावती के विवाह का प्रस्ताव | HQ WIDE SCREEN","https://www.youtube.com/watch?v=-QiPBUpaVEs","2728","https://www.youtube.com/playlist?list=PLFPJRCFRDARR9IkjkVi6O9ue5DjKiKtkI","Tilak"
"33","783:03:03","Vintage ads","Vintage ads — Old Archies Greeting Card Ad - Happy New Year","https://www.youtube.com/watch?v=Zm4sVQR-4BU","15","https://www.youtube.com/playlist?list=PLhgnBue3FjS1UaszaMj5FPFLsG7rvL0Bn","All About 90's Life"
"33","783:03:18","Chandrakanta","Chandrakanta — Chandrakanta 1994 Episode 124 LONE WARRIOR","https://www.youtube.com/watch?v=d8VDdrla3Ng","1127","https://www.youtube.com/playlist?list=PLKfQh0u-9j2YaM54LNfASdQYllxsoU05a","lone warrior"
"33","783:22:05","Swabhimaan","Swabhimaan — Swabhimaan | Episode 753 | Classic Indian TV Serial | Rohit Roy, Ashutosh Rana, Manoj Bajpayee","https://www.youtube.com/watch?v=0Z7xlg87Yj8","1186","https://www.youtube.com/playlist?list=PLZeNWB9l7494","Classic Indian TV Serials"
"33","783:41:51","Vintage ads","Vintage ads — Old Archies Greeting Card Ad - Kid and Doggy","https://www.youtube.com/watch?v=67RY7L9myfY","31","https://www.youtube.com/playlist?list=PLhgnBue3FjS1UaszaMj5FPFLsG7rvL0Bn","All About 90's Life"
"33","783:42:22","Swabhimaan","Swabhimaan — Swabhimaan | Episode 754 | Classic Indian TV Serial | Rohit Roy, Ashutosh Rana, Manoj Bajpayee","https://www.youtube.com/watch?v=-lR2MSF0nXk","1153","https://www.youtube.com/playlist?list=PLZeNWB9l7494","Classic Indian TV Serials"
"33","784:01:35","Tehkikaat","Tehkikaat — Tehkikaat तहकीकात | Jealousi Turns Blood - Crime Serial | Ranjeet, Saurabh Shukla, Vijay A. | EP 47","https://www.youtube.com/watch?v=Bd_bQtIXNtM","1203","https://www.youtube.com/playlist?list=PLImQCagB5etA0FMEJ7yrWIUBCzxgOBikn","Raj Rishi Serials"
"33","784:21:38","Swabhimaan","Swabhimaan — Swabhimaan | Episode 755 | Classic Indian TV Serial | Rohit Roy, Ashutosh Rana, Manoj Bajpayee","https://www.youtube.com/watch?v=VsZoxVhRraQ","1159","https://www.youtube.com/playlist?list=PLZeNWB9l7494","Classic Indian TV Serials"
"33","784:40:57","Shri Krishna","Shri Krishna — Sri Krishna EP 209 - वज्रनाभ का द्वारिका पर आक्रमण | HQ WIDE SCREEN | English Subtitles","https://www.youtube.com/watch?v=8J3_RLaMo3U","2639","https://www.youtube.com/playlist?list=PLFPJRCFRDARR9IkjkVi6O9ue5DjKiKtkI","Tilak"
"33","785:24:56","Junoon","Junoon — 15 साल पुराना राज खुलते ही बर्बाद हो गईं 3 जिंदगियां | Junoon Ep # 260 | Cinevista Entertainment","https://www.youtube.com/watch?v=oDjnbtNW4Bw","1387","https://www.youtube.com/playlist?list=PLrkDcuaB2OX_ZuAo48tg5pEa2BjdoM8Y2","Cinevista Entertainment"
"33","785:48:03","Swabhimaan","Swabhimaan — Swabhimaan | Episode 756 | Classic Indian TV Serial | Rohit Roy, Ashutosh Rana, Manoj Bajpayee","https://www.youtube.com/watch?v=qPFPlIMO_bI","1141","https://www.youtube.com/playlist?list=PLZeNWB9l7494","Classic Indian TV Serials"
"33","786:07:04","Vintage ads","Vintage ads — Old Archies Greeting Card Ad - Patch Up","https://www.youtube.com/watch?v=nyl_IOE-TvI","21","https://www.youtube.com/playlist?list=PLhgnBue3FjS1UaszaMj5FPFLsG7rvL0Bn","All About 90's Life"
"33","786:07:25","Swabhimaan","Swabhimaan — Swabhimaan | Episode 757 | Classic Indian TV Serial | Rohit Roy, Ashutosh Rana, Manoj Bajpayee","https://www.youtube.com/watch?v=8zYwt2cCxlE","1183","https://www.youtube.com/playlist?list=PLZeNWB9l7494","Classic Indian TV Serials"
"33","786:27:08","Circus","Circus — Shahrukh Khan starrer Circus - Ep #19","https://www.youtube.com/watch?v=y3tdQrxl_zc","1496","https://www.youtube.com/playlist?list=PLUiMfS6qzIMzAqteEcp055VDYpgZDbeyT","Doordarshan National"
"33","786:52:04","Alif Laila","Alif Laila — हमजाद ने कैसे मचाई तबाही सिंदबाद के जहाज पर Episode 97 | Alif Laila | Sagar Pictures","https://www.youtube.com/watch?v=X6HH2eQCJts","1190","https://www.youtube.com/playlist?list=PLqmdsOwstpJfOtjWGMFTGMruqQV7C5XoL","Sagar Pictures"
"33","787:11:54","Swabhimaan","Swabhimaan — Swabhimaan | Episode 758 | Classic Indian TV Serial | Rohit Roy, Ashutosh Rana, Manoj Bajpayee","https://www.youtube.com/watch?v=2wbuXchjo9Q","1194","https://www.youtube.com/playlist?list=PLZeNWB9l7494","Classic Indian TV Serials"
"33","787:31:48","Chandrakanta","Chandrakanta — Chandrakanta 1994 Episode 125 HD Lone Warrior","https://www.youtube.com/watch?v=YDElZuP2a1Y","980","https://www.youtube.com/playlist?list=PLKfQh0u-9j2YaM54LNfASdQYllxsoU05a","lone warrior"
"33","787:48:08","Vintage ads","Vintage ads — Old Archies Greeting Card Ad","https://www.youtube.com/watch?v=G6S42axNNC4","60","https://www.youtube.com/playlist?list=PLhgnBue3FjS1UaszaMj5FPFLsG7rvL0Bn","All About 90's Life"
"33","787:49:08","Swabhimaan","Swabhimaan — Swabhimaan | Episode 759 | Classic Indian TV Serial | Rohit Roy, Ashutosh Rana, Manoj Bajpayee","https://www.youtube.com/watch?v=y8cM8twRW9M","1166","https://www.youtube.com/playlist?list=PLZeNWB9l7494","Classic Indian TV Serials"
"33","788:08:34","The Sword of Tipu Sultan","The Sword of Tipu Sultan — Tipu Sultan | Full Episode 51 | Sanjay Khan, Dipika Chikhlia, Swapnil Joshi | Dangal TV Gathaa","https://www.youtube.com/watch?v=aPlsixQHruQ","3469","https://www.youtube.com/playlist?list=PLL8R100698ndzARBsLB6Z8jYs_52cDJJ7","Dangal TV Replay"
"33","789:06:23","Shri Krishna","Shri Krishna — Sri Krishna EP 210 - बाणासुर की कथा | HQ WIDE SCREEN | English Subtitles","https://www.youtube.com/watch?v=KQ41U5zDqhw","2612","https://www.youtube.com/playlist?list=PLFPJRCFRDARR9IkjkVi6O9ue5DjKiKtkI","Tilak"
"33","789:49:55","Chanakya","Chanakya — चाणक्य Official | Episode 46 - Part -1 | Directed & Acted by Dr. Chandraprakash Dwivedi","https://www.youtube.com/watch?v=EvTj2bLbIDg","1557","https://www.youtube.com/playlist?list=PLY-qGtGftCjm1_tDxT2TsDAXXC2p-iutt","Chanakya_theofficial"
"33","790:15:52","Chanakya","Chanakya — चाणक्य Official | Episode 46 - Part -2 | Directed & Acted by Dr. Chandraprakash Dwivedi","https://www.youtube.com/watch?v=MEhngsRAAHg","1503","https://www.youtube.com/playlist?list=PLY-qGtGftCjm1_tDxT2TsDAXXC2p-iutt","Chanakya_theofficial"
"33","790:40:55","Swabhimaan","Swabhimaan — Swabhimaan | Episode 760 | Classic Indian TV Serial | Rohit Roy, Ashutosh Rana, Manoj Bajpayee","https://www.youtube.com/watch?v=Bxu7AzRnq8M","1177","https://www.youtube.com/playlist?list=PLZeNWB9l7494","Classic Indian TV Serials"
"33","791:00:32","Swabhimaan","Swabhimaan — Swabhimaan | Episode 761 | Classic Indian TV Serial | Rohit Roy, Ashutosh Rana, Manoj Bajpayee","https://www.youtube.com/watch?v=YSlrzT3w3JY","1220","https://www.youtube.com/playlist?list=PLZeNWB9l7494","Classic Indian TV Serials"
"33","791:20:52","Dekh Bhai Dekh","Dekh Bhai Dekh — Dekh Bhai Dekh episode 53 part 1","https://www.youtube.com/watch?v=j2T2egqCOn8","406","https://www.youtube.com/playlist?list=UUYdB1nhxEAtjp-TLnv5utzg","LBEstudio"
"33","791:27:38","Dekh Bhai Dekh","Dekh Bhai Dekh — Dekh Bhai Dekh episode 53 part 2","https://www.youtube.com/watch?v=5gmQFn7CxDk","406","https://www.youtube.com/playlist?list=UUYdB1nhxEAtjp-TLnv5utzg","LBEstudio"
"33","791:34:24","Dekh Bhai Dekh","Dekh Bhai Dekh — Dekh Bhai Dekh episode 53 part 3","https://www.youtube.com/watch?v=YdOFW5Qy6lE","413","https://www.youtube.com/playlist?list=UUYdB1nhxEAtjp-TLnv5utzg","LBEstudio"
"33","791:41:17","The Great Maratha","The Great Maratha — The Great Maratha | Full Episode 49 | Irrfan Khan, Pankaj Dheer | Dangal TV Gathaa","https://www.youtube.com/watch?v=d31uxe__28k","2650","https://www.youtube.com/playlist?list=PLL8R100698nc9lYCs25j4FrcGDyqdtq_B","Dangal TV Replay"
"34","792:25:27","Hum Log","Hum Log — Hum Log | Episode 57 | India's First Hindi TV Serial | Ashok Kumar, Seema Bhargava, Vinod & Jayshri","https://www.youtube.com/watch?v=C1sQGOwdlOI","1239","https://www.youtube.com/playlist?list=PLaNSOkABhCUE","Goldmines Movies"
"34","792:46:06","Swabhimaan","Swabhimaan — Swabhimaan | Episode 762 | Classic Indian TV Serial | Rohit Roy, Ashutosh Rana, Manoj Bajpayee","https://www.youtube.com/watch?v=nC-O4AmF-FM","1117","https://www.youtube.com/playlist?list=PLZeNWB9l7494","Classic Indian TV Serials"
"34","793:04:43","Shri Krishna","Shri Krishna — Sri Krishna EP 211 - बाणासुर की पुत्री का स्वयंवर | HQ WIDE SCREEN | English Subtitles","https://www.youtube.com/watch?v=GjUwZ6XlwGU","2720","https://www.youtube.com/playlist?list=PLFPJRCFRDARR9IkjkVi6O9ue5DjKiKtkI","Tilak"
"34","793:50:03","Swabhimaan","Swabhimaan — Swabhimaan | Episode 764 | Classic Indian TV Serial | Rohit Roy, Ashutosh Rana, Manoj Bajpayee","https://www.youtube.com/watch?v=bhM0XQVO4Y4","911","https://www.youtube.com/playlist?list=PLZeNWB9l7494","Classic Indian TV Serials"
"34","794:05:14","Chandrakanta","Chandrakanta — Chandrakanta 1994 Episode 126 LONE WARRIOR","https://www.youtube.com/watch?v=7GtFNUAa9VQ","1127","https://www.youtube.com/playlist?list=PLKfQh0u-9j2YaM54LNfASdQYllxsoU05a","lone warrior"
"34","794:24:01","Swabhimaan","Swabhimaan — Swabhimaan | Episode 765 | Classic Indian TV Serial | Rohit Roy, Ashutosh Rana, Manoj Bajpayee","https://www.youtube.com/watch?v=zjV2djyC2lk","1153","https://www.youtube.com/playlist?list=PLZeNWB9l7494","Classic Indian TV Serials"
"34","794:43:14","Vintage ads","Vintage ads — Old Archies Greeting Card Ad - Happy Diwali","https://www.youtube.com/watch?v=nEKP6E3HRKc","15","https://www.youtube.com/playlist?list=PLhgnBue3FjS1UaszaMj5FPFLsG7rvL0Bn","All About 90's Life"
"34","794:43:29","Nukkad","Nukkad — Nukkad   Episode #23   Hair Wig   Best TV Show","https://www.youtube.com/watch?v=vo_wDHw0QnY","1351","https://www.youtube.com/playlist?list=PLDXzvDkBVqqSGYLZPlZQfl_Vn-JmuiTDN","movie clips"
"34","795:06:00","Bharat Ek Khoj","Bharat Ek Khoj — Bharat Ek Khoj | Episode-52 | Do or Die","https://www.youtube.com/watch?v=53x423802IE","3234","https://www.youtube.com/playlist?list=PLqtVCj5iilH4w0Y8KBB4fqBu25T0sGhXG","Prasar Bharati Archives"
"34","795:59:54","Swabhimaan","Swabhimaan — Swabhimaan | Episode 766 | Classic Indian TV Serial | Rohit Roy, Ashutosh Rana, Manoj Bajpayee","https://www.youtube.com/watch?v=Ngn24Oo25ro","1195","https://www.youtube.com/playlist?list=PLZeNWB9l7494","Classic Indian TV Serials"
"34","796:19:49","Vintage ads","Vintage ads — Old Archies Greeting Card Ad - Happy Birthday","https://www.youtube.com/watch?v=F5XHndSKxPU","20","https://www.youtube.com/playlist?list=PLhgnBue3FjS1UaszaMj5FPFLsG7rvL0Bn","All About 90's Life"
"34","796:20:09","Swabhimaan","Swabhimaan — Swabhimaan | Episode 767 | Classic Indian TV Serial | Rohit Roy, Ashutosh Rana, Manoj Bajpayee","https://www.youtube.com/watch?v=_OLseuUOW0k","1171","https://www.youtube.com/playlist?list=PLZeNWB9l7494","Classic Indian TV Serials"
"34","796:39:40","Alif Laila","Alif Laila — धोखे से कैसे फसाया हमज़ाद ने सिंदबाद को कहरमान की साजिस में Episode 98 |Alif Laila | Sagar Pictures","https://www.youtube.com/watch?v=mdRgnkJ0Pn8","1200","https://www.youtube.com/playlist?list=PLqmdsOwstpJfOtjWGMFTGMruqQV7C5XoL","Sagar Pictures"
"34","796:59:40","Shri Krishna","Shri Krishna — Sri Krishna EP 212 - बाणासुर की पुत्री उषा और अनिरुध के मिलन का प्रारंभ | HQ WIDE SCREEN","https://www.youtube.com/watch?v=hBv3nhtw41I","2741","https://www.youtube.com/playlist?list=PLFPJRCFRDARR9IkjkVi6O9ue5DjKiKtkI","Tilak"
"34","797:45:21","Swabhimaan","Swabhimaan — Swabhimaan | Episode 768 | Classic Indian TV Serial | Rohit Roy, Ashutosh Rana, Manoj Bajpayee","https://www.youtube.com/watch?v=bBheXnuCcLg","1100","https://www.youtube.com/playlist?list=PLZeNWB9l7494","Classic Indian TV Serials"
"34","798:03:41","Vintage ads","Vintage ads — Old Archies Greeting Card Ad - Anniversary","https://www.youtube.com/watch?v=HISmnXd54-Y","21","https://www.youtube.com/playlist?list=PLhgnBue3FjS1UaszaMj5FPFLsG7rvL0Bn","All About 90's Life"
"34","798:04:02","Surabhi","Surabhi — Surabhi - Episode 326 - Renuka Shahane and Siddharth Kak","https://www.youtube.com/watch?v=yG30aHS7fZw","1679","https://www.youtube.com/playlist?list=UUZsUMUcdvXdW3GJp4wpchHA","ViralVideosToday4U"
"34","798:32:01","Swabhimaan","Swabhimaan — Swabhimaan | Episode 769 | Classic Indian TV Serial | Rohit Roy, Ashutosh Rana, Manoj Bajpayee","https://www.youtube.com/watch?v=LPbD-cpH6xs","1179","https://www.youtube.com/playlist?list=PLZeNWB9l7494","Classic Indian TV Serials"
"34","798:51:40","Swabhimaan","Swabhimaan — Swabhimaan | Episode 770 | Classic Indian TV Serial | Rohit Roy, Ashutosh Rana, Manoj Bajpayee","https://www.youtube.com/watch?v=Z79jrYob0M0","1078","https://www.youtube.com/playlist?list=PLZeNWB9l7494","Classic Indian TV Serials"
"34","799:09:38","Udaan","Udaan — udaan DD national old tv serial episode 27 doordarshan उड़ान दूरदर्शन सीरियल","https://www.youtube.com/watch?v=e7sekKsbU4o","1269","https://www.youtube.com/playlist?list=PLFSBneXK-Uv8l6Fs99d5HyhaMlW8q8tWk","Doordarshan Serial"
"34","799:30:47","Vikram Aur Betaal","Vikram Aur Betaal — रामानंद सागर कृत विक्रम और बेताल भाग 26 - नागिन का बदला","https://www.youtube.com/watch?v=Y9QmvNNr98A","1389","https://www.youtube.com/playlist?list=PL-eaGjSO6F70C3-LkA3kEqAIHkdDLhI6Q","Tilak Kathayein"
"34","799:53:56","Vintage ads","Vintage ads — Old Cadbury Dairy Milk Bull Ad","https://www.youtube.com/watch?v=vHHMYz967t4","43","https://www.youtube.com/playlist?list=PLhgnBue3FjS1UaszaMj5FPFLsG7rvL0Bn","All About 90's Life"
"34","799:54:39","Chandrakanta","Chandrakanta — Chandrakanta 1994 Episode 127LONE WARRIOR","https://www.youtube.com/watch?v=XEF2FaBzTN0","1127","https://www.youtube.com/playlist?list=PLKfQh0u-9j2YaM54LNfASdQYllxsoU05a","lone warrior"
"34","800:13:26","Swabhimaan","Swabhimaan — Swabhimaan | Episode 771 | Classic Indian TV Serial | Rohit Roy, Ashutosh Rana, Manoj Bajpayee","https://www.youtube.com/watch?v=Ztv5SHA4Fpo","1077","https://www.youtube.com/playlist?list=PLZeNWB9l7494","Classic Indian TV Serials"
"34","800:31:23","Shri Krishna","Shri Krishna — Sri Krishna EP 213 - अनिरुध चल अपनी प्रेमिका उषा को खोजने | HQ WIDE SCREEN | English Subtitles","https://www.youtube.com/watch?v=0QKi1kzlo6g","2720","https://www.youtube.com/playlist?list=PLFPJRCFRDARR9IkjkVi6O9ue5DjKiKtkI","Tilak"
"34","801:16:43","Tehkikaat","Tehkikaat — Tehkikaat तहकीकात | Jealousi Turns Blood - Crime Serial | Ranjeet, Saurabh Shukla, Vijay A. | EP 48","https://www.youtube.com/watch?v=rmi0YMdM9N8","1141","https://www.youtube.com/playlist?list=PLImQCagB5etA0FMEJ7yrWIUBCzxgOBikn","Raj Rishi Serials"
"34","801:35:44","Swabhimaan","Swabhimaan — Swabhimaan | Episode 772 | Classic Indian TV Serial | Rohit Roy, Ashutosh Rana, Manoj Bajpayee","https://www.youtube.com/watch?v=gyZKAwdLYYo","1177","https://www.youtube.com/playlist?list=PLZeNWB9l7494","Classic Indian TV Serials"
"34","801:55:21","Swabhimaan","Swabhimaan — Swabhimaan | Episode 773 | Classic Indian TV Serial | Rohit Roy, Ashutosh Rana, Manoj Bajpayee","https://www.youtube.com/watch?v=YJiwFebb2vM","1206","https://www.youtube.com/playlist?list=PLZeNWB9l7494","Classic Indian TV Serials"
"34","802:15:27","Swabhimaan","Swabhimaan — Swabhimaan | Episode 774 | Classic Indian TV Serial | Rohit Roy, Ashutosh Rana, Manoj Bajpayee","https://www.youtube.com/watch?v=zYHzGhGrSog","1170","https://www.youtube.com/playlist?list=PLZeNWB9l7494","Classic Indian TV Serials"
"34","802:34:57","Vintage ads","Vintage ads — Old Cadbury Dairy Milk Mehandi ad","https://www.youtube.com/watch?v=uf0Ktuv3Rzw","41","https://www.youtube.com/playlist?list=PLhgnBue3FjS1UaszaMj5FPFLsG7rvL0Bn","All About 90's Life"
"34","802:35:38","Shri Krishna","Shri Krishna — Sri Krishna EP 214 - बलराम का बाणासुर को अनिरुध और उषा के विवाह का प्रस्ताव | HQ WIDE SCREEN","https://www.youtube.com/watch?v=c-AvUkr1NK8","2691","https://www.youtube.com/playlist?list=PLFPJRCFRDARR9IkjkVi6O9ue5DjKiKtkI","Tilak"
"34","803:20:29","Swabhimaan","Swabhimaan — Swabhimaan | Episode 775 | Classic Indian TV Serial | Rohit Roy, Ashutosh Rana, Manoj Bajpayee","https://www.youtube.com/watch?v=TRCbkOT0CiU","1126","https://www.youtube.com/playlist?list=PLZeNWB9l7494","Classic Indian TV Serials"
"34","803:39:15","Alif Laila","Alif Laila — मलिका ताहूती के काले जजीरे तक कैसे पहुंचेगा सिंदबाद Episode 99 | Alif Laila | Sagar Pictures","https://www.youtube.com/watch?v=N5cJYqSKdRk","1179","https://www.youtube.com/playlist?list=PLqmdsOwstpJfOtjWGMFTGMruqQV7C5XoL","Sagar Pictures"
"34","803:58:54","Dekh Bhai Dekh","Dekh Bhai Dekh — Dekh Bhai Dekh episode 54 part 1","https://www.youtube.com/watch?v=CT2ASov58Sk","406","https://www.youtube.com/playlist?list=UUYdB1nhxEAtjp-TLnv5utzg","LBEstudio"
"34","804:05:40","Dekh Bhai Dekh","Dekh Bhai Dekh — Dekh Bhai Dekh episode 54 part 2","https://www.youtube.com/watch?v=WBktFEPaL74","406","https://www.youtube.com/playlist?list=UUYdB1nhxEAtjp-TLnv5utzg","LBEstudio"
"34","804:12:26","Dekh Bhai Dekh","Dekh Bhai Dekh — Dekh Bhai Dekh episode 54 part 3","https://www.youtube.com/watch?v=QqHuPx4CKj0","349","https://www.youtube.com/playlist?list=UUYdB1nhxEAtjp-TLnv5utzg","LBEstudio"
"34","804:18:15","Hum Log","Hum Log — Hum Log | Episode 58 | India's First Hindi TV Serial | Ashok Kumar, Seema Bhargava, Vinod & Jayshri","https://www.youtube.com/watch?v=hS-KCOrWh1I","1315","https://www.youtube.com/playlist?list=PLaNSOkABhCUE","Goldmines Movies"
"34","804:40:10","Swabhimaan","Swabhimaan — Swabhimaan | Episode 776 | Classic Indian TV Serial | Rohit Roy, Ashutosh Rana, Manoj Bajpayee","https://www.youtube.com/watch?v=hY4gPj-5aac","1204","https://www.youtube.com/playlist?list=PLZeNWB9l7494","Classic Indian TV Serials"
"34","805:00:14","Chandrakanta","Chandrakanta — Chandrakanta 1994 Episode 128LONE WARRIOR","https://www.youtube.com/watch?v=vxWy_wKFqok","1102","https://www.youtube.com/playlist?list=PLKfQh0u-9j2YaM54LNfASdQYllxsoU05a","lone warrior"
"34","805:18:36","Swabhimaan","Swabhimaan — Swabhimaan | Episode 777 | Classic Indian TV Serial | Rohit Roy, Ashutosh Rana, Manoj Bajpayee","https://www.youtube.com/watch?v=9JRH64kPJkM","1158","https://www.youtube.com/playlist?list=PLZeNWB9l7494","Classic Indian TV Serials"
"34","805:37:54","Byomkesh Bakshi","Byomkesh Bakshi — Byomkesh Bakshi: Ep#32 - Lohe Ka Biscuit","https://www.youtube.com/watch?v=nYYOc6pkxls","2370","https://www.youtube.com/playlist?list=PLUiMfS6qzIMxiHu2N2Px1ISp5vxCm3PMo","Doordarshan National"
"34","806:17:24","Swabhimaan","Swabhimaan — Swabhimaan | Episode 778 | Classic Indian TV Serial | Rohit Roy, Ashutosh Rana, Manoj Bajpayee","https://www.youtube.com/watch?v=Bo592dXQtzI","1113","https://www.youtube.com/playlist?list=PLZeNWB9l7494","Classic Indian TV Serials"
"34","806:35:57","Vintage ads","Vintage ads — Cadbury Dairy Milk Old Indian Doordarshan Ad Full Version","https://www.youtube.com/watch?v=s3V5zMu0Dac","63","https://www.youtube.com/playlist?list=PLhgnBue3FjS1UaszaMj5FPFLsG7rvL0Bn","All About 90's Life"
"34","806:37:00","Shri Krishna","Shri Krishna — Sri Krishna EP 215 - चित्रलेखा के श्राप की कथा | HQ WIDE SCREEN | English Subtitles","https://www.youtube.com/watch?v=BmAyJPGtksc","2885","https://www.youtube.com/playlist?list=PLFPJRCFRDARR9IkjkVi6O9ue5DjKiKtkI","Tilak"
"34","807:25:05","Chanakya","Chanakya — चाणक्य Official | Episode 47 - Part -1 | Directed & Acted by Dr. Chandraprakash Dwivedi","https://www.youtube.com/watch?v=ltPirMYVETk","1857","https://www.youtube.com/playlist?list=PLY-qGtGftCjm1_tDxT2TsDAXXC2p-iutt","Chanakya_theofficial"
"34","807:56:02","Chanakya","Chanakya — चाणक्य Official | Episode 47 - Part -2 | Directed & Acted by Dr. Chandraprakash Dwivedi","https://www.youtube.com/watch?v=yqR8lJbay40","1955","https://www.youtube.com/playlist?list=PLY-qGtGftCjm1_tDxT2TsDAXXC2p-iutt","Chanakya_theofficial"
"34","808:28:37","Swabhimaan","Swabhimaan — Swabhimaan | Episode 779 | Classic Indian TV Serial | Rohit Roy, Ashutosh Rana, Manoj Bajpayee","https://www.youtube.com/watch?v=Wax-68QHzk0","1151","https://www.youtube.com/playlist?list=PLZeNWB9l7494","Classic Indian TV Serials"
"34","808:47:48","Swabhimaan","Swabhimaan — Swabhimaan | Episode 780 | Classic Indian TV Serial | Rohit Roy, Ashutosh Rana, Manoj Bajpayee","https://www.youtube.com/watch?v=i5IAElrx5Xo","1165","https://www.youtube.com/playlist?list=PLZeNWB9l7494","Classic Indian TV Serials"
"34","809:07:13","Swabhimaan","Swabhimaan — Swabhimaan | Episode 781 | Classic Indian TV Serial | Rohit Roy, Ashutosh Rana, Manoj Bajpayee","https://www.youtube.com/watch?v=nkvr-WhagNg","1210","https://www.youtube.com/playlist?list=PLZeNWB9l7494","Classic Indian TV Serials"
"34","809:27:23","The Sword of Tipu Sultan","The Sword of Tipu Sultan — Tipu Sultan | Full Episode 52 | Sanjay Khan, Dipika Chikhlia, Swapnil Joshi | Dangal TV Gathaa","https://www.youtube.com/watch?v=vfRMgBPQf4o","3211","https://www.youtube.com/playlist?list=PLL8R100698ndzARBsLB6Z8jYs_52cDJJ7","Dangal TV Replay"
"34","810:20:54","Swabhimaan","Swabhimaan — Swabhimaan | Episode 782 | Classic Indian TV Serial | Rohit Roy, Ashutosh Rana, Manoj Bajpayee","https://www.youtube.com/watch?v=_4edXCLWYCI","1210","https://www.youtube.com/playlist?list=PLZeNWB9l7494","Classic Indian TV Serials"
"34","810:41:04","Bharat Ek Khoj","Bharat Ek Khoj — Bharat Ek Khoj | Episode-53 | Epilogue","https://www.youtube.com/watch?v=QbrEhKuqo7E","3779","https://www.youtube.com/playlist?list=PLqtVCj5iilH4w0Y8KBB4fqBu25T0sGhXG","Prasar Bharati Archives"
"34","811:44:03","Shri Krishna","Shri Krishna — Sri Krishna EP 216 - चित्रलेखा ने किया अनिरुध का हरण | HQ WIDE SCREEN | English Subtitles","https://www.youtube.com/watch?v=WQE4BmKKBz8","2799","https://www.youtube.com/playlist?list=PLFPJRCFRDARR9IkjkVi6O9ue5DjKiKtkI","Tilak"
"34","812:30:42","The Great Maratha","The Great Maratha — The Great Maratha | Full Episode 50 | Irrfan Khan, Pankaj Dheer | Dangal TV Gathaa","https://www.youtube.com/watch?v=0_vb-w929gc","2565","https://www.youtube.com/playlist?list=PLL8R100698nc9lYCs25j4FrcGDyqdtq_B","Dangal TV Replay"
"34","813:13:27","Chandrakanta","Chandrakanta — Chandrakanta 1994 Episode 129 LONE WARRIOR","https://www.youtube.com/watch?v=518OyZu2-kg","1158","https://www.youtube.com/playlist?list=PLKfQh0u-9j2YaM54LNfASdQYllxsoU05a","lone warrior"
"34","813:32:45","Swabhimaan","Swabhimaan — Swabhimaan | Episode 783 | Classic Indian TV Serial | Rohit Roy, Ashutosh Rana, Manoj Bajpayee","https://www.youtube.com/watch?v=7EDquyXYSo4","1192","https://www.youtube.com/playlist?list=PLZeNWB9l7494","Classic Indian TV Serials"
"34","813:52:37","Alif Laila","Alif Laila — बर्गमायी नागिन से सिंदबाद ने काले जजीरे का नक्शा कैसे लिया | Alif Laila Episode 100 | #SagarPictures","https://www.youtube.com/watch?v=e5dJgRi-7ps","1284","https://www.youtube.com/playlist?list=PLqmdsOwstpJfOtjWGMFTGMruqQV7C5XoL","Sagar Pictures"
"34","814:14:01","Swabhimaan","Swabhimaan — Swabhimaan | Episode 784 | Classic Indian TV Serial | Rohit Roy, Ashutosh Rana, Manoj Bajpayee","https://www.youtube.com/watch?v=LHa2nK7kI_A","1141","https://www.youtube.com/playlist?list=PLZeNWB9l7494","Classic Indian TV Serials"
"34","814:33:02","Vintage ads","Vintage ads — Cadbury Dairy Milk Old Indian Doordarshan Ad - Free Bird","https://www.youtube.com/watch?v=zidhmKleHGE","60","https://www.youtube.com/playlist?list=PLhgnBue3FjS1UaszaMj5FPFLsG7rvL0Bn","All About 90's Life"
"34","814:34:02","Surabhi","Surabhi — Surabhi - Episode 329 - Renuka Shahane and Siddharth Kak","https://www.youtube.com/watch?v=TKDD1Lxv-Nw","1768","https://www.youtube.com/playlist?list=UUZsUMUcdvXdW3GJp4wpchHA","ViralVideosToday4U"
"34","815:03:30","Swabhimaan","Swabhimaan — Swabhimaan | Episode 785 | Classic Indian TV Serial | Rohit Roy, Ashutosh Rana, Manoj Bajpayee","https://www.youtube.com/watch?v=hKzFjofg7fE","1137","https://www.youtube.com/playlist?list=PLZeNWB9l7494","Classic Indian TV Serials"
"34","815:22:27","Swabhimaan","Swabhimaan — Swabhimaan | Episode 786 | Classic Indian TV Serial | Rohit Roy, Ashutosh Rana, Manoj Bajpayee","https://www.youtube.com/watch?v=3nGRZedbu3w","1252","https://www.youtube.com/playlist?list=PLZeNWB9l7494","Classic Indian TV Serials"
"34","815:43:19","Tehkikaat","Tehkikaat — Tehkikaat तहकीकात | Jealousi Turns Blood - Crime Serial | Ranjeet, Saurabh Shukla, Vijay A. | EP 52","https://www.youtube.com/watch?v=dmMXzpX-3Lc","1192","https://www.youtube.com/playlist?list=PLImQCagB5etA0FMEJ7yrWIUBCzxgOBikn","Raj Rishi Serials"
"35","816:03:11","Shri Krishna","Shri Krishna — Sri Krishna EP 218 - चित्रलेखा की उषा के साथ मित्रता और अनिरुध को छुपाना | HQ WIDE SCREEN","https://www.youtube.com/watch?v=2bkhMC94o1c","2772","https://www.youtube.com/playlist?list=PLFPJRCFRDARR9IkjkVi6O9ue5DjKiKtkI","Tilak"
"35","816:49:23","Swabhimaan","Swabhimaan — Swabhimaan | Episode 787 | Classic Indian TV Serial | Rohit Roy, Ashutosh Rana, Manoj Bajpayee","https://www.youtube.com/watch?v=pz7xtPQDTzU","1212","https://www.youtube.com/playlist?list=PLZeNWB9l7494","Classic Indian TV Serials"
"35","817:09:35","Swabhimaan","Swabhimaan — Swabhimaan | Episode 788 | Classic Indian TV Serial | Rohit Roy, Ashutosh Rana, Manoj Bajpayee","https://www.youtube.com/watch?v=Mud3lvIOdp4","1116","https://www.youtube.com/playlist?list=PLZeNWB9l7494","Classic Indian TV Serials"
"35","817:28:11","Dekh Bhai Dekh","Dekh Bhai Dekh — Dekh Bhai Dekh episode 55 part 1","https://www.youtube.com/watch?v=kGFjXJpTH6o","406","https://www.youtube.com/playlist?list=UUYdB1nhxEAtjp-TLnv5utzg","LBEstudio"
"35","817:34:57","Dekh Bhai Dekh","Dekh Bhai Dekh — Dekh Bhai Dekh episode 55 part 2","https://www.youtube.com/watch?v=EM_lWqgdyWA","406","https://www.youtube.com/playlist?list=UUYdB1nhxEAtjp-TLnv5utzg","LBEstudio"
"35","817:41:43","Dekh Bhai Dekh","Dekh Bhai Dekh — Dekh Bhai Dekh episode 55 part 3","https://www.youtube.com/watch?v=EmZKPPq1H8c","389","https://www.youtube.com/playlist?list=UUYdB1nhxEAtjp-TLnv5utzg","LBEstudio"
"35","817:48:12","Chandrakanta","Chandrakanta — Chandrakanta 1994 Episode 130 LONE WARRIOR","https://www.youtube.com/watch?v=1cDkYnorTKw","1158","https://www.youtube.com/playlist?list=PLKfQh0u-9j2YaM54LNfASdQYllxsoU05a","lone warrior"
"35","818:07:30","Swabhimaan","Swabhimaan — Swabhimaan | Episode 789 | Classic Indian TV Serial | Rohit Roy, Ashutosh Rana, Manoj Bajpayee","https://www.youtube.com/watch?v=wTJMKj2PGb4","1167","https://www.youtube.com/playlist?list=PLZeNWB9l7494","Classic Indian TV Serials"
"35","818:26:57","Hum Log","Hum Log — Hum Log | Episode 59 | India's First Hindi TV Serial | Ashok Kumar, Seema Bhargava, Vinod & Jayshri","https://www.youtube.com/watch?v=J8_20e3PNGM","1171","https://www.youtube.com/playlist?list=PLaNSOkABhCUE","Goldmines Movies"
"35","818:46:28","Shri Krishna","Shri Krishna — Sri Krishna EP 219 - रूप बदल कर अनिरुध उषा के साथ पहुँचा शिव मंदिर  | HQ WIDE SCREEN","https://www.youtube.com/watch?v=3aveUQj9030","2896","https://www.youtube.com/playlist?list=PLFPJRCFRDARR9IkjkVi6O9ue5DjKiKtkI","Tilak"
"35","819:34:44","Vintage ads","Vintage ads — Percy Candy Old Indian Doordarshan Ad","https://www.youtube.com/watch?v=aD9MVAKyP2I","15","https://www.youtube.com/playlist?list=PLhgnBue3FjS1UaszaMj5FPFLsG7rvL0Bn","All About 90's Life"
"35","819:34:59","Swabhimaan","Swabhimaan — Swabhimaan | Episode 790 | Classic Indian TV Serial | Rohit Roy, Ashutosh Rana, Manoj Bajpayee","https://www.youtube.com/watch?v=KWtLcj2-vhg","1200","https://www.youtube.com/playlist?list=PLZeNWB9l7494","Classic Indian TV Serials"
"35","819:54:59","Swabhimaan","Swabhimaan — Swabhimaan | Episode 791 | Classic Indian TV Serial | Rohit Roy, Ashutosh Rana, Manoj Bajpayee","https://www.youtube.com/watch?v=TwmXwCQYlqo","1145","https://www.youtube.com/playlist?list=PLZeNWB9l7494","Classic Indian TV Serials"
"35","820:14:04","Vintage ads","Vintage ads — Old Vadilal Ice cream – Deepak Tijor, Prahlad Kakkar, Rahul Bose Doordarshan Ad","https://www.youtube.com/watch?v=GJCTPtTHowU","44","https://www.youtube.com/playlist?list=PLhgnBue3FjS1UaszaMj5FPFLsG7rvL0Bn","All About 90's Life"
"35","820:14:48","Swabhimaan","Swabhimaan — Swabhimaan | Episode 792 | Classic Indian TV Serial | Rohit Roy, Ashutosh Rana, Manoj Bajpayee","https://www.youtube.com/watch?v=apMgz4sWB9Y","1210","https://www.youtube.com/playlist?list=PLZeNWB9l7494","Classic Indian TV Serials"
"35","820:34:58","Alif Laila","Alif Laila — मलिका ताहूती के जिन्नात ने कैसे रोका सिंदबाद का रास्ता Episode 101 | Alif Laila | #SagarPictures","https://www.youtube.com/watch?v=A1K-XYKSxiQ","1182","https://www.youtube.com/playlist?list=PLqmdsOwstpJfOtjWGMFTGMruqQV7C5XoL","Sagar Pictures"
"35","820:54:40","Swabhimaan","Swabhimaan — Swabhimaan | Episode 793 | Classic Indian TV Serial | Rohit Roy, Ashutosh Rana, Manoj Bajpayee","https://www.youtube.com/watch?v=XS8QsqW9hCQ","1185","https://www.youtube.com/playlist?list=PLZeNWB9l7494","Classic Indian TV Serials"
"35","821:14:25","Shri Krishna","Shri Krishna — Sri Krishna EP 220 - अनिरुध को बाणासुर ने बनाया बंदी | HQ WIDE SCREEN | English Subtitles","https://www.youtube.com/watch?v=yGVq5-UiYXg","2744","https://www.youtube.com/playlist?list=PLFPJRCFRDARR9IkjkVi6O9ue5DjKiKtkI","Tilak"
"35","822:00:09","Swabhimaan","Swabhimaan — Swabhimaan | Episode 794 | Classic Indian TV Serial | Rohit Roy, Ashutosh Rana, Manoj Bajpayee","https://www.youtube.com/watch?v=2IClE4y7TVo","1148","https://www.youtube.com/playlist?list=PLZeNWB9l7494","Classic Indian TV Serials"
"35","822:19:17","Chandrakanta","Chandrakanta — Chandrakanta 1994 Episode 131 LONE WARRIOR","https://www.youtube.com/watch?v=nouHmIyovlY","1158","https://www.youtube.com/playlist?list=PLKfQh0u-9j2YaM54LNfASdQYllxsoU05a","lone warrior"
"35","822:38:35","Swabhimaan","Swabhimaan — Swabhimaan | Episode 795 | Classic Indian TV Serial | Rohit Roy, Ashutosh Rana, Manoj Bajpayee","https://www.youtube.com/watch?v=gXyLWWF5LlM","1113","https://www.youtube.com/playlist?list=PLZeNWB9l7494","Classic Indian TV Serials"
"35","822:57:08","Vintage ads","Vintage ads — Old Vadilal Ice cream – hair cut Doordarshan Ad","https://www.youtube.com/watch?v=Sjj0cgc337w","32","https://www.youtube.com/playlist?list=PLhgnBue3FjS1UaszaMj5FPFLsG7rvL0Bn","All About 90's Life"
"35","822:57:40","Swabhimaan","Swabhimaan — Swabhimaan | Episode 796 | Classic Indian TV Serial | Rohit Roy, Ashutosh Rana, Manoj Bajpayee","https://www.youtube.com/watch?v=I6-CLiUskrk","1140","https://www.youtube.com/playlist?list=PLZeNWB9l7494","Classic Indian TV Serials"
"35","823:16:40","Swabhimaan","Swabhimaan — Swabhimaan | Episode 797 | Classic Indian TV Serial | Rohit Roy, Ashutosh Rana, Manoj Bajpayee","https://www.youtube.com/watch?v=9HWoWY_z0qk","1276","https://www.youtube.com/playlist?list=PLZeNWB9l7494","Classic Indian TV Serials"
"35","823:37:56","Shri Krishna","Shri Krishna — Sri Krishna EP 221 - बाणासुर का श्री कृष्ण ने तोड़ा अहंकार | HQ WIDE SCREEN | English Subtitles","https://www.youtube.com/watch?v=Wmo6WW9IF5Y","3022","https://www.youtube.com/playlist?list=PLFPJRCFRDARR9IkjkVi6O9ue5DjKiKtkI","Tilak"
"35","824:28:18","Swabhimaan","Swabhimaan — Swabhimaan | Episode 798 | Classic Indian TV Serial | Rohit Roy, Ashutosh Rana, Manoj Bajpayee","https://www.youtube.com/watch?v=jO0pY9-DA20","1135","https://www.youtube.com/playlist?list=PLZeNWB9l7494","Classic Indian TV Serials"
"35","824:47:13","Vintage ads","Vintage ads — Old Vadilal Ice cream – Ronit Roy Breakp up Doordarshan Ad","https://www.youtube.com/watch?v=e5Yyj6B0VJo","32","https://www.youtube.com/playlist?list=PLhgnBue3FjS1UaszaMj5FPFLsG7rvL0Bn","All About 90's Life"
"35","824:47:45","Swabhimaan","Swabhimaan — Swabhimaan | Episode 799 | Classic Indian TV Serial | Rohit Roy, Ashutosh Rana, Manoj Bajpayee","https://www.youtube.com/watch?v=J6T4BRbbRfE","1237","https://www.youtube.com/playlist?list=PLZeNWB9l7494","Classic Indian TV Serials"
"35","825:08:22","Swabhimaan","Swabhimaan — Swabhimaan | Episode 800 | Classic Indian TV Serial | Rohit Roy, Ashutosh Rana, Manoj Bajpayee","https://www.youtube.com/watch?v=jUSjVOi91aY","1261","https://www.youtube.com/playlist?list=PLZeNWB9l7494","Classic Indian TV Serials"
